-- phpMyAdmin SQL Dump
-- version 5.0.3
-- https://www.phpmyadmin.net/
--
-- Host: 127.0.0.1
-- Czas generowania: 01 Maj 2021, 11:29
-- Wersja serwera: 10.4.14-MariaDB
-- Wersja PHP: 7.4.11

SET SQL_MODE = "NO_AUTO_VALUE_ON_ZERO";
START TRANSACTION;
SET time_zone = "+00:00";


/*!40101 SET @OLD_CHARACTER_SET_CLIENT=@@CHARACTER_SET_CLIENT */;
/*!40101 SET @OLD_CHARACTER_SET_RESULTS=@@CHARACTER_SET_RESULTS */;
/*!40101 SET @OLD_COLLATION_CONNECTION=@@COLLATION_CONNECTION */;
/*!40101 SET NAMES utf8mb4 */;

--
-- Baza danych: `fortepian_konwer`
--

-- --------------------------------------------------------

--
-- Struktura tabeli dla tabeli `admin_users`
--

CREATE TABLE `admin_users` (
  `id` int(10) UNSIGNED NOT NULL,
  `user_name` varchar(50) NOT NULL,
  `user_password` varchar(255) NOT NULL
) ENGINE=InnoDB DEFAULT CHARSET=utf8mb4;

--
-- Zrzut danych tabeli `admin_users`
--

INSERT INTO `admin_users` (`id`, `user_name`, `user_password`) VALUES
(1, 'fortepian_konwer', 'zaq1xsw2');

-- --------------------------------------------------------

--
-- Struktura tabeli dla tabeli `category`
--

CREATE TABLE `category` (
  `id` int(10) UNSIGNED NOT NULL,
  `code` varchar(255) NOT NULL,
  `sort_index` int(11) NOT NULL,
  `common_desc_id` int(10) UNSIGNED DEFAULT NULL,
  `img` varchar(255) NOT NULL
) ENGINE=InnoDB DEFAULT CHARSET=utf8mb4;

--
-- Zrzut danych tabeli `category`
--

INSERT INTO `category` (`id`, `code`, `sort_index`, `common_desc_id`, `img`) VALUES
(1, 'dzieci', 0, 6, '/images/oferta-ikony/dzieci.jpg'),
(2, 'dorośli', 0, 6, '/images/oferta-ikony/dorosli.jpg'),
(3, 'seniorzy', 0, 6, '/images/oferta-ikony/senior.jpg'),
(8, '0-3', 0, 6, '/images/oferta-ikony/gordonki.jpg'),
(9, '3-5', 0, 6, '/images/oferta-ikony/logorytmika.jpg'),
(10, 'młodzież', 0, 6, '/images/oferta-ikony/mlodziez-duzy.jpg');

-- --------------------------------------------------------

--
-- Struktura tabeli dla tabeli `category_translation`
--

CREATE TABLE `category_translation` (
  `id` int(10) UNSIGNED NOT NULL,
  `languages_id` int(10) UNSIGNED NOT NULL DEFAULT 2,
  `category_id` int(10) UNSIGNED NOT NULL,
  `heading_3` varchar(255) NOT NULL,
  `paragraph` varchar(255) NOT NULL,
  `button` varchar(255) NOT NULL,
  `category` varchar(255) DEFAULT NULL,
  `long_desc` varchar(2000) DEFAULT NULL
) ENGINE=InnoDB DEFAULT CHARSET=utf8mb4;

--
-- Zrzut danych tabeli `category_translation`
--

INSERT INTO `category_translation` (`id`, `languages_id`, `category_id`, `heading_3`, `paragraph`, `button`, `category`, `long_desc`) VALUES
(1, 1, 1, 'Zapraszamy', 'indywidualne', 'Sprawdź', 'dla dzieci', '<p>Wierzymy, że aby edukacja była skuteczna, potrzebny jest dobry kontakt z nauczycielem. Bez ocen i egzaminów. Pakiet startowy to 4 lekcje, aby spróbować pracy z wybranym nauczycielem. Poznać jego metody pracy, dynamikę zajęć oraz zobaczyć czy to jest najlepszy nauczyciel dla dziecka. Potem jest możliwość spróbować pracy z drugim nauczycielem. Uważnie słuchamy dziecka, a dla rodziców jest to sprawdzenie czy dziecko chętnie uczestniczy w zajęciach, czy cieszy się na myśl o lekcjach, czy wolałoby mieć dłuższe lekcje.</p>\r\n<p>W naszej szkole rozpoznając naukę stacjonarnie na początku nie trzeba mieć własnego instrumentu. Podczas pierwszego spotkania doradzamy wybór instrumentu. Dzieci wędrują po szkole i próbują grać na różnych, sprawdzamy co je zachwyci i zainteresuje.</p>\r\n<p>Zajęcia online są dostępne z uwzględnieniem występujących różnic czasu. Zajęcia przeznaczone są zarówno dla dzieci początkujących, jak też dla już grających i zaawansowanych. Materiały do nauki – nuty przesyłamy mejlem. Zajęcia odbywają się online indywidualnie – na żywo w uzgodnionym terminie. Lekcje są dostępne w języku polskim i angielskim.</p>'),
(2, 1, 2, 'Zapraszamy', 'indywidualne', 'Sprawdź', 'dla dorosłych', '<p>Wierzymy, że aby edukacja była skuteczna, potrzebny jest dobry kontakt z nauczycielem. Bez ocen i egzaminów. Pakiet startowy to 4 lekcje, aby spróbować pracy z wybranym nauczycielem. Poznać jego metody pracy, dynamikę zajęć oraz zobaczyć czy to jest najlepszy nauczyciel dla Państwa. Potem jest możliwość spróbować pracy z drugim nauczycielem.</p>\r\n<p>Wiele osób marzyło o tym, aby grać, ale nie miało takiej możliwości. W dzisiejszym świecie cały czas się spieszymy. Gonią nas terminy, projekty i zadania do zrealizowania, kolejne sprawdziany, ważne egzaminy i cały czas nowe rzeczy do nauczenia się, zapamiętania. Stałe podnoszenie kwalifikacji to zadania i cele do osiągnięcia w wyznaczonym terminie. Powszechny jest brak czasu dla rodziny, przyjaciół i samego siebie.</p>\r\n<p>W pogoni za sukcesem, zapominamy o najważniejszym – o Sobie. Dzięki muzyce można oderwać się od codzienności i przenieść się w inny świat.</p>\r\n<p>W Konwersatorium mamy specjalne programy dla dorosłych, którzy chcą nauczyć się grać i śpiewać od podstaw, albo wrócić do instrumentu, na którym grali w dzieciństwie i mieli przerwę. Zajęcia prowadzone są w komfortowych warunkach. Nauczyciele z pasją i radością przekazują wiedze. Mamy dużo utworów do grania w duecie z nauczycielem, wiec nie są to żmudne ćwiczenia techniczne, lecz wspólne tworzenie muzyki. Bez ocen i egzaminów.</p>\r\n<p>Zajęcia online są dostępne z uwzględnieniem występujących różnic czasu. Zajęcia przeznaczone są zarówno dla osób dorosłych początkujących, jak też dla już grających i zaawansowanych. Materiały do nauki – nuty przesyłamy mejlem. Zajęcia odbywają się online indywidualnie – na żywo w uzgodnionym terminie. Lekcje są dostępne w języku polskim i angielskim.</p>'),
(3, 1, 3, 'Zapraszamy', 'indywidualne', 'Sprawdź', 'dla seniorów', '<p>Spełnij marzenie! Zawsze chciałeś grać? Nie było czasu? Zabrakło możliwości? Zapraszamy na nowy program nauki gry dedykowany dla osób 50+. Nasi słuchacze mają 60+, 70+ i nawet 80+ bo nigdy nie jest za późno aby rozpocząć przygodę z muzyką.</p>\r\n<p>Wierzymy, że aby edukacja była skuteczna, potrzebny jest dobry kontakt z nauczycielem. Bez ocen i egzaminów. Pakiet startowy to 4 lekcje, aby spróbować pracy z wybranym nauczycielem. Poznać jego metody pracy, dynamikę zajęć oraz zobaczyć czy to jest najlepszy nauczyciel dla Państwa. Potem jest możliwość spróbować pracy z drugim nauczycielem.</p>\r\n<p>Jak dowodzą najnowsze badania naukowe, granie na instrumencie rozwija mózg, zapobiega chorobie Alzhaimera i poprawia zdolność manualne.</p>\r\n<p>Lekcje prowadzone są w przyjaznej, rodzinnej atmosferze. Nauczyciele z pasją i radością przekazują wiedze. Bez ocen i egzaminów. Na zajęciach mamy dużo utworów do grania w duecie z nauczycielem, wiec nie są to żmudne ćwiczenia techniczne, lecz wspólne tworzenie muzyki. Lekcje są pełne radości i satysfakcji z rozwoju własnych umiejętności.</p>\r\n<p>Zajęcia online są dostępne z uwzględnieniem występujących różnic czasu. Zajęcia przeznaczone są zarówno dla osób dorosłych 50+ początkującyc,h jak też dla już grających i zaawansowanych. Materiały do nauki – nuty przesyłamy mejlem. Zajęcia odbywają się online indywidualnie – na żywo w uzgodnionym terminie. Lekcje są dostępne w języku polskim i angielskim.</p>'),
(4, 2, 1, 'Welcome', 'individual', 'Check', 'classes for children', '<p>We believe that an effective education is based on a good relationship with a teacher, without grades or exams. A starter package consists of 4 lessons as a trial to establish a working relationship with a selected teacher, to learn his teaching methods and class dynamics, and to see if it really is the best teacher for your child. Later, if it doesn’t work, you can check another teacher. We listen to children’s feedback carefully. It is also a chance for you to see if your child willingly attend classes, is happy about learning process or would prefer to have longer lessons.</p>\r\n<p>Afraid of commitments? Try a starter package - 4 lessons to check what\'s best for your child!</p>\r\n<p>Now special price - 100€ for 4 lessons</p>\r\n<p>In our school, while commencing a full-time education, you don’t need to have your own instrument. During the first meeting, we will advise you an appropriate instrument. In the meantime your children can wander around the school, try playing different instrument. This way we can check what delights and interests them.</p>\r\n<p>Online lessons are available in accordance with time zone differences. Lessons are intended for first-timers, beginners, and advanced players. Learning materials – everything you need you will receive by email. Online lessons are adjusted to individual needs of every student – live in an agreed time. Lessons are available in English.</p>'),
(5, 2, 2, 'Welcome', 'individual', 'Check', 'classes for adults', '<p>Many people dreamed about playing an instrument, but it was never possible. In today’s world we are always in a hurry. We are chased by deadlines, projects, tasks to be carried out, important exams and new things to learn and remember all the time. A constant improvement of qualifications requires achieving tasks and goals in a certain time. A lack of time for family, friends and yourself is very common.</p>\r\n<p>In a pursuit of success, we forget about the most important - ourselves. Thanks to music, you can break away from everyday life and move to another world.</p>\r\n<p>At the Music Conversatory, we have special programs designed for adults who want to learn to play or sing from scratch, or to return and relearn hot to play an instrument after a long break. Classes are conducted in comfortable conditions. Teachers share their knowledge with joy and passion. We have a lot of songs to play in a duet with a teacher, so these are not tedious technical exercises, but a pleasure of creating music together. Without grades or exams.</p>\r\n<p>Online lessons are available in accordance with time zone differences. Lessons are intended for adult first-timers, beginners, and advanced players. Learning materials – everything you need you will receive by email. Online lessons are adjusted to individual needs of every student – live in an agreed time. Lessons are available in Polish or English.</p>'),
(6, 2, 3, 'Welcome', 'individual', 'Check', 'classes for seniors', '<p>Make your dream come true! Have you always wanted to play? There was no time? No opportunities? We invite you to enroll to our new music program designed for adults 50+. Our students are 60+, 70+ and even 80+ because it is never too late to start an adventure with music.</p>\r\n<p>According to the latest scientific research, playing an instrument develops brain, prevents Alzheimer\'s disease and improves manual ability.</p> \r\n<p>The lessons are conducted in a friendly, family atmosphere. Teachers share their knowledge with joy andd passion. Without grades and exams. We have a lot of songs to play in a duet with a teacher, so these are not tedious technical exercises, but a pleasure of creating music together. Lessons are full of joy and satisfaction of developing own skills.</p>\r\n<p>Online lessons are available in accordance with time zone differences. Lessons are intended for adult first-timers, beginners, and advanced players over 50 years old. Learning materials – everything you need you will receive by email. Online lessons are adjusted to individual needs of every student – live in an agreed time. Lessons are available in Polish or English.</p>'),
(7, 3, 1, 'Chào mừng', 'individual', 'Hãy kiểm tra', 'cho trẻ em', '<p> Chúng tôi tin rằng một nền giáo dục hiệu quả dựa trên mối quan hệ tốt với giáo viên, không cần điểm số hoặc kỳ thi. Gói khởi đầu bao gồm 4 bài học như một cuộc thử nghiệm để thiết lập mối quan hệ làm việc với một giáo viên được lựa chọn, để tìm hiểu phương pháp giảng dạy và sự năng động của lớp học và xem đó có thực sự là giáo viên tốt nhất cho con bạn hay không. Sau đó, nếu không hiệu quả, bạn có thể kiểm tra giáo viên khác. Chúng tôi lắng nghe phản hồi của trẻ em một cách cẩn thận. Đây cũng là cơ hội để bạn biết con mình có sẵn sàng tham gia các lớp học không, hài lòng về quá trình học tập hay muốn có các bài học dài hơn. </p>\r\n<p> Sợ cam kết? Hãy thử gói dành cho người mới bắt đầu - 4 bài học để kiểm tra xem điều gì tốt nhất cho con bạn! </p>\r\n<p> Hiện có giá đặc biệt - 100€ cho 4 buổi học </p>\r\n<p> Tại trường học của chúng tôi, khi bắt đầu chương trình giáo dục toàn thời gian, bạn không cần phải có nhạc cụ của riêng mình. Trong lần gặp đầu tiên, chúng tôi sẽ tư vấn cho bạn một loại nhạc cụ thích hợp. Trong khi chờ đợi, con bạn có thể đi lang thang quanh trường, thử chơi các nhạc cụ khác nhau. Bằng cách này, chúng tôi có thể kiểm tra xem họ thích thú và quan tâm gì. </p>\r\n<p> Các bài học trực tuyến có sẵn phù hợp với sự khác biệt về múi giờ. Các bài học dành cho người mới bắt đầu, người mới bắt đầu và người chơi nâng cao. Tài liệu học tập - mọi thứ bạn cần bạn sẽ nhận được qua email. Các bài học trực tuyến được điều chỉnh theo nhu cầu cá nhân của mỗi học sinh - sống trong thời gian đã thỏa thuận. Các bài học có sẵn bằng tiếng Anh. </p>'),
(8, 3, 2, 'Chào mừng', 'individual', 'Hãy kiểm tra', 'dành cho người lớn', '<p> Nhiều người mơ ước được chơi một nhạc cụ, nhưng điều đó không bao giờ thành hiện thực. Trong thế giới ngày nay, chúng ta luôn vội vàng. Chúng ta bị đuổi theo các thời hạn, dự án, nhiệm vụ phải thực hiện, các kỳ thi quan trọng và những điều mới mẻ để học và ghi nhớ mọi lúc. Việc không ngừng nâng cao trình độ đòi hỏi phải đạt được các nhiệm vụ và mục tiêu trong thời gian nhất định. Tình trạng thiếu thời gian dành cho gia đình, bạn bè và bản thân là điều rất phổ biến. </p>\r\n<p> Để theo đuổi thành công, chúng ta quên mất điều quan trọng nhất - chính chúng ta. Nhờ âm nhạc, bạn có thể thoát khỏi cuộc sống hàng ngày và chuyển sang một thế giới khác. </p>\r\n<p> Tại Cuộc trò chuyện âm nhạc, chúng tôi có các chương trình đặc biệt được thiết kế cho người lớn muốn học chơi hoặc hát từ đầu, hoặc quay lại và học lại cách chơi nhạc cụ sau một thời gian dài nghỉ ngơi. Lớp học được tiến hành trong điều kiện thoải mái. Giáo viên chia sẻ kiến ​​thức của họ với niềm vui và đam mê. Chúng tôi có rất nhiều bài hát để song ca với một giáo viên, vì vậy đây không phải là những bài tập kỹ thuật tẻ nhạt mà là niềm vui cùng nhau sáng tạo âm nhạc. Không có điểm hoặc kỳ thi. </p>\r\n<p> Các bài học trực tuyến có sẵn phù hợp với sự khác biệt về múi giờ. Các bài học dành cho người lớn lần đầu tiên, người mới bắt đầu và người chơi nâng cao. Tài liệu học tập - mọi thứ bạn cần bạn sẽ nhận được qua email. Các bài học trực tuyến được điều chỉnh theo nhu cầu cá nhân của mỗi học sinh - sống trong thời gian đã thỏa thuận. Các bài học có sẵn bằng tiếng Ba Lan hoặc tiếng Anh. </p>'),
(9, 3, 3, 'Chào mừng', 'individual', 'Hãy kiểm tra', 'cho người cao niên', '<p> Hãy biến ước mơ của bạn thành hiện thực! Bạn đã luôn muốn chơi? Không có thời gian? Không có cơ hội? Chúng tôi mời bạn đăng ký chương trình âm nhạc mới của chúng tôi được thiết kế cho người lớn từ 50 tuổi trở lên. Sinh viên của chúng tôi ở độ tuổi 60+, 70+ và thậm chí 80+ vì không bao giờ là quá muộn để bắt đầu cuộc phiêu lưu với âm nhạc. </p>\r\n<p> Theo nghiên cứu khoa học mới nhất, chơi nhạc cụ giúp phát triển trí não, ngăn ngừa bệnh Alzheimer và cải thiện khả năng tay chân. </p>\r\n<p> Các bài học được thực hiện trong bầu không khí thân thiện, gia đình. Giáo viên chia sẻ kiến ​​thức của họ với niềm vui và niềm đam mê. Không có điểm và kỳ thi. Chúng tôi có rất nhiều bài hát để song ca với một giáo viên, vì vậy đây không phải là những bài tập kỹ thuật tẻ nhạt mà là niềm vui cùng nhau sáng tạo âm nhạc. Các bài học đầy niềm vui và sự hài lòng khi phát triển các kỹ năng của bản thân. </p>\r\n<p> Các bài học trực tuyến có sẵn phù hợp với sự khác biệt về múi giờ. Các bài học dành cho người lớn lần đầu tiên, người mới bắt đầu và người chơi nâng cao trên 50 tuổi. Tài liệu học tập - mọi thứ bạn cần bạn sẽ nhận được qua email. Các bài học trực tuyến được điều chỉnh theo nhu cầu cá nhân của mỗi học sinh - sống trong thời gian đã thỏa thuận. Các bài học có sẵn bằng tiếng Ba Lan hoặc tiếng Anh. </p>'),
(10, 4, 1, '歡迎', 'individual', '其他', '为了孩子', '<p>我們認為，有效的教育是建立在與老師的良好關係基礎上的，沒有成績或考試。入門課程包括4個課程，作為與選定老師建立工作關係，學習他的教學方法和課堂動力以及看它是否真的是適合您孩子的最佳老師的試驗。稍後，如果它不起作用，您可以檢查另一位老師。我們會認真聽取孩子們的反饋。您還可以藉此機會看看您的孩子是否願意上課，對學習過程感到滿意還是願意上更長的課程。</ p>\r\n<p>害怕承諾嗎？嘗試入門包-4課，以了解最適合您的孩子的情況！</ p>\r\n<p>現在特價-4節課 100€ </ p>\r\n<p>在我們的學校中，開始全日制學習時，您不需要自己的樂器。在第一次會議期間，我們將為您提供適當的工具。同時，您的孩子可以在學校裡閒逛，嘗試彈奏其他樂器。這樣，我們可以檢查它們的趣味和趣味性。</ p>\r\n<p>根據時區差異提供在線課程。這些課程適用於初學者，初學者和高級玩家。學習資料–您需要的一切都會通過電子郵件收到。在線課程根據每個學生的個人需求進行調整-在約定的時間內進行。課程以英語提供。</ p>'),
(11, 4, 2, '歡迎', 'individual', '其他', '成人', '<p>許多人夢想著演奏一種樂器，但這是不可能的。在當今世界，我們總是很著急。我們總是被截止日期，項目，要執行的任務，重要的考試以及需要學習和記住的新事物所吸引。不斷提高資格要求在一定時間內實現任務和目標。家人，朋友和您自己缺乏時間的情況很普遍。</p>\r\n<p>為了追求成功，我們忘記了最重要的東西-我們自己。有了音樂，您就可以擺脫日常生活，走向另一個世界。</p>\r\n<p>在音樂對話中，我們為成年人設計了特殊的程序，這些成年人想學習從零開始彈奏或唱歌，或者長時間休息後返回並重新學習演奏樂器。上課在舒適的條件下進行。老師們以喜悅和激情分享他們的知識。我們有很多歌曲可以與老師二重奏，因此這些並不是繁瑣的技術練習，而是一種共同創作音樂的樂趣。沒有成績或考試。</p>\r\n<p>根據時區差異提供在線課程。這些課程適用於成人初學者，初學者和高級玩家。學習資料–您需要的一切都會通過電子郵件收到。在線課程根據每個學生的個人需求進行調整-在約定的時間內進行。提供波蘭語或英語課程。</p>'),
(12, 4, 3, '歡迎', 'individual', '其他', '資深的', '<p>實現您的夢想！你一直想玩嗎？沒有時間嗎沒有機會嗎？我們邀請您加入我們為50歲以上成人設計的新音樂計劃。我們的學生年齡在60歲以上，70歲以上，甚至80歲以上，因為開始音樂冒險永遠不會太晚。</p>\r\n<p>根據最新的科學研究，演奏一種樂器可以鍛煉大腦，預防老年癡呆症並提高手動能力。</p>\r\n<p>課程在友好的家庭氛圍中進行。老師們以喜悅和熱情分享他們的知識。沒有成績和考試。我們有很多歌曲可以與老師二重奏，因此這些並不是繁瑣的技術練習，而是一種共同創作音樂的樂趣。課程充滿了發展自己技能的喜悅和滿足感。</p>\r\n<p>根據時區差異提供在線課程。這些課程適用於50歲以上的成人初學者，初學者和高級玩家。學習資料–您需要的一切都會通過電子郵件收到。在線課程根據每個學生的個人需求進行調整-在約定的時間內進行。提供波蘭語或英語課程。</p>'),
(29, 1, 8, 'Zapraszamy', 'indywidualne', 'Sprawdź', 'dla dzieci 0-3 lat', '<p>Zapraszamy na zajęcia muzyczne dla najmłodszych. Magiczny świat muzyki czeka na dzieci już od 1.miesiąca życia. Nasza najmłodsza uczennica miała zaledwie 5 tygodni! </p> \r\n\r\n<p>Poprzez zabawę wprowadzamy maluszki w świat dźwięków i rytmów, przez co maksymalnie rozwijajmy muzyczny potencjał dziecka.</p>\r\n<p>Podczas epidemii oferujemy tylko zajęcia indywidualne – terminy ustalane z każdym rodzicem oddzielnie. Jak sytuacja epidemiologiczna się uspokoi utworzymy także kameralne grupy. Wymagana jest obecność na zajęciach rodzica lub opiekuna. Jest to czas na wspólne budowanie więzi dziecka i rodzica, przy muzyce na żywo.</p>\r\n<p>Przestronne sale 30-40m2 wyłożone są wykładziną.</p>\r\n<p>Mamy specjalny pokój do karmienia i przewijania.</p>\r\n<p>Do szkoły prowadzi duża winda, można wygodnie wjechać z wózkiem.</p>\r\n<p>Lekcje odbywają się w secesyjnej kamienicy w centrum Warszawy, 7 dni w tygodniu. </p>\r\n'),
(30, 2, 8, 'We invite you', 'individual', 'Check it out', 'for children 0-3 years old', '<p>We invite you to music classes for the youngest. The magical world of music awaits children from the first month of life. Our youngest student was only 5 weeks old!</p><p> Through play, we introduce babies to the world of sounds and rhythms, which allows us to develop the musical potential of the child to the maximum.</p><p> During the epidemic, we only offer individual classes - dates are agreed with each parent separately. When the epidemiological situation calms down, we will also create small groups. The presence of a parent or guardian is required. It is a time to build a bond between the child and the parent with live music.</p><p> The spacious 30-40m2 rooms are carpeted.</p><p> We have a special feeding and changing room.</p><p> A large elevator leads to the school, you can easily enter with a pram.</p><p> Lessons are held in an Art Nouveau tenement house in the center of Warsaw, 7 days a week.</p>'),
(31, 3, 8, 'Chúng tôi mời bạn', 'cá nhân', 'Kiểm tra nó ra', 'cho trẻ 0-3 tuổi', '<p>Chúng tôi mời bạn đến các lớp học âm nhạc cho trẻ nhỏ. Thế giới diệu kỳ của âm nhạc đang chờ đón trẻ từ tháng đầu đời. Học sinh nhỏ nhất của chúng tôi chỉ mới 5 tuần tuổi!</p><p> Thông qua vui chơi, chúng tôi giới thiệu cho trẻ sơ sinh thế giới của âm thanh và nhịp điệu, điều này cho phép chúng tôi phát triển tối đa tiềm năng âm nhạc của trẻ.</p><p> Trong thời gian có dịch, chúng tôi chỉ tổ chức các lớp học cá nhân - ngày tháng được thống nhất với từng phụ huynh riêng. Khi tình hình dịch tễ lắng dịu, chúng tôi cũng sẽ thành lập các nhóm nhỏ. Cần phải có sự hiện diện của cha mẹ hoặc người giám hộ. Đây là thời gian để xây dựng mối quan hệ giữa trẻ và phụ huynh bằng âm nhạc trực tiếp.</p><p> Các phòng rộng 30-40m2 được trải thảm.</p><p> Chúng tôi có một phòng cho ăn và thay đồ đặc biệt.</p><p> Một thang máy lớn dẫn đến trường, bạn có thể dễ dàng vào bằng xe đẩy.</p><p> Các buổi học được tổ chức tại một ngôi nhà chung cư theo trường phái Tân nghệ thuật ở trung tâm Warsaw, 7 ngày một tuần.</p>'),
(32, 4, 8, '我们邀请你', '个人', '一探究竟', '适用于0-3岁的儿童', '<p>我们邀请您参加最小的音乐课程。音乐的魔幻世界正等待着孩子出生后第一个月的到来。我们最小的学生只有5周大！</p><p>通过游戏，我们将婴儿带入声音和节奏的世界，这使我们能够最大程度地发挥孩子的音乐潜能。</p><p>在流行病期间，我们仅提供单独的课程-每个家长都分别同意日期。当流行病形势平静下来时，我们还将创建小组。必须有父母或监护人在场。现在是时候通过现场音乐在孩子和父母之间建立纽带了。</p><p> 30-40平方米的宽敞客房铺有地毯。</p><p>我们有一个特别的喂养和更衣室。</p><p>大型电梯通往学校，您可以轻而易举地乘坐婴儿车进入。</p><p>每周7天在华沙市中心的一座新艺术风格的廉价公寓里上课。</p>'),
(33, 1, 9, 'Zapraszamy', 'indywidualne', 'Sprawdź', 'dla dzieci 3-5 lat', '<p>Zapraszamy na zajęcia muzyczne dla dzieci w wieku 3-5lat.</p> \r\n<p>Indywidualne zajęcia umuzykalniające to specjalny program wprowadzając w świat dźwięków i muzyki. Zajęcia rozbudzające miłość do muzyki na całe życie, przeznaczone są dla małych dzieci gdy są szczególnie otwarte i chłonne na nową wiedzę. Plan zajęć dostosowywany jest do możliwości i potrzeb każdego dziecka.</p>\r\n<p>Przestronne sale 30-40m2 wyłożone są wykładziną.</p>\r\n<p>Do szkoły prowadzi duża winda, można wygodnie wjechać z wózkiem.</p>\r\n<p>Lekcje odbywają się w secesyjnej kamienicy w centrum Warszawy, 7 dni w tygodniu. </p>'),
(34, 2, 9, 'We invite you', 'individual', 'Check it out', 'for children 3-5 years', '<p>We invite you to music classes for children aged 3-5.</p><p> Individual music classes are a special program introducing you to the world of sounds and music. Classes awakening love for music for life, are intended for young children when they are particularly open and receptive to new knowledge. The schedule of activities is adjusted to the abilities and needs of each child.</p><p> The spacious 30-40m2 rooms are carpeted.</p><p> A large elevator leads to the school, you can easily enter with a pram.</p><p> Lessons are held in an Art Nouveau tenement house in the center of Warsaw, 7 days a week.</p>'),
(35, 3, 9, 'Chúng tôi mời bạn', 'cá nhân', 'Kiểm tra nó ra', 'cho trẻ em 3-5 tuổi', '<p>Mời các bạn đến với các lớp học âm nhạc dành cho trẻ em từ 3-5 tuổi.</p><p> Các lớp học âm nhạc cá nhân là một chương trình đặc biệt giới thiệu bạn với thế giới âm thanh và âm nhạc. Lớp học đánh thức tình yêu âm nhạc suốt đời, dành cho trẻ nhỏ khi chúng đặc biệt cởi mở và dễ tiếp thu những kiến thức mới. Lịch trình hoạt động được điều chỉnh phù hợp với khả năng và nhu cầu của từng trẻ.</p><p> Các phòng rộng 30-40m2 được trải thảm.</p><p> Một thang máy lớn dẫn đến trường, bạn có thể dễ dàng vào bằng xe đẩy.</p><p> Các buổi học được tổ chức tại một ngôi nhà chung cư theo trường phái Tân nghệ thuật ở trung tâm Warsaw, 7 ngày một tuần.</p>'),
(36, 4, 9, '我们邀请你', '个人', '一探究竟', '3-5岁儿童', '<p>我们邀请您参加3-5岁儿童的音乐课程。</p><p>个别音乐课程是一项特殊的程序，可向您介绍声音和音乐的世界。唤醒人们对音乐一生的热爱的班级，是专为年幼的孩子而设计的，他们特别开放并乐于接受新知识。活动时间表根据每个孩子的能力和需求进行调整。</p><p> 30-40平方米的宽敞客房铺有地毯。</p><p>大型电梯通往学校，您可以轻而易举地乘坐婴儿车进入。</p><p>每周7天在华沙市中心的一座新艺术风格的廉价公寓里上课。</p>'),
(37, 1, 10, 'Zapraszamy', 'indywidualne', 'Sprawdź', 'dla młodzieży', '<p>Wierzymy, że aby edukacja była skuteczna, potrzebny jest dobry kontakt z nauczycielem. Bez ocen i egzaminów. Pakiet startowy to 4 lekcje, aby spróbować pracy z wybranym nauczycielem. Poznać jego metody pracy, dynamikę zajęć oraz zobaczyć czy to jest najlepszy nauczyciel dla dziecka. Potem jest możliwość spróbować pracy z drugim nauczycielem. Uważnie słuchamy dziecka, a dla rodziców jest to sprawdzenie czy dziecko chętnie uczestniczy w zajęciach, czy cieszy się na myśl o lekcjach, czy wolałoby mieć dłuższe lekcje.</p>\r\n<p>W naszej szkole rozpoznając naukę stacjonarnie na początku nie trzeba mieć własnego instrumentu. Podczas pierwszego spotkania doradzamy wybór instrumentu. Dzieci wędrują po szkole i próbują grać na różnych, sprawdzamy co je zachwyci i zainteresuje.</p>\r\n<p>Zajęcia online są dostępne z uwzględnieniem występujących różnic czasu. Zajęcia przeznaczone są zarówno dla dzieci początkujących, jak też dla już grających i zaawansowanych. Materiały do nauki – nuty przesyłamy mejlem. Zajęcia odbywają się online indywidualnie – na żywo w uzgodnionym terminie. Lekcje są dostępne w języku polskim i angielskim.</p>'),
(38, 2, 10, 'We invite you', 'individual', 'Check it out', 'for young people', '<p>We believe that for education to be effective, good contact with the teacher is necessary. No grades or exams. The starter pack is 4 lessons to try and work with a selected teacher. Get to know his working methods, the dynamics of classes and see if he is the best teacher for a child. After that, it is possible to try to work with a second teacher. We listen to the child carefully, and for parents it is checking whether the child is willing to participate in classes, whether he is happy about the lessons, or whether he would prefer to have longer lessons.</p><p> In our school, recognizing full-time learning at the beginning, you do not need your own instrument. During the first meeting, we advise you to choose the instrument. Children wander around school and try to play different ones, we check what will delight and interest them.</p><p> Online classes are available subject to time differences. The classes are intended both for beginner children as well as for already playing and advanced children. Learning materials - we send the notes by e-mail. Classes are held online individually - live on an agreed date. Lessons are available in Polish and English.</p>'),
(39, 3, 10, 'Chúng tôi mời bạn', 'cá nhân', 'Kiểm tra nó ra', 'cho những người trẻ tuổi', '<p>Chúng tôi tin rằng để giáo dục có hiệu quả, việc tiếp xúc tốt với giáo viên là cần thiết. Không có điểm hoặc kỳ thi. Gói bắt đầu là 4 bài học để thử và làm việc với một giáo viên được chọn. Tìm hiểu phương pháp làm việc của anh ấy, sự năng động của các lớp học và xem liệu anh ấy có phải là giáo viên tốt nhất cho một đứa trẻ hay không. Sau đó, có thể thử làm việc với giáo viên thứ hai. Chúng tôi lắng nghe đứa trẻ một cách cẩn thận, và đối với cha mẹ, nó đang kiểm tra xem đứa trẻ có sẵn sàng tham gia vào các lớp học hay không, liệu nó có hài lòng về các bài học hay không, hoặc liệu chúng có muốn có những bài học dài hơn hay không.</p><p> Trong trường học của chúng tôi, công nhận việc học toàn thời gian ngay từ đầu, bạn không cần nhạc cụ của riêng mình. Trong lần gặp đầu tiên, chúng tôi khuyên bạn nên chọn nhạc cụ. Trẻ em đi lang thang quanh trường và cố gắng chơi những trò khác nhau, chúng tôi kiểm tra xem điều gì sẽ khiến trẻ thích thú và hứng thú.</p><p> Các lớp học trực tuyến có sẵn tùy thuộc vào thời gian khác nhau. Các lớp học dành cho cả trẻ em mới bắt đầu cũng như trẻ em đã chơi và nâng cao. Tài liệu học tập - chúng tôi gửi các ghi chú qua e-mail. Các lớp học được tổ chức trực tuyến riêng lẻ - trực tiếp vào một ngày đã thống nhất. Các bài học có sẵn bằng tiếng Ba Lan và tiếng Anh.</p>'),
(40, 4, 10, '我们邀请你', '个人', '一探究竟', '对于年轻人', '<p>我们认为，要使教育有效，必须与老师保持良好的联系。没有成绩或考试。入门包是4堂课，可供您与选定的老师一起尝试。了解他的工作方法，课堂动态，看看他是否是孩子最好的老师。之后，可以尝试与第二位老师一起工作。我们会认真听取孩子的意见，对于父母来说，这是在检查孩子是否愿意参加课程，他对课程是否满意或是否愿意接受更长的课程。</p><p>在我们学校，一开始就认可全日制学习，因此您不需要自己的乐器。在第一次会议期间，我们建议您选择乐器。孩子们在学校里徘徊，尝试玩不同的游戏，我们检查了什么会让他们感到高兴和感兴趣。</p><p>在线课程因时差而异。这些课程既适合初学者，也适合已经玩过的孩子和高级孩子。学习资料-我们通过电子邮件发送笔记。课堂在线上单独举行-在约定的日期上课。提供波兰语和英语课程。</p>');

-- --------------------------------------------------------

--
-- Struktura tabeli dla tabeli `common_desc`
--

CREATE TABLE `common_desc` (
  `id` int(10) UNSIGNED NOT NULL,
  `code` varchar(255) NOT NULL
) ENGINE=InnoDB DEFAULT CHARSET=utf8mb4;

--
-- Zrzut danych tabeli `common_desc`
--

INSERT INTO `common_desc` (`id`, `code`) VALUES
(1, 'Ogólny wspólny opis 1'),
(2, 'Ogólny wspólny opis 2'),
(3, 'Ogólny wspólny dla dzieci'),
(4, 'Ogólny wspólny opis krótki'),
(5, 'Wspólny opis lekcje spiewu ????'),
(6, 'Ogólny wspólny dla dzieci krótki');

-- --------------------------------------------------------

--
-- Struktura tabeli dla tabeli `common_desc_translation`
--

CREATE TABLE `common_desc_translation` (
  `id` int(10) UNSIGNED NOT NULL,
  `languages_id` int(10) UNSIGNED NOT NULL,
  `common_desc_id` int(10) UNSIGNED NOT NULL,
  `common_desc` varchar(1500) DEFAULT NULL
) ENGINE=InnoDB DEFAULT CHARSET=utf8mb4;

--
-- Zrzut danych tabeli `common_desc_translation`
--

INSERT INTO `common_desc_translation` (`id`, `languages_id`, `common_desc_id`, `common_desc`) VALUES
(1, 1, 1, '<p><b>ZAPISZ SIĘ JUŻ TERAZ!<br>Liczba miejsc ograniczona. Zacznij już dziś i spełnij marzenia. Zapisy i informacje 883 489 184</b></p>\r\n<p><b>Chcesz mieć pewność? Wypróbuj pakiet startowy – 4 lekcje, aby przekonać się czy to jest najlepszy nauczyciel dla Ciebie!</b></p>\r\n<p>Koszt pakietu 4 lekcje to 300zł</p>\r\n<p>Lekcje prowadzimy w secesyjnej kamienicy w centrum Warszawy, a teraz także online – zajęcia dostępne w całej Polsce oraz na świecie.</p>\r\n<p>Zajęcia online są dostępne z uwzględnieniem występujących różnic czasu./p>'),
(2, 1, 2, '<p><b>ZAPISZ SIĘ JUŻ TERAZ!</p><p>Liczba miejsc ograniczona. Zacznij grać i spełnij marzenia. Zapisy i informacje 883 489 184</b></p><p><b>Chcesz mieć pewność? Wypróbuj pakiet startowy – 4 lekcje, aby przekonać się czy to jest najlepszy nauczyciel dla Ciebie!</b></p>\n<p>Koszt pakietu 4 lekcje to 300zł dla nowych klientów.</p>\n<p>Lekcje prowadzimy w secesyjnej kamienicy w centrum Warszawy, a teraz także online – zajęcia dostępne w całej Polsce oraz na świecie. Zajęcia online są dostępne z uwzględnieniem występujących różnic czasu.</p>'),
(3, 1, 3, '<p><b>ZAPISZ SWOJE DZIECKO JUŻ TERAZ!<br>Liczba miejsc ograniczona. Niech Twoje dziecko zacznie grać i spełni marzenia. Zapisy i informacje 883 489 184</b></p><p><b>Chcesz mieć gwarancje? Wypróbuj pakiet startowy – 4 lekcje, aby przekonać się czy to jest najlepszy nauczyciel dla Twojego dziecka!</b></p>\n<p>Koszt pakietu 4 lekcje to 300zł dla nowych klientów.</p>\n<p>Lekcje prowadzimy w secesyjnej kamienicy w centrum Warszawy, a teraz także online – zajęcia dostępne w całej Polsce oraz na świecie.</p>'),
(4, 2, 1, '<p> <b> ENROLL NOW! <br> Limited number of participants. Start today and make your dreams come true. Records and information 883 489 184 </b> </p>\n<p> <b> Want to be sure? Try the 4 Lessons Starter Pack to find out if this is the best teacher for you! </b></p>\n<p>Now special price for you! The cost of the 4 lessons package is 100€. You can choose other payment currency - AUD, CAD, CHF, DKK, EUR, GBP, NOK, SEK, USD.</p>\n<p> We conduct lessons in an Art Nouveau tenement house in the center of Warsaw, and now also online - classes available all over Poland and around the world. </p>\n<p> Online classes are available taking into account the time differences'),
(5, 2, 2, '<p><b>Sing up now! The number of slots is limited.</b></p>\n<p>Afraid of commitments? Try a starter package - 4 lessons to check what\'s best for you!</p>\n<p>Now special price for you! The cost of the 4 lessons package is 100€. You can choose other payment currency - AUD, CAD, CHF, DKK, EUR, GBP, NOK, SEK, USD.</p>\n<p>We offer lessons in an Art Nouveau building in the center of Warsaw, and also online - available across the world.</p>\n<p>Online lessons are available in accordance with time zone differences. Lessons are intended for adult first-timers, beginners, and advanced players. Learning materials – everything you need you will receive by email. Online lessons are adjusted to individual needs of every student – live in an agreed time. Lessons are available in English.</p>'),
(6, 2, 3, '<p><b> SIGN UP YOUR CHILD NOW! <br>The number of slots is limited. Let your child play and make their dreams come true. Records and information 883 489 184 </b> </p>\r\n<p>Afraid of commitments? Try a starter package - 4 lessons to check what\'s best for your child!</p>\r\n<p>Now special price for you! The cost of the 4 lessons package is 100€. You can choose other payment currency - AUD, CAD, CHF, DKK, EUR, GBP, NOK, SEK, USD.</p>\r\n<p>We offer lessons in an Art Nouveau building in the center of Warsaw, and also online - available across the world.</p>\r\n<p>Online lessons are available in accordance with time zone differences. Lessons are intended for adult first-timers, beginners, and advanced players. Learning materials – everything you need you will receive by email. Online lessons are adjusted to individual needs of every student – live in an agreed time. Lessons are available in English.</p>'),
(7, 3, 1, '<p> <b> ĐĂNG KÝ NGAY! <br> Số lượng người tham gia có hạn. Hãy bắt đầu ngay hôm nay và biến ước mơ của bạn thành hiện thực. Hồ sơ và thông tin 883 489 184 </b> </p>\r\n<p> <b> Bạn muốn chắc chắn? Hãy thử Gói bắt đầu 4 bài học để tìm hiểu xem đây có phải là giáo viên tốt nhất dành cho bạn không! </b> </p>\r\n<p> Hiện có giá đặc biệt dành cho bạn! Chi phí của gói 4 bài học là 100€. Bạn có thể chọn đơn vị tiền tệ thanh toán khác - AUD, CAD, CHF, DKK, EUR, GBP, NOK, SEK, USD. </p>\r\n<p> Chúng tôi tổ chức các bài học trong một ngôi nhà chung cư theo trường phái Tân nghệ thuật ở trung tâm Warsaw và giờ đây cũng có thể học trực tuyến - các lớp học có sẵn trên khắp Ba Lan và trên toàn thế giới. </p>\r\n<p> Có các lớp học trực tuyến có tính đến chênh lệch thời gian hiện có./p>'),
(8, 3, 2, '<p> <b> ĐĂNG KÝ NGAY! </p> <p> Số lượng địa điểm có hạn. Bắt đầu chơi và biến ước mơ của bạn thành hiện thực. Hồ sơ và thông tin 883 489 184 </b> </p> <p> <b> Bạn muốn chắc chắn? Hãy thử gói khởi động - 4 bài học để xem đây có phải là giáo viên tốt nhất dành cho bạn không! </b> </p>\r\n<p> Hiện có giá đặc biệt dành cho bạn! Chi phí của gói 4 bài học là 100€. Bạn có thể chọn đơn vị tiền tệ thanh toán khác - AUD, CAD, CHF, DKK, EUR, GBP, NOK, SEK, USD. </p>\r\n<p> Các bài học được thực hiện trong một ngôi nhà chung cư theo trường phái Tân nghệ thuật ở trung tâm Warsaw và hiện cũng có trực tuyến - có các lớp học trên khắp Ba Lan và trên thế giới. Các lớp học trực tuyến có sẵn tùy thuộc vào thời gian khác nhau. </p>'),
(9, 3, 3, '<p> <b> ĐĂNG KÝ CHO CON CỦA BẠN NGAY BÂY GIỜ! <br> Số lượng khe cắm có hạn. Hãy để con bạn chơi và biến ước mơ của chúng thành hiện thực. Hồ sơ và thông tin 883 489 184 </b> </p>\r\n<p> Sợ cam kết? Hãy thử gói dành cho người mới bắt đầu - 4 bài học để kiểm tra xem điều gì tốt nhất cho con bạn! </p>\r\n<p> Hiện có giá đặc biệt dành cho bạn! Chi phí của gói 4 bài học là 100€. Bạn có thể chọn đơn vị tiền tệ thanh toán khác - AUD, CAD, CHF, DKK, EUR, GBP, NOK, SEK, USD. </p>\r\n<p> Chúng tôi cung cấp các bài học trong một tòa nhà theo trường phái Tân nghệ thuật ở trung tâm Warsaw và cả trực tuyến - có sẵn trên khắp thế giới. </p>\r\n<p> Các bài học trực tuyến có sẵn phù hợp với sự khác biệt về múi giờ. Các bài học dành cho người lớn lần đầu tiên, người mới bắt đầu và người chơi nâng cao. Tài liệu học tập - mọi thứ bạn cần bạn sẽ nhận được qua email. Các bài học trực tuyến được điều chỉnh theo nhu cầu cá nhân của mỗi học sinh - sống trong thời gian đã thỏa thuận. Các bài học có sẵn bằng tiếng Anh. </p>'),
(10, 4, 1, '<p> <b>現在註冊！<br>參加人數有限。 從今天開始，讓您的夢想成真。 記錄和信息883489184 </ b> </ p>\r\n<p> <b>想要確定嗎？ 嘗試4個課程入門包，以了解這是否是最適合您的老師！</ b> </ p>\r\n<p>現在為您特別優惠！ 4節課的套餐費用為100€。您可以選擇其他付款貨幣-AUD，CAD，CHF，DKK，EUR，GBP，NOK，SEK，USD。 </ p>\r\n<p>我們在華沙市中心的一座新藝術風格的廉價公寓裡上課，並且現在也在線上授課-遍及波蘭和世界各地的課程。</ p>\r\n<p>考慮到現有的時差，可以使用在線課程。/p>'),
(11, 4, 2, '<p> <b>現在唱歌！插槽數是有限的。</ b> </ p>\r\n<p>害怕承諾嗎？嘗試入門包-4課，以了解最適合您的內容！</ p>\r\n<p>現在為您特別優惠！ 4節課的套餐費用為100€。您可以選擇其他付款貨幣-AUD，CAD，CHF，DKK，EUR，GBP，NOK，SEK，USD。 </ p>\r\n<p>我們在華沙市中心的一幢新藝術風格建築中提供課程，並且還在世界各地在線提供。</ p>\r\n<p>根據時區差異提供在線課程。這些課程適用於成人初學者，初學者和高級玩家。學習資料–您需要的一切都會通過電子郵件收到。在線課程根據每個學生的個人需求進行調整-在約定的時間內進行。課程以英語提供。</ p>'),
(12, 4, 3, '<p> <b>立即註冊您的孩子！ <br>插槽數量有限。讓您的孩子玩耍並實現他們的夢想。記錄和信息883489184 </ b> </ p>\r\n<p>害怕承諾嗎？嘗試入門包-4課，以檢查最適合您的孩子！</ p>\r\n<p>現在為您特別優惠！ 4節課的套餐費用為100€。您可以選擇其他付款貨幣-AUD，CAD，CHF，DKK，EUR，GBP，NOK，SEK，USD。 </ p>\r\n<p>我們在華沙市中心的一幢新藝術風格建築中提供課程，並且還在世界各地在線提供。</ p>\r\n<p>根據時區差異提供在線課程。這些課程適用於成人初學者，初學者和高級玩家。學習資料–您需要的一切都會通過電子郵件收到。在線課程根據每個學生的個人需求進行調整-在約定的時間內進行。課程以英語提供。</ p>'),
(13, 1, 4, '<p><b>Lekcje prowadzimy w secesyjnej kamienicy w centrum Warszawy, a teraz także online – zajęcia dostępne w całej Polsce oraz na świecie.</b></p>\n<p>Koszt pakietu 4 lekcje to 300zł dla nowych klientów.</p>\n<p><b>Trwają zapisy. Liczba miejsc ograniczona. Zapisy i informacje 883 489 184</b></p>'),
(14, 2, 4, '<p><b>We conduct lessons in an Art Nouveau tenement house in the center of Warsaw, and now also online - classes available all over Poland and around the world.</b></p>\n<p><b>Writes are in progress. The number of places is limited. Records and information 883 489 184</b></p>'),
(15, 3, 4, '<p><b>Chúng tôi tổ chức các bài học trong một ngôi nhà chung cư theo trường phái Tân nghệ thuật ở trung tâm Warsaw, và bây giờ cũng có thể học trực tuyến - các lớp học có sẵn trên khắp Ba Lan và trên thế giới.</b></p>\r\n<p><b>Đang viết. Số lượng nơi có hạn. Hồ sơ và thông tin 883 489 184</b></p>'),
(16, 4, 4, '<p> <b>我們在華沙市中心的一座新藝術風格的廉價公寓裡上課，並且現在也在線上授課-遍及波蘭和世界各地。</ b> </ p>\r\n<p> <b>寫入正在進行中。名額有限。記錄和信息883489184 </ b> </ p>'),
(17, 1, 5, '<p><b>ZAPISZ SIĘ JUŻ TERAZ!<br>Liczba miejsc ograniczona. Zacznij śpiewać i spełnij marzenia. Zapisy i informacje 883 489 184</b></p>\n<p><b>Chcesz mieć pewność? Wypróbuj pakiet startowy – 4 lekcje, aby przekonać się czy to jest najlepszy nauczyciel dla Ciebie!</b></p>\n<p>Koszt pakietu 4 lekcje to 300zł dla nowych klientów.</p>\n<p>Lekcje prowadzimy w secesyjnej kamienicy w centrum Warszawy, a teraz także online – zajęcia dostępne w całej Polsce oraz na świecie. \nZajęcia online są dostępne z uwzględnieniem występujących różnic czasu.</p>\n'),
(18, 2, 5, '<p> <b> REGISTER NOW! <br> Limited number of participants. Start singing and make your dreams come true. Records and information 883 489 184 </b> </p>\r\n<p> <b> Want to be sure? Try the 4 Lessons Starter Pack to find out if this is the best teacher for you! </b> </p>\r\n<p>Now special price for you! The cost of the 4 lessons package is 100€. You can choose other payment currency - AUD, CAD, CHF, DKK, EUR, GBP, NOK, SEK, USD.</p>\r\n<p> We conduct lessons in an Art Nouveau tenement house in the center of Warsaw, and now also online - classes available all over Poland and around the world.\r\nOnline classes are available subject to time differences. </p>'),
(19, 3, 5, '<p> <b> ĐĂNG KÝ NGAY! <br> Số lượng người tham gia có hạn. Bắt đầu ca hát và biến ước mơ của bạn thành hiện thực. Hồ sơ và thông tin 883 489 184 </b> </p>\r\n<p> <b> Bạn muốn chắc chắn? Hãy thử Gói khởi đầu 4 bài học để tìm hiểu xem đây có phải là giáo viên tốt nhất dành cho bạn không! </b> </p>\r\n<p> Hiện có giá đặc biệt dành cho bạn! Chi phí của gói 4 bài học là 100€. Bạn có thể chọn đơn vị tiền tệ thanh toán khác - AUD, CAD, CHF, DKK, EUR, GBP, NOK, SEK, USD. </p>\r\n<p> Chúng tôi tổ chức các bài học trong một ngôi nhà chung cư theo trường phái Tân nghệ thuật ở trung tâm Warsaw, và giờ đây cũng có thể học trực tuyến - các lớp học có sẵn trên khắp Ba Lan và trên thế giới.\r\nCác lớp học trực tuyến có sẵn tùy thuộc vào thời gian khác nhau. </p>'),
(20, 4, 5, '<p> <b>現在註冊！ <br>參加人數有限。開始唱歌，讓您的夢想成真。記錄和信息883489184 </ b> </ p>\r\n<p> <b>想要確定嗎？嘗試4個課程入門包，以了解這是否是最適合您的老師！ </ b> </ p>\r\n<p>現在為您特別優惠！ 4節課的套餐費用為100€。您可以選擇其他付款貨幣-AUD，CAD，CHF，DKK，EUR，GBP，NOK，SEK，USD。 </ p>\r\n<p>我們在華沙市中心的一座新藝術風格的廉價公寓裡上課，並且現在也在線上授課-遍及波蘭和世界各地的課程。\r\n在線課程因時差而異。 </ p>'),
(21, 1, 6, '<p><b>ZAPISZ SWOJE DZIECKO JUŻ TERAZ!<br>Liczba miejsc ograniczona. Zapisy i informacje 883 489 184</b></p>'),
(22, 2, 6, '<p> <b> ENROLL YOUR CHILD NOW! <br> Limited number of places. Records and information 883 489 184 </b> </p>'),
(23, 3, 6, '<p> <b> HÃY ĐĂNG KÝ CON BẠN NGAY BÂY GIỜ! <br> Số lượng địa điểm có hạn. Hồ sơ và thông tin 883 489 184 </b> </p>'),
(24, 4, 6, '<p> <b>立即註冊您的孩子！ <br>名額有限。記錄和信息883489184 </ b> </ p>');

-- --------------------------------------------------------

--
-- Struktura tabeli dla tabeli `courses`
--

CREATE TABLE `courses` (
  `id` int(10) UNSIGNED NOT NULL,
  `code` varchar(255) NOT NULL,
  `common_desc_id` int(10) UNSIGNED DEFAULT NULL,
  `img_thumbnail` varchar(255) NOT NULL,
  `movie` varchar(255) DEFAULT NULL,
  `quantity` int(11) NOT NULL
) ENGINE=InnoDB DEFAULT CHARSET=utf8mb4;

--
-- Zrzut danych tabeli `courses`
--

INSERT INTO `courses` (`id`, `code`, `common_desc_id`, `img_thumbnail`, `movie`, `quantity`) VALUES
(1, 'dla dzieci - logorytmika', 1, '/images/oferta-ikony/logorytmika.jpg', 'https://www.youtube.com/embed/r6ThuFthhsE?&rel=0', 5),
(2, 'dla dzieci - gordonki', 6, '/images/oferta-ikony/gordonki.jpg', 'https://www.youtube.com/embed/r6ThuFthhsE?&rel=0', 5),
(3, 'dla dzieci - logopedia', 3, '/images/oferta-ikony/logopedia.jpg', 'https://www.youtube.com/embed/r6ThuFthhsE?&rel=0', 5),
(4, 'dla dzieci - fortepian', 3, '/images/oferta-ikony/fortepian-dzieci.jpg', 'https://www.youtube.com/embed/b4h8Ot88kcA?&rel=0', 0),
(5, 'dla dzieci - śpiew', 3, '/images/oferta-ikony/spiew-dzieci.jpg', 'https://www.youtube.com/embed/r6ThuFthhsE?&rel=0', 5),
(6, 'dla dzieci - gitara', 3, '/images/oferta-ikony/gitara-dzieci.jpg', 'https://www.youtube.com/embed/r6ThuFthhsE?&rel=0', 5),
(7, 'dla dzieci - wiolonczela', 3, '/images/oferta-ikony/wiola-dzieci.jpg', 'https://www.youtube.com/embed/r6ThuFthhsE?&rel=0', 5),
(8, 'dla dzieci - saksofon', 3, '/images/oferta-ikony/saksofon-dzieci.jpg', 'https://www.youtube.com/embed/r6ThuFthhsE?&rel=0', 5),
(9, 'dla dzieci - umuzykalnienie', 3, '/images/oferta-ikony/umuzykalnienie.jpg', 'https://www.youtube.com/embed/r6ThuFthhsE?&rel=0', 5),
(10, 'dla dorosłych - fortepian', 2, '/images/oferta-ikony/fortepian-dorosli.jpg', 'https://www.youtube.com/embed/r6ThuFthhsE?&rel=0', 0),
(11, 'dla dorosłych - śpiew', 5, '/images/oferta-ikony/spiew-dorosli.jpg', 'https://www.youtube.com/embed/r6ThuFthhsE?&rel=0', 5),
(12, 'dla dorosłych - gitara', 2, '/images/oferta-ikony/gitara-dorosli.jpg', 'https://www.youtube.com/embed/r6ThuFthhsE?&rel=0', 5),
(13, 'dla dorosłych - wiolonczela', 2, '/images/oferta-ikony/wiola-dorosli.jpg', 'https://www.youtube.com/embed/r6ThuFthhsE?&rel=0', 5),
(14, 'dla dorosłych - saksofon', 2, '/images/oferta-ikony/saksofon-dorosli.jpg', 'https://www.youtube.com/embed/r6ThuFthhsE?&rel=0', 5),
(15, 'dla dorosłych - zespół', 5, '/images/oferta-ikony/zespol.jpg', 'https://www.youtube.com/embed/r6ThuFthhsE?&rel=0', 5),
(16, 'dla dorosłych - retoryka', 1, '/images/oferta-ikony/retoryka.jpg', 'https://www.youtube.com/embed/r6ThuFthhsE?&rel=0', 5),
(17, 'dla dorosłych - musicfulness', 2, '/images/oferta-ikony/musicfulness.jpg', 'https://www.youtube.com/embed/r6ThuFthhsE?&rel=0', 5),
(18, 'dla dorosłych - meloman', 1, '/images/oferta-ikony/meloman.jpg', 'https://www.youtube.com/embed/r6ThuFthhsE?&rel=0', 5),
(20, 'dla dorosłych - kompozycja', 3, '/images/oferta-ikony/kompozycja.jpg', NULL, 5),
(21, 'dla dzieci - teatr', 6, '/images/oferta-ikony/teatr-dzieci.jpg', '', 5),
(22, 'dla dorosłych - teatr', 1, '/images/oferta-ikony/teatr-dorosli.jpg', '', 5),
(23, 'dla dzieci - sensoryka', 6, '/images/oferta-ikony/natura-dzieci.jpg', '', 4),
(24, 'dla dzieci - babyenglish', 6, '/images/oferta-ikony/ang-dzieci.jpg', '', 5),
(25, 'dla dzieci - englishfun', 6, '/images/oferta-ikony/ang2-dzieci.jpg', '', 5);

-- --------------------------------------------------------

--
-- Struktura tabeli dla tabeli `courses_heading_translation`
--

CREATE TABLE `courses_heading_translation` (
  `id` int(10) UNSIGNED NOT NULL,
  `languages_id` int(10) UNSIGNED NOT NULL,
  `heading_3` varchar(255) NOT NULL,
  `heading_2` varchar(255) NOT NULL
) ENGINE=InnoDB DEFAULT CHARSET=utf8mb4;

--
-- Zrzut danych tabeli `courses_heading_translation`
--

INSERT INTO `courses_heading_translation` (`id`, `languages_id`, `heading_3`, `heading_2`) VALUES
(1, 1, 'Twój wybór', 'Nasza oferta'),
(2, 2, 'Your choice', 'Our programmes'),
(3, 3, 'Sự lựa chọn của bạn', 'Gói hàng của chúng tôi'),
(4, 4, '你的选择：', '我们的课程');

-- --------------------------------------------------------

--
-- Struktura tabeli dla tabeli `courses_translation`
--

CREATE TABLE `courses_translation` (
  `id` int(10) UNSIGNED NOT NULL,
  `languages_id` int(10) UNSIGNED NOT NULL,
  `courses_id` int(10) UNSIGNED NOT NULL DEFAULT 4,
  `course_name` varchar(255) DEFAULT NULL,
  `heading_3` varchar(255) DEFAULT NULL,
  `button` varchar(255) NOT NULL,
  `long_desc` varchar(5000) DEFAULT NULL,
  `short_desc` varchar(500) DEFAULT NULL,
  `img` varchar(255) DEFAULT NULL
) ENGINE=InnoDB DEFAULT CHARSET=utf8mb4;

--
-- Zrzut danych tabeli `courses_translation`
--

INSERT INTO `courses_translation` (`id`, `languages_id`, `courses_id`, `course_name`, `heading_3`, `button`, `long_desc`, `short_desc`, `img`) VALUES
(1, 1, 1, 'Logorytmika', 'Logorytmika', 'Sprawdź', '<p>Zajęcia przeznaczone są zarówno dla dzieci początkujących, jak też dla już grających i zaawansowanych. Materiały do nauki – nuty przesyłamy mejlem. Zajęcia odbywają się online indywidualnie – na żywo w uzgodnionym terminie. Lekcje są dostępne w języku polskim i angielskim.</p>\r\n<p>Logorytmika to innowacyjne zajęcia łączące zajęcia logopedyczne z rytmiką. Wpływają one  na narząd artykulacyjny, sferę słuchową i słuchowo-ruchową. Celem zajęć jest harmonijne stymulowanie mowy oraz uwrażliwienie dziecka na rytm, melodię, tempo, dynamikę, barwę dźwięku. Są to cechy wspólne dla mowy i muzyki.</p>\r\n<p>Zajęcia z logorytmiki prowadzone są poprzez zabawę wykorzystują:</p>\r\n<ul>\r\n<li>ćwiczenia oddechowe</li>\r\n<li>ćwiczenia słowne</li>\r\n<li>ćwiczenia słuchowe</li>\r\n<li>ćwiczenia rytmiczne</li>\r\n<li>ćwiczenia ruchowe</li>\r\n<li>ćwiczenia rozwijające słownik dziecka</li>\r\n</ul>\r\n<p>Zajęcia są skierowane przede wszystkim do najmłodszych.</p>', '', '/images/oferta/logorytmika.jpg'),
(2, 1, 2, 'Gordonki', 'Gordonki', 'Sprawdź', '<p>Metoda stworzona przez Edwina Gordona – muzyka, psychologa i pedagoga. Teoria dowodzi, że dziecko najlepiej uczy się przez pierwsze 5 lat życia. Tworzy to podstawy do dalszego rozwoju. W tym wieku dzieci są bardzo chłonne i szybko się uczą.</p>\r\n<p><b>Jak wyglądają zajęcia?</b></p>\r\n<p>Maluszki mogą pełzać lub chodzić po sali, swobodnie reagując na dźwięki. Zajęcia muzyczne są pełne niespodzianek – kolorowe szarfy, pióra, bezpieczne instrumenty muzyczne oraz muzyka na żywo. Nauczycielki prowadzące zajęcia są muzykami, grają na fortepianie, gitarze i skrzypcach oraz śpiewają. Pozwala to dzieciom na obcowanie z muzyką od najwcześniejszych lat życia, już <b>od 1. miesiąca życia.</b></p>\r\n<p>Do 18 miesiąca życia dzieci spontanicznie śpiewają, a zajęcia umuzykalniające metodą Gordona wspomagają naturalny proces rozumienia muzyki oraz harmonijny ich rozwój.</p>\r\n<p><b>Co dają zajęcia?</b></p>\r\n<ul>\r\n<li>poprzez zabawę wprowadzają maluszki w świat dźwięków i rytmów</li>\r\n<li>maksymalnie rozwijają muzyczny potencjał dziecka</li>\r\n<li>wykorzystują różnorodne formy wychowania muzycznego- śpiew, taniec, słuchanie, improwizacja, granie</li>\r\n<li>rozwijają słownictwo</li>\r\n<li>umożliwiają pozytywny kontakt z rówieśnikami w małej grupie społecznej</li>\r\n<li>budują bliską relację dziecka z rodzicem</li>\r\n<li>dzieci uczą się kochać muzykę</li>\r\n</ul>\r\n<p>Zajęcia są skierowane przede wszystkim do najmłodszych.</p>\r\n<p>Podczas epidemii oferujemy tylko <b>zajęcia indywidualne</b> – terminy ustalane z każdym rodzicem oddzielnie. Jak sytuacja epidemiologiczna się uspokoi utworzymy kameralne grupy. Wymagana jest obecność na zajęciach rodzica lub opiekuna.</p>\r\n<p>Przestronne sale 30-40m2 wyłożone są wykładziną.</p>\r\n<p>Mamy specjalny pokój do karmienia i przewijania.</p>\r\n<p>Do szkoły prowadzi duża winda, można wygodnie wjechać z wózkiem.</p>\r\n<p>Karnet 4 spotkania jest do wykorzystania przez cały miesiąc. Zajęcia odbywają się we wtorki, środy, czwartki, soboty i niedziele. Można chodzić częściej na zajęcia np. 2-3 razy w tygodniu. Gdyby dziecko zachorowało, wystarczy odwołać zajęcia i żadne nie są stracone.</p>\r\n<p>Cena w karnecie to tylko 50zł za indywidualne zajęcia 30 minutowe. Jednorazowe zajęcia 60zł.</p>\r\n<p>Liczba miejsc ograniczona.</p>\r\n<p>Wymagana wcześniejsza rezerwacja miejsc - 883 489 184</p>', '', '/images/oferta/gordonki.jpg'),
(3, 1, 3, 'Logopedia', 'Logopedia muzyczna', 'Sprawdź', '<p>Zajęcia przeznaczone są zarówno dla dzieci początkujących, jak też dla już grających i zaawansowanych. Materiały do nauki – nuty przesyłamy mejlem. Zajęcia odbywają się online indywidualnie – na żywo w uzgodnionym terminie. Lekcje są dostępne w języku polskim i angielskim.</p>\r\n<p>Logopedia muzyczna to innowacyjne zajęcia łączące zajęcia logopedyczne z rytmiką. Wpływają one na narząd artykulacyjny, sferę słuchową i słuchowo-ruchową. Celem zajęć jest harmonijne stymulowanie mowy oraz uwrażliwienie dziecka na rytm, melodię, tempo, dynamikę, barwę dźwięku. Są to cechy wspólne dla mowy i muzyki.</p>\r\n<p>Zajęcia z logopedii prowadzone są poprzez zabawę i wykorzystują:</p>\r\n<ul>\r\n<li>ćwiczenia logopedyczne</li>\r\n<li>ćwiczenia oddechowe</li>\r\n<li>ćwiczenia słowne</li>\r\n<li>ćwiczenia słuchowe</li>\r\n<li>ćwiczenia rytmiczne</li>\r\n<li>ćwiczenia dużej i małej motoryki</li>\r\n<li>ćwiczenia rozwijające słownik dziecka</li>\r\n</ul>\r\n<p>Zajęcia ukierunkowane są na korygowanie wad wymowy wykorzystując w tym celu m.in. piosenki oraz specjalne ćwiczenia logopedyczne. U dziecka usprawnia się aparat mowy oraz poprawia komunikacja językowa. Dodatkową korzyścią jest rozwój małej motoryki i terapia ręki. Program jest układany indywidualnie według potrzeb dziecka. Oferujemy diagnozę oraz terapię logopedyczną, z wykorzystaniem muzyki.</p>\r\n<p>Oferujemy specjalny program poprawiający wymowę dla dzieci mieszkających poza granicami Polski. Nasi nauczyciele prowadzą zajęcia także w jezyku angielskim.</p>', '<p>Zajęcia są indywidualne i przeznaczone dla dzieci przedszkolnych i wczesnoszkolnych</p>', '/images/oferta/logopedia.jpg'),
(4, 1, 4, 'Fortepian', 'Klasa fortepianu', 'Sprawdź', '<p>Zajęcia przeznaczone są zarówno dla dzieci początkujących, jak też dla już grających i zaawansowanych. Materiały do nauki – nuty przesyłamy mejlem. Zajęcia odbywają się online indywidualnie – na żywo w uzgodnionym terminie. Lekcje są dostępne w języku polskim i angielskim.</p>\r\n<p>Lekcje gry na fortepianie przeznaczone są dla dzieci od lat 5-ciu i mają na celu wychowanie melomanów, którym sztuka będzie towarzyszyła przez całe życie.</p>\r\n<p>Po stresach i trudach szkolnej codzienności granie daje ukojenie oraz niezbędny relaks. Podczas lekcji uczniowie mogą się odprężyć i zanurzyć w świecie dźwięków. Tutaj są najważniejsi, otoczeni bezcennym zaufaniem wzmacniającym poczucie bezpieczeństwa. Tutaj mogą być autentyczni - muzyka pomaga im wyrazić emocje, rozładować napięcie i stresy.</p>\r\n<p>Nowy, lepszy sposób traktowania uczniów jako ważnych osób, których słowa, myśli i emocje mają znaczenie. Podczas zajęć dzieci uczą się nie tylko grać na instrumencie, ale również rozmawiają z nauczycielem o różnych nurtujących ich problemach.</p>\r\n<p>Program dostosowywany do wieku oraz umiejętności każdego ucznia obejmuje:</p>\r\n<ul>\r\n<li>czytanie nut wg autorskiej metody Grażyny Kołodziej</li>\r\n<li>utwory solo i w duetach na 4 ręce</li>\r\n<li>muzyczne filmy</li>\r\n<li>kształcenie słuchu</li>\r\n<li>solfeż</li>\r\n<li>historia i teoria muzyki</li>\r\n<li>gry i zabawy muzyczne</li>\r\n</ul>\r\n<p>Program zawiera obszerną literaturę muzyczną, w skład której wchodzą m.in. utwory klasyczne, jazzowe, muzyką filmowa np. z bajek Disneya), etniczną, a także kolędy i pastorałki.</p>\r\n<p>Nauka obejmuje 3 etapy:</p>\r\n<ol>\r\n<li>podstawowy</li>\r\n<li>średni</li>\r\n<li>zaawansowany, z możliwością przygotowania na Uniwersytet Muzyczny lub na konkursy pianistyczne.</li>\r\n</ol>\r\n<p>Dodatkową korzyścią są organizowane cykliczne warsztaty i lekcje mistrzowskie, dzięki prężnie działającej współpracy międzynarodowej Konwersatorium Muzycznego z nauczycielami fortepianu z różnych krajów - m.in. z Niemiec, Wielkiej Brytanii, Finlandii i USA.</p>', '<p>Indywidualne lekcje fortepianu w systemie mistrz-uczeń dla dzieci 5+</p>', '/images/oferta/fortepian-dzieci.jpg'),
(5, 1, 5, 'Śpiew', 'Klasa śpiewu', 'Sprawdź', '<p>Zajęcia przeznaczone są zarówno dla dzieci początkujących, jak też dla już grających i zaawansowanych. Materiały do nauki – nuty przesyłamy mejlem. Zajęcia odbywają się online indywidualnie – na żywo w uzgodnionym terminie. Lekcje są dostępne w języku polskim i angielskim.</p>\r\n<p>Kontakt z muzyka jest ekscytująca przygodą. Nauka gry, prowadzona w naszej szkole, ma cechy innowacyjnej edukacyjnej. Nie ma ocen, egzaminów. Dzieci są najważniejsze, ich wypowiedzi, ich myśli i odczucia. Podczas zajęć panuje serdeczna, przyjacielska atmosfera życzliwości, która zapewnia poczucie bezpieczeństwa i komfortu. Dzięki temu zwiększa się samoocena i poczucie własnej skuteczności.</p>\r\n<p>Podczas zajęć uczniowie nabywają umiejętności muzycznych, a także uczą się jak najlepiej można zarządzać własnym czasem. Jak organizować obowiązki, znajdować czas na naukę, odrobienie pracy domowej, granie na instrumencie, a także czas dla siebie, na relaks.</p>\r\n<p>W programie:</p>\r\n<ul>\r\n<li>Piosenki znane i lubiane</li>\r\n<li>Muzyczne gry i zabawy z głosem</li>\r\n<li>Nauka improwizacji</li>\r\n<li>Projekcje wokalnych dzieł muzycznych (oper, oratoriów i musicali)</li>\r\n<li>Muzyczne bajki grajki</li>\r\n</ul>\r\n<p>Zajęcia rozwijają muzykalność, a także aparat i płynność mowy. Zajęcia uczą relaksacji i rozładowywania napięć z ciała. Celem lekcji śpiewu jest rozbudzenie miłość do muzyki i zwiększenie pewność siebie.</p>\r\n<p><b>NOWOŚĆ Czasami łatwiej jest zacząć śpiewać z koleżanką, szczególnie dzieciom nieśmiałym - dlatego zapraszamy na nasze najnowsze zajęcia Zespół wokalny. W kameralnych 3-4 osobowych grupach dzieci mogą spróbować swoich sił w bezpiecznej, przyjaznej atmosferze.</b></p>', '<p>Indywidualne lekcje śpiewu w systemie mistrz-uczeń dla dzieci 5+.</p>', '/images/oferta/spiew-dla-dzieci.jpg'),
(6, 1, 6, 'Gitara i Ukulele', 'Klasa gitary i ukulele', 'Sprawdź', '<p>Zajęcia online są dostępne z uwzględnieniem występujących różnic czasu. Zajęcia przeznaczone są zarówno dla dzieci początkujących, jak też dla już grających i zaawansowanych. Materiały do nauki – nuty przesyłamy mejlem. Zajęcia odbywają się online indywidualnie – na żywo w uzgodnionym terminie. Lekcje są dostępne w języku polskim i angielskim.</p>\r\n<p>Zajęcia muzyczne rozwijają kreatywność uczniów w sprzyjającej atmosferze. Właściwymi metodami, dobieranymi przez nauczyciela do indywidualnych potrzeb ucznia, można poprawić pamięć i znacznie rozwinąć koncentrację. Cechy te są bardzo przydatne w szkole, a ponadto niezwykle istotne w dorosłym życiu – tym prywatnym i zawodowym.\r\n<br>\r\n<br> Podczas lekcji uczniowie zapoznają sie z nowymi utworami, co wspiera rozwój umiejętności analitycznych, czytania ze zrozumieniem, interpretacji nut oraz szybszej oceny materiału. Jak pokonać napotkane trudności? Jak dostrzegać podobieństwa w utworze muzycznym? Jak interpretować nieznane elementy muzyczne? Lekcje muzyki pomagają uczniom doskonalić umiejętność logicznego myślenia.\r\n</p>\r\n<p> Program dostosowywany do wieku oraz umiejętności każdego ucznia obejmuje:</p>\r\n<ul>\r\n<li>czytanie nut</li>\r\n<li>muzyczne filmy</li>\r\n<li>kształcenie słuchu</li>\r\n<li>solfeż</li>\r\n<li>historia i teoria muzyki</li>\r\n<li>gry i zabawy muzyczne</li>\r\n<p>Program zawiera obszerną literaturę muzyczną, w skład której wchodzą m.in. utwory klasyczne, jazzowe, muzyką filmowa np. z bajek Disneya), etniczną, a także kolędy i pastorałki.\r\n</p>\r\n<p>W programie zajęć utwory solowe, a także duety - utwory z towarzyszeniem drugiegiej gitary lub ukulele.</p>\r\n<p>W szkole posiadamy gitarę i ukulele, więc na lekcje nie trzeba przynosić własnego instrmentu – jest to komfortowe rozwiązanie. Przez pierwszy miesiąc próbny nie trzeba posiadać w domu instrumentu.</p>\r\n', '<p>Indywidualne lekcje gry na gitarze klasycznej i ukulele w systemie mistrz-uczeń dla dzieci 5+.</p>', '/images/oferta/gitara-dla-dzieci.jpg'),
(7, 1, 7, 'Wiolonczela', 'Klasa wiolonczeli', 'Sprawdź', '<p>Zajęcia przeznaczone są zarówno dla dzieci początkujących, jak też dla już grających i zaawansowanych. Materiały do nauki – nuty przesyłamy mejlem. Zajęcia odbywają się online indywidualnie – na żywo w uzgodnionym terminie. Lekcje są dostępne w języku polskim i angielskim.</p>\r\n<p>Zajęcia wzmacniają poczucie własnej wartości. Dzieci w bezpieczniej i sprzyjającej nauce atmosferze czerpią radość i przyjemność z muzyki. Wspólne muzykowanie buduje bliską relację z nauczycielem, bo muzyka może łączy ludzi i tworzy relację partnerską.</p>\r\n<p>Granie na instrumentach w duetach (początkowo a nauczycielem, a później razem z innymi uczniami) uczy współpracy, która jest niezbędna w dorosłym życiu. Uczy również zadaniowości, pracy w grupie, wspólnego poszukiwania najlepszych rozwiązań, słuchania i rozumienia innych.</p>\r\n<p>Poznając nowe utwory, uczniowie uczą się, jak poszerzać umiejętności i pokonywać przeszkody. Jak szukać odpowiednich i skutecznych metod rozwiązywania trudnych zadań. Nabywają determinację i wytrwałość, nie poddają się w sytuacjach kryzysowych, mają odwagę, by zmierzać się z problemami i poszukiwać rozwiązać. Uczą się wytrwałości w dążeniu do doskonałości.</p>\r\n<p>Program dostosowywany do wieku oraz umiejętności każdego ucznia obejmuje:</p>\r\n<ul>\r\n<li>czytanie nut</li>\r\n<li>muzyczne filmy</li>\r\n<li>kształcenie słuchu</li>\r\n<li>solfeż</li>\r\n<li>historia i teoria muzyki</li>\r\n<li>gry i zabawy muzyczne</li>\r\n</ul>\r\n<p>Program zawiera obszerną literaturę muzyczną, w skład której wchodzą m.in. utwory klasyczne, jazzowe, muzyką filmowa np. z bajek Disneya), etniczną, a także kolędy i pastorałki.</p>\r\n<p>W programie zajęć utwory solowe, a także duety - utwory z towarzyszeniem drugiej wiolonczeli lub fortepianu</p>\r\n<p>W szkole posiadamy specjalną dla dzieci małą wiolonczelę, więc na lekcje nie trzeba przynosić własnego – jest to komfortowe rozwiązanie. Przez pierwszy miesiąc próbny nie trzeba posiadać w domu instrumentu.</p>', '<p>Indywidualne lekcje gry na wiolonczeli w systemie mistrz-uczeń dla dzieci 5+.</p>', '/images/oferta/wiolonczela-dzieci.jpg'),
(8, 1, 8, 'Saksofon', 'Klasa saksofonu', 'Sprawdź', '<p>Zajęcia przeznaczone są zarówno dla dzieci początkujących, jak też dla już grających i zaawansowanych. Materiały do nauki – nuty przesyłamy mejlem. Zajęcia odbywają się online indywidualnie – na żywo w uzgodnionym terminie. Lekcje są dostępne w języku polskim i angielskim.</p>\r\n<p>W ekscytującej atmosferze dzieci zapoznają się z nowymi dźwiękami i utworami muzycznymi, co wspiera rozwijaniu się wyobraźni. Nauczyciele pilnują, aby wzmacniać poczucie wartości uczniów, poprzez okazywanie im szacunku.</p>\r\n<p>Gra na instrumencie to międzynarodowy język wyrażania emocji i myśli, czasem niemożliwych do opowiedzenia słowami. Przy okazji jest to świetna zabawa. Poprzez muzykę uczniowie uczą się lepiej wyrażać siebie, mówić o swoich przeżyciach wewnętrznych i poznawać samych siebie.</p>\r\n<p>Program dostosowywany do wieku oraz umiejętności każdego ucznia obejmuje:</p>\r\n<ul>\r\n<li>czytanie nut</li>\r\n<li>muzyczne filmy</li>\r\n<li>kształcenie słuchu</li>\r\n<li>solfeż</li>\r\n<li>historia i teoria muzyki</li>\r\n<li>gry i zabawy muzyczne</li>\r\n</ul>\r\n<p>Program zawiera obszerną literaturę muzyczną, w skład której wchodzą m.in. utwory klasyczne, jazzowe, muzyka filmowa np. z bajek Disneya, etniczna, a także kolędy i pastorałki. W skład literatury muzycznej wchodzą także utwory oryginalnie napisane na saksofon jak i transkrypcje utworów z innych instrumentów.</p>\r\n<p>W programie zajęć utwory solowe, a także duety - utwory z towarzyszeniem drugiego saksofonu lub fortepianu, a także nauka improwizacji.</p>\r\n<p>W szkole posiadamy saksofon, więc na lekcje nie trzeba przynosić własnego – jest to komfortowe rozwiązanie. Przez pierwszy miesiąc próbny nie trzeba posiadać w domu instrumentu.</p>', '<p>Indywidualne lekcje gry na saksofonie w systemie mistrz-uczeń dla dzieci 8+.</p>', '/images/oferta/saksofon-dla-dzieci.jpg'),
(9, 1, 9, 'Pierwsze kroki', 'Pierwsze kroki', 'Sprawdź', '<p>Zajęcia przeznaczone są zarówno dla dzieci początkujących, jak też dla już grających i zaawansowanych. Materiały do nauki – nuty przesyłamy mejlem. Zajęcia odbywają się online indywidualnie – na żywo w uzgodnionym terminie. Lekcje są dostępne w języku polskim i angielskim.</p>\r\n<p>Indywidualne zajęcia umuzykalniające to specjalny program wprowadzając w świat dźwięków i muzyki. Zajęcia rozbudzające miłość do muzyki na całe życie, skierowane do dzieci w wieku 3-6 lat, gdy są szczególnie otwarte i chłonne na nową wiedzę. Plan zajęć dostosowywany jest do możliwości i potrzeb każdego dziecka.</p>\r\n<p>Ten autorski program Bogny Kołodziej zapewnia potężną dawkę muzyki, ruchu i zabawy, które pobudzają do rozwoju i dostarczają dużo radości. Dodatkowym zyskiem jest jednoczesne przygotowanie do rozpoczęcia w przyszłości nauki gry na wybranym instrumencie.</p><p>Program nauki muzyki i kształcenia słuchu zawiera m.in:</p>\r\n<ul>\r\n<li>Muzyczne gry i zabawy</li>\r\n<li>Śpiewanie znanych i lubianych piosenek</li>\r\n<li>Muzyczne projekcje filmowe</li>\r\n<li>Samodzielną improwizację muzyczną dzieci na pianinie i innych instrumentach</li>\r\n<li>Muzyczne bajki grajki</li>\r\n<li>Prezentację fragmentów wielkich dzieł orkiestrowych</li>\r\n<li>Mini koncerty – muzyka na żywo</li>\r\n</ul>', '<p>Indywidualne zajęcia umuzykalniające dla dzieci 3+</p>', '/images/oferta/umuzykalnienie.jpg'),
(10, 1, 10, 'Fortepian', 'Klasa fortepianu', 'Sprawdź', '<p>Zajęcia przeznaczone są zarówno dla osób dorosłych początkujących, jak też dla już grających i zaawansowanych. Materiały do nauki – nuty przesyłamy mejlem. Zajęcia odbywają się online indywidualnie – na żywo w uzgodnionym terminie. Lekcje są dostępne w języku polskim i angielskim.</p>\r\n<p>Wiele osób od dziecka marzyło o nauce gry na fortepianie, niestety nie miało takiej możliwości. Niespełnione marzenia z dzieciństwa często powracają po latach, a ich realizacja zapewnia wiele radości, satysfakcji i relaksu. Autorski sposób nauki czytania nut gwarantuje łatwości i szybkość nauki czytania nut.</p>\r\n<p>Program przygotowywany jest według Państwa zainteresowań, składa się m.in. z:</p>\r\n<ul>\r\n<li>utworów klasycznych</li>\r\n<li>jazz, blues, rock’n’roll</li>\r\n<li>przebojów zespołów takich jak The Beatles i Abba</li>\r\n<li>tematów z oper i baletów</li>\r\n<li>muzyki filmowej</li>\r\n<li>musicalów</li>\r\n<li>pop</li>\r\n<li>muzyki etnicznej</li>\r\n</ul>\r\n<p>Program dla dorosłych pozwala nie tylko zrealizować marzenia, ale również zarazić nimi własne dzieci. Często naukę rozpoczynają równolegle rodzice i dzieci, którzy podczas ćwiczeń przy instrumencie w domu nawzajem sobie pomagają. Taka muzyczna współpraca pozwala lepiej rozumieć własne dziecko i nawiązać z nim jeszcze bliższy kontakt, także poprzez granie z nim na 4 ręce.</p>', '<p>Indywidualne lekcje gry na fortepianie w systemie mistrz-uczeń. Posiadamy specjalny autorski program nauczania dla osób dorosłych pod podstaw.</p>', '/images/oferta/fortepian-dorosli.jpg'),
(11, 1, 11, 'Śpiew', 'Klasa śpiewu', 'Sprawdź', '<p>Zajęcia przeznaczone są zarówno dla osób dorosłych początkujących, jak też dla już śpiewających i zaawansowanych. Materiały do nauki – nuty przesyłamy mejlem. Zajęcia odbywają się online indywidualnie – na żywo w uzgodnionym terminie. Lekcje są dostępne w języku polskim i angielskim.</p>\r\n<p>W dzieciństwie każdy z nas śpiewał piosenki na wyjazdach, przy ognisku, podczas uroczystości szkolnych czy w chórze. Sprawiało to zawsze wiele radości i satysfakcji, z czasem jednak o tym zapomnieliśmy. Co więcej osoby dorosłe żyjące w ciągłym pośpiechu często zapominają o podstawowej czynności, jaką jest prawidłowe oddychanie. Zajęcia w klasie śpiewu pozwalają uwolnić głos, by znów poczuć się wolnym i radosnym. I na nowo odkryć swój muzyczny potencjał.</p>\r\n<p>Program przygotowywany jest według Państwa zainteresowań, składa się m.in. z:</p>\r\n<ul>\r\n<li>pieśni klasyczne</li>\r\n<li>standardy musicalowe i jazzowe</li>\r\n<li>arie i utwory klasyczne</li>\r\n<li>piosenki popularne i etniczne</li>\r\n</ul>\r\n<p>Podczas zajęć poznają Państwo technik naturalnego rezonowania i wzmacniania głosu, prawidłowego korzystania z mechanizmów oddychania oraz właściwiej emisji głosu. Zajęcia są dla osób, które pragną rozwijać się wokalnie i poprawić swoje samopoczucie poprzez pracę z głosem.</p>', '<p>Indywidualne lekcje śpiewu w systemie mistrz-uczeń. Posiadamy specjalny autorski program nauczania dla osób dorosłych pod podstaw.</p>', '/images/oferta/spiew-dla-doroslych.jpg'),
(12, 1, 12, 'Gitara i Ukulele', 'Klasa gitary i ukulele', 'Sprawdź', '<p>Zajęcia przeznaczone są zarówno dla osób dorosłych początkujących, jak też dla już grających i zaawansowanych. Materiały do nauki – nuty przesyłamy mejlem. Zajęcia odbywają się online indywidualnie – na żywo w uzgodnionym terminie. Lekcje są dostępne w języku polskim i angielskim.</p>\r\n<p>Gitara kojarzy się z płonącym kominkiem i ciepłą rodzinna atmosferą. Jej dźwięki przyjemnie budują nastrój. Jest to instrument, który łatwo ze sobą zabrać i grać w dowolnym miejscu na całym świecie. Szczególnie że wspólne śpiewanie wzmacnia przyjacielskie więzi i tworzy niezapomniane wspomnienia.</p>\r\n<p>Program przygotowywany jest według Państwa zainteresowań, składa się m.in. z:</p>\r\n<ul>\r\n<li>utworów klasycznych</li>\r\n<li>jazzu, blues, rock’n’roll</li>\r\n<li>przebojów zespołów takich jak The Beatles i Abba</li>\r\n<li>tematów z oper i baletów</li>\r\n<li>muzyki filmowej</li>\r\n<li>musicalów</li>\r\n<li>pop</li>\r\n<li>muzyki etnicznej</li>\r\n</ul>\r\n<p>Autorski sposób nauki czytania nut gwarantuje łatwości i szybkość nauki czytania nut. W programie są utwory solowe, a także w duecie – na dwie gitary lub ukulele. Dodatkowo lekcje są wzbogacone o ciekawostki z historii muzyki.</p>\r\n<p>Dla zaawansowanych nauka gry na gitarze elektrycznej.</p>\r\n<p>W szkole posiadamy gitarę i ukulele, więc na lekcje nie trzeba przynosić własnego instrumentu – jest to komfortowe rozwiązanie. Przez pierwszy miesiąc nie trzeba posiadać w domu instrumentu.</p>', '<p>Indywidualne lekcje gry na gitarze klasycznej i ukulele w systemie mistrz-uczeń. Posiadamy specjalny autorski program nauczania dla osób dorosłych pod podstaw.</p>', '/images/oferta/gitara-dla-doroslych.jpg'),
(13, 1, 13, 'Wiolonczela', 'Klasa wiolonczeli', 'Sprawdź', '<p>Zajęcia przeznaczone są zarówno dla osób dorosłych początkujących, jak też dla już grających i zaawansowanych. Materiały do nauki – nuty przesyłamy mejlem. Zajęcia odbywają się online indywidualnie – na żywo w uzgodnionym terminie. Lekcje są dostępne w języku polskim i angielskim.</p>\r\n<p>Ciepłe i śpiewne brzmienie instrumentu zapewnia wyjątkową, komfortową atmosferę. Jest to wyjątkowy instrument, do którego można się przytulić. W tym zabieganym świecie daje poczucie bezpieczeństwa i uspokaja. Można przy nim znaleźć chwile dla siebie, tylko dla siebie.</p>\r\n<p>Program przygotowywany jest według Państwa zainteresowań, składa się m.in. z:</p>\r\n<ul>\r\n<li>utworów klasycznych</li>\r\n<li>jazzu, blues, rock’n’roll</li>\r\n<li>przebojów zespołów takich jak The Beatles i Abba</li>\r\n<li>tematów z oper i baletów</li>\r\n<li>muzyki filmowej</li>\r\n<li>musicalów</li>\r\n<li>pop</li>\r\n<li>muzyki etnicznej</li>\r\n</ul>\r\n<p>Autorski sposób nauki czytania nut gwarantuje łatwości i szybkość nauki czytania nut. W programie zajęć utwory solowe, a także duety - utwory z towarzyszeniem drugiej wiolonczeli lub fortepianu</p>\r\n<p>W szkole posiadamy wiolonczelę, więc na lekcje nie trzeba przynosić własnej – jest to komfortowe rozwiązanie. Przez pierwszy miesiąc próbny nie trzeba posiadać w domu instrumentu.</p>', '<p>Indywidualne lekcje gry na wiolonczeli w systemie mistrz-uczeń. Posiadamy specjalny autorski program nauczania dla osób dorosłych pod podstaw.</p>', '/images/oferta/wiolonczela-dorosli.jpg'),
(14, 1, 14, 'Saksofon', 'Klasa saksofonu', 'Sprawdź', '<p>Zajęcia przeznaczone są zarówno dla osób dorosłych początkujących, jak też dla już grających i zaawansowanych. Materiały do nauki – nuty przesyłamy mejlem. Zajęcia odbywają się online indywidualnie – na żywo w uzgodnionym terminie. Lekcje są dostępne w języku polskim i angielskim.</p>\r\n<p>Magiczny, błyszczący, pełen siły - saksofon uwodzi i oczarowuje. Jego dźwięki wyrażają uczucia, których nie sposób ubrać w słowa. Posiada potężne możliwości brzmienia i wprowadza wyjątkowy nastrój podczas spotkań w gronie najbliższych.</p>\r\n<p>Program przygotowywany jest według Państwa zainteresowań, składa się m.in. z:</p>\r\n<ul>\r\n  <li>utworów klasycznych</li>\r\n  <li>jazzu, blues, rock’n’roll</li>\r\n  <li>przebojów zespołów takich jak The Beatles i Abba</li>\r\n  <li>tematów z oper i baletów</li>\r\n  <li>muzyki filmowej</li>\r\n  <li>musicalów</li>\r\n  <li>pop</li>\r\n  <li>muzyki etnicznej</li>\r\n</ul>\r\n<p>Autorski sposób nauki czytania nut gwarantuje łatwości i szybkość nauki czytania nut. W programie zajęć utwory solowe, a także duety - utwory z towarzyszeniem drugiego saksofonu lub fortepianu, a także nauka improwizacji. Dodatkowo lekcje są wzbogacone o ciekawostki z historii muzyki.</p>\r\n<p>W szkole posiadamy saksofon, więc na lekcje nie trzeba przynosić własnego – jest to komfortowe rozwiązanie. Przez pierwszy miesiąc próbny nie trzeba posiadać w domu instrumentu.</p>', '<p>Indywidualne lekcje gry na saksofonie w systemie mistrz-uczeń. Posiadamy specjalny autorski program nauczania dla osób dorosłych pod podstaw.</p>', '/images/oferta/saksofon-dla-doroslych.jpg'),
(15, 1, 15, 'Chór i Zespół wokalny', 'Chór i Zespół wokalny', 'Sprawdź', '<p>Lekcje śpiewu w kameralnych grupach. Posiadamy specjalny autorski program nauczania dla osób dorosłych pod podstaw.</p>\r\n<p>W dzieciństwie każdy z nas śpiewał piosenki na wyjazdach, przy ognisku, podczas uroczystości szkolnych czy w chórze. Sprawiało to zawsze wiele radości i satysfakcji, z czasem jednak o tym zapomnieliśmy. Co więcej osoby dorosłe żyjące w ciągłym pośpiechu często zapominają o podstawowej czynności, jaką jest prawidłowe oddychanie. Zajęcia w klasie śpiewu pozwalają uwolnić głos, by znów poczuć się wolnym i radosnym. I na nowo odkryć swój muzyczny potencjał.</p>\r\n<p>Prowadzimy zajęcia w następujących grupach tematycznych:</p>\r\n<ul>\r\n<li>Chór klasyczny</li>\r\n<li>Zespół jazzowy - z utworami musicalowymi</li>\r\n<li>Chór gospel</li>\r\n<li>Music band – piosenki ogniskowe, szanty, szlagiery przy akompaniamencie gitary</li>\r\n</ul>\r\n<p>Podczas zajęć poznają Państwo technik naturalnego rezonowania i wzmacniania głosu, prawidłowego korzystania z mechanizmów oddychania oraz właściwiej emisji głosu. Zajęcia są dla osób, które pragną rozwijać się wokalnie i poprawić swoje samopoczucie poprzez pracę z głosem.Wspólne śpiewanie rozwija poczucie więzi i wzmacnia kontakty międzyludzkie.</p>\r\n<p>Zajęcia są prowadzone w grupach dla dzieci i w oddzielnych grupach dla dorosłych</p>', '<p><b>NOWOŚĆ!</b></p>', '/images/oferta/zespol.jpg'),
(16, 1, 16, 'Wystąpienia publiczne', 'Wystąpienia publiczne', 'Sprawdź', '<p>Zajęcia przeznaczone są zarówno dla osób dorosłych początkujących, jak też dla zaawansowanych. Materiały do nauki – przesyłamy mejlem. Zajęcia odbywają się online indywidualnie – na żywo w uzgodnionym terminie. Lekcje są dostępne w języku polskim i angielskim.</p>\r\n<p>Od czasów starożytnego Rzymu sztuka oratorska była wysoko ceniona. Mówca musiał wykazać się nie tylko znakomitą dykcją, ale również wiedzą jak skutecznie przekazać swoje przesłanie, aby być zrozumianym i zapamiętanym. W dzisiejszych czasach mówcy, którzy porywają swoją charyzmą opanowali do perfekcji pracę nad oddechem i prawidłową emisją głosu w mowie.</p>\r\n<p>Program przygotowywany jest według Państwa zainteresowań i przeznaczony jest dla:</p>\r\n<ul>\r\n<li>aktorów</li>\r\n<li>dziennikarzy telewizyjnych</li>\r\n<li>polityków</li>\r\n<li>biznesmenów</li>\r\n<li>obcokrajowców</li>\r\n</ul>\r\n<p>Poprzez zajęcia logopedyczno-muzyczne można poprawić wymowę i odkryć naturalny potencjał drzemiącego w każdym mówcy. Dodatkowo zajęcia uczą prawidłowych technik relaksacyjnych, które usprawniają i ułatwiają codzienną prace głosem w świetle kamer i mikrofonów, a także drodze własnego samodoskonalenia.</p>', '<p>Indywidualne lekcje retoryki w systemie mistrz-uczeń. Program jest przeznaczony jest dla osób dorosłych.</p>', '/images/oferta/retoryka.jpg'),
(17, 1, 17, 'Musicfulness', 'Program Musicfulness', 'Sprawdź', '<p>Zajęcia przeznaczone są zarówno dla osób dorosłych początkujących, jak też dla już grających i zaawansowanych. Materiały do nauki – nuty przesyłamy mejlem. Zajęcia odbywają się online indywidualnie – na żywo w uzgodnionym terminie. Lekcje są dostępne w języku polskim i angielskim.</p>\r\n<p>W dzisiejszym świecie cały czas się spieszymy. Gonią nas terminy, projekty i zadania do zrealizowania. Uczniowie mają kolejne sprawdziany, ważne egzaminy i cały czas nowe rzeczy do nauczenia się i zapamiętania. Dorośli mają pracę, a w niej zadania i cele do osiągnięcia w wyznaczonym terminie. Powszechny jest brak czasu dla rodziny, przyjaciół i samego siebie.</p>\r\n<p>W pogoni za sukcesem, zapominamy o najważniejszym – o Sobie. Czasami trzeba się zatrzymać. Musicfulness to program, który pomaga odzyskać równowagę i poczucie harmonii.</p>\r\n<p>Program obejmuje:</p>\r\n<ul>\r\n<li>techniki relaksacyjne</li>\r\n<li>ćwiczenia oddechowe</li>\r\n<li>elementy muzykoterapii</li>\r\n<li>naukę słuchania i koncentracji</li>\r\n<li>naukę skupienia się na tu i teraz</li>\r\n</ul>\r\n<p>To wyjątkowy program pozwalający zwolnić, zatrzymać się i odpocząć. To czas, w którym można bezpiecznie wyciszyć się i zregenerować. Muzyka pozwala zredukować stres i poprawić jakość swojego życia.</p>\r\n<p>Program Musicfulness nawiązuje do Mindfulness, wykorzystując muzykę i jej dobroczynne oddziaływanie na ciało i umysł człowieka.</p>\r\n<p>W czwartki zapraszamy na <b>KAMERALNE ZAJĘCIA GRUPOWE</b>, do naszej siedziby w centum Warszawy. Liczba uczestników tylko 6 osób:</p>\r\n<ul>\r\n<li>11:30 - dla seniorów</li>\r\n<li>18:00 - dla młodzieży</li>\r\n<li>19:00 - dla dorosłych</li>\r\n<p>W poniedziałki zapraszamy na kameralne, grupowe <b>ZAJĘCIA ONLINE</b></p>\r\n<ul>\r\n<li>19:00 - dla młodzieży</li>\r\n<li>20:00 - dla dorosłych</li>\r\n<p>Zajęcia twają 45min, koszt w karnecie 4 spotkania - 50zł. Jednorazowe zajęcia 60zł. Liczba miejsc ograniczona.</p> \r\n<p>Wymagana wcześniejsza rezerwacja miejsc - 883 489 184</p>', '<p>Zajęcia są indywidualne i grupowe przeznaczone dla młodzieży oraz dorosłych.</p>', '/images/oferta/musicfulness.jpg'),
(18, 1, 18, 'Meloman', 'Program Meloman', 'Sprawdź', '<p>Materiały do nauki – przesyłamy mejlem. Zajęcia odbywają się online indywidualnie – na żywo w uzgodnionym terminie. Lekcje są dostępne w języku polskim i angielskim.</p>\r\n<p>Meloman to znawca muzyki. Potrafi rozpoznać dobre wykonanie, zwrócić uwagę na istotne elementy dzieła muzycznego, a także zaskoczyć ciekawą anegdotą o kompozytorze. Sala koncertowa nie ma przed nim tajemnic. Wie, kiedy należy klaskać i na jakie koncerty warto się wybrać. Jest osobą, która zna się na sztuce.</p>\r\n<p>Program przygotowywany jest według Państwa zainteresowań, składa się m.in. z:</p>\r\n<ul>\r\n<li>historia muzyki</li>\r\n<li>literatura muzyczna</li>\r\n<li>życie i twórczość wielkich kompozytorów</li>\r\n<li>światowy kanon arcydzieł muzycznych</li>\r\n<li>oglądanie i analizowanie wybranych fragmentów z oper i baletów</li>\r\n<li>zasady muzyki</li>\r\n</ul>', '<p>Indywidualne zajęcia dla osób dorosłych, chcących rozwijać swoją wiedzę muzyczna bez konieczności nauki gry na instrumencie.</p>', '/images/oferta/meloman.jpg'),
(19, 1, 20, 'Kompozycja', 'Klasa kompozycji', 'Sprawdź', '<p>Lekcje prowadzimy w secesyjnej kamienicy w centrum Warszawy, a teraz także online – zajęcia dostępne w całej Polsce oraz na świecie.</p>\r\n<p>Zajęcia online są dostępne z uwzględnieniem występujących różnic czasu. Materiały do nauki – przesyłamy mejlem. Zajęcia odbywają się online indywidualnie – na żywo w uzgodnionym terminie. Lekcje są dostępne w języku polskim i angielskim.</p>\r\n<p>Tworzenie muzyki to kreatywna sztuka wyobraźni. Daje niepowtarzalną możliwość aby poprzez sztukę, jaką jest muzyka wyrazić bogactwo własnego wewnętrznego świata, pełnego różnych emocji i poszukiwań. Podczas zajęć jest okazja do wykształcenia własnego punktu widzenia na temat dzieł wybitnych kompozytorów, stosowanych przez nich środków technicznych oraz materiału dźwiękowego.</p>\r\n<p>Żeby odnaleźć swój styl kompozycji trzeba znać cały wachlarz możliwości i móc odkryć swoją indywidualność w twórczości. W programie zajęć nauka komponowania w różnych stylach:</p>\r\n<ul>\r\n<li>barok</li>\r\n<li>klasycyzm</li>\r\n<li>romantyzm</li>\r\n<li>techniki dodekafoniczne</li>\r\n<li>aleatoryzm</li>\r\n<li>muzyka elektroakustyczna</li>\r\n<li>muzyka filmowa</li>\r\n<li>nurt minimal music</li>\r\n</ul>\r\n<p>W trakcje zajęć wykorzystywane są nowoczesne techniki komputerowe - programy do edycji nut oraz tworzenia muzyki. Praca nad własnymi kompozycjami odbywa się tradycyjnie na papierze nutowym, a także na laptopie lub tablecie.</p>\r\n', '<p>Indywidualne lekcje w klasie kompozycji w systemie mistrz-uczeń. Program jest przeznaczony dla osób dorosłych posiadających podstawową wiedzę na temat muzyki oraz znających główne zasady notacji muzycznej.</p>\r\n', '/images/oferta/kompozycja.jpg'),
(32, 2, 1, 'Movement, Speech and Music Therapy', 'Logorytmika', 'Check', '<p> The classes are intended for beginners as well as for those who are already playing and advanced. Learning materials - we send the notes by e-mail. Classes are held online individually - live on an agreed date. Lessons are available in Polish and English. </p>\r\n<p> Logorytmika is an innovative class that combines speech therapy with rhythmics. They affect the articulation organ, the auditory and auditory-motor sphere. The aim of the classes is to harmoniously stimulate speech and to sensitize the child to the rhythm, melody, tempo, dynamics and timbre. These are features common to speech and music. </p>\r\n<p> Logorhythmics classes are conducted through play and use: </p>\r\n<ul>\r\n<li> breathing exercises </li>\r\n<li> word exercises </li>\r\n<li> listening exercises </li>\r\n<li> rhythmic exercises </li>\r\n<li> movement exercises </li>\r\n<li> exercises to develop a child\'s dictionary </li>\r\n</ul>\r\n<p> Classes are aimed primarily at the youngest. </p>', '', '/images/oferta/en_oferta/logorytmika.jpg'),
(33, 2, 2, 'Gordonki', 'Gordonki', 'Check', '<p> A method created by Edwin Gordon - musician, psychologist and educator. The theory proves that a child learns best in the first 5 years of life. This creates the basis for further development. At this age, children are very receptive and learn quickly. </p>\r\n<p> <b> What are the classes like? </b> </p>\r\n<p> Babies can crawl or walk around the room, reacting freely to sounds. Music classes are full of surprises - colorful scarves, feathers, safe musical instruments and live music. The teachers conducting the classes are musicians, they play the piano, guitar and violin and sing. Additionally, they are speech therapists. This allows children to experience music from an early age. </p>\r\n<p> Until the age of 18, children sing spontaneously, and Gordon\'s method of music training supports the natural process of understanding music and their harmonious development. </p>\r\n<p> <b> What do the classes give? </b> </p>\r\n<ul>\r\n<li> through play they introduce babies to the world of sounds and rhythms </li>\r\n<li> maximize the musical potential of the child </li>\r\n<li> use various forms of musical education - singing, dancing, listening, improvising, playing </li>\r\n<li> develop vocabulary </li>\r\n<li> enable positive contact with peers in a small social group </li>\r\n<li> build a close relationship between the child and the parent </li>\r\n<li> children learn to love music </li>\r\n</ul>\r\n<p> Classes are aimed primarily at the youngest. </p>\r\n<p> We offer <b> individual classes </b> - dates agreed with each Parent separately, and <b> small groups </b> only 3-6 children! </p>\r\n<p><b> <U> Group lesson dates: </U> </b> </p>\r\n<p> We have two age groups from 1st month to 2 years: </p>\r\n<p> <b> Saturday 10:30 </b> - Group dedicated to the youngest </p>\r\n<p> <b> Saturday 11:30 </b> - Group for older children </p>\r\n<p> A parent or guardian must be present at the class. </p>\r\n<p> <b> Small groups </b> only 3-6 kids! </p>\r\n<p> Spacious rooms 30-40m2 are carpeted </p>\r\n<p> We have a special feeding and changing room. </p>\r\n<p> There is a large elevator to the school, you can comfortably enter with a pram. </p>\r\n<p> <b> Classes start in October and take place on Saturdays </b> </p>\r\n<p> The 4 meeting pass is available for 2 months. Should the child fall ill, no activities are lost. </p>\r\n<p> The price in the pass is only PLN 50 for 45-minute classes. One-off classes PLN 60. </p>\r\n<p> The number of places is limited. </p>\r\n<p> Advance seat reservation required - 883 489 184 </p>', '', '/images/oferta/en_oferta/gordonki.jpg'),
(34, 2, 3, 'Speech Therapy', 'Speech Therapy', 'Check', '<p> The classes are intended for beginners as well as for those who are already playing and advanced. Learning materials - we send the notes by e-mail. Classes are held online individually - live on an agreed date. Lessons are available in Polish and English. </p>\r\n<p> Music speech therapy is an innovative class that combines speech therapy with rhythmics. They affect the articulation organ, the auditory and auditory-motor sphere. The aim of the classes is to harmoniously stimulate speech and to sensitize the child to the rhythm, melody, tempo, dynamics and timbre. These are features common to speech and music. </p>\r\n<p> Speech therapy classes are conducted through play and use: </p>\r\n<ul>\r\n<li> speech therapy exercises </li>\r\n<li> breathing exercises </li>\r\n<li> word exercises </li>\r\n<li> listening exercises </li>\r\n<li> rhythmic exercises </li>\r\n<li> exercises for gross and fine motor skills </li>\r\n<li> exercises to develop a child\'s dictionary </li>\r\n</ul>\r\n<p> Classes are aimed at correcting speech impediments using, among others, songs and special speech therapy exercises. The child\'s speech apparatus improves and linguistic communication improves. An additional benefit is the development of fine motor skills and hand therapy. The program is arranged individually according to the child\'s needs. We offer diagnosis and speech therapy, with the use of music. </p>\r\n<p> We offer a special program to improve pronunciation for children living outside Poland. Our teachers also conduct classes in English. </p>', '<p> Classes are individual and are intended for preschool and early school children </p>', '/images/oferta/en_oferta/logopedia.jpg'),
(35, 2, 4, 'Piano', 'Piano Class', 'Check', '<p>Facing the stress and challenges every-day of school reality, children benefit from playing, as it gives relief and necessary relax. During the classes pupils may unwind and dive into the world of sounds. Here, they are the most important, surrounded by priceless trust, which strengthens their sense of security. Here, they can be authentic - music helps them express their emotions, unload their tension and stress.</p>\r\n<p>A new, improved method of treating pupils as important individuals whose words, thoughts, and emotions are significant. During the classes, children learn not only how to play an instrument, but also discuss with the teacher many vital problems.</p>\r\n<p>The programme is selected according to your interests and, among others, includes:</p>\r\n<ul>\r\n<li>reading music sheets according to Grazyna Kolodziej’s special method</li>\r\n<li>solo pieces, and 4-hand duets</li>\r\n<li>movies about music</li>\r\n<li>refinement of hearing</li>\r\n<li>solfege</li>\r\n<li>history and theory of music</li>\r\n<li>music games</li>\r\n</ul>\r\n<p>The program provides learners with an extensive range of music literature, including, among others, classical and jazz pieces, soundtracks from Disney movies, ethnic music, as well as Christmas carols.</p>\r\n<p>Learning consists of 3 stages:</p>\r\n<ol>\r\n<li>basic</li>\r\n<li>intermediate</li>\r\n<li>advance with the possibility of preparing for music universities or piano competitions</li>\r\n</ol>\r\n<p>An additional benefit offered by our school is a chance to participate in workshops and master classes organized periodically by the Music Conversatory, thanks to an international cooperation with piano teachers from different countries – for example, Germany, the UK, Finland, and the USA.</p>\r\n<p>During the first month you are not required to have your own instrument at home.</p>', '<p>Individual classes based on a master-pupil system, addressed at children from the age of 5, aiming at bring up music lovers, who will cherish art for the rest of their lives.</p>', '/images/oferta/en_oferta/fortepian-dzieci.jpg'),
(36, 2, 5, 'SINGING', 'Singing Class', 'Check', '<p>Contact with music is an exciting adventure. Lessons at our school have elements of innovative education. There are no grades or exams. Children are most important, as well as their opinions, thoughts, and feelings. During lessons, there is a warm friendly atmosphere, which gives a sense of security and comfort. It improves self-esteem and sense of own effectiveness.</p>\r\n<p>Through the learning process, pupils quire music skills, but also master time-management: how to schedule responsibilities, find time to study, do homework, play an instrument, and have time for oneself to relax.</p>\r\n<p>The programme includes:</p>\r\n<ul>\r\n<li>popular songs</li>\r\n<li>musical games with voice</li>\r\n<li>improvisations</li>\r\n<li>screenings of vocal masterpieces (operas, oratorios, and musicals)</li>\r\n<li>musical fairytales</li>\r\n</ul>\r\n<p>The aim is to awaken a love for music and to improve self-confidence.</p>\r\n<p>Lessons develop musicality, as well as vocal organs and speech smoothness. They also equip pupils with relaxation techniques, how to relieve body tensions. Singing lessons aim at awakening a love for music and improving self-confidence.</p>', '<p>Individual singing classes based on a master-pupil system for children 5+.</p>', '/images/oferta/en_oferta/spiew-dla-dzieci.jpg'),
(37, 2, 6, 'GUITAR & UKULELE', 'Guitar & Ukulele Class', 'Check', '<p>Music lessons develop pupils’ creativity in a favourable atmosphere. Appropriate methods, selected by the teacher to suit individual needs of every pupil, can improve memory and significantly amplify concentration. These abilities are useful at school, and very helpful in adult life - both private and professional.</p>\r\n<p>During a lesson, pupils learn new music sheets, what supports development of their analytical skills, notes interpretations, and faster tablature evaluation. How to overcome challenges? How to see similarities in a music piece? How to interpret unknown musical elements? Music lessons help pupils master skills of logical thinking.</p>\r\n<p>The programme is selected according to your interests and, among others, includes:</p>\r\n<ul>\r\n<li> reading music sheets </li>\r\n<li>cartoons about music</li>\r\n<li>refinement of hearing</li>\r\n<li>solfege</li>\r\n<li>history and theory of music</li>\r\n<li>music games</li>\r\n</ul>\r\n<p>The program provides learners with an extensive range of music literature, including, among others, classical and jazz pieces, soundtracks from Disney movies, ethnic music, as well as Christmas carols.</p>\r\n<p>The programme includes solo pieces, as well as duets - performed with another guitar.</p>\r\n<p>There is an instrument at the school, so you don’t have to bring your own-a comfortable solution. During the first month you are not required to have your own instrument at home.</p>', '<p>Individual singing classes based on a master-pupil system for children 5+.</p>', '/images/oferta/en_oferta/gitara-dla-dzieci.jpg'),
(38, 2, 7, 'CELLO', 'Cello Class', 'Check', '<p>Lessons develop the sense of self-esteem. Children enjoy music in a safe atmosphere that improves their learning process. Playing together builds a strong relationship with the teacher, as for music connects people and creates partnership.</p>\r\n<p>Performing in duets (initially with a teacher, later with other pupils) teaches cooperation, which is indispensable in adult life. It teaches also task-focus, team work, searching together for best solutions, and understanding of others.</p>\r\n<p>While learning new pieces, pupils train how to widen their abilities, and how to overcome obstacles - how to find correct and effective methods of solving difficult tasks. They acquire determination and perseverance, they do not give up in crisis situations; they have courage to face problems and look for solutions. They learn persistence in pursuing one’s dream.</p>\r\n<p>The programme is selected according to your interests and, among others, includes:</p>\r\n<ul>\r\n<li> reading music sheets </li>\r\n<li>cartoons about music</li>\r\n<li>refinement of hearing</li>\r\n<li>solfege</li>\r\n<li>history and theory of music</li>\r\n<li>music games</li>\r\n</ul>\r\n<p>The program provides learners with an extensive range of music literature, including, among others, classical and jazz pieces, soundtracks from Disney movies, ethnic music, as well as Christmas carols.</p>\r\n<p>The programme includes solo pieces and duets-performed with another cello or a piano.</p>\r\n<p>There is an instrument at the school, so you don’t have to bring your own-a comfortable solution. During the first month you are not required to have your own instrument at home.</p>', '<p>Individual singing classes based on a master-pupil system for children 5+.</p>', '/images/oferta/en_oferta/wiolonczela-dzieci.jpg'),
(39, 2, 8, 'SAXOPHONE', 'Saxophone Class', 'Check', '<p>In an exciting atmosphere, children learn new sounds and music pieces, which stimulates their creativity. Teachers take care to develop self-esteem of their pupils by respecting them.</p>\r\n<p>Playing an instrument is an international language of expressing emotions and thoughts, sometimes impossible to be captured in words. It is also a great fun. Through music, pupils learn how to express themselves better, how to talk about their inner experiences, and also they get to know themselves better.</p>\r\n<p>The programme is selected according to your interests and, among others, includes:</p>\r\n<ul>\r\n<li> reading music sheets </li>\r\n<li>cartoons about music</li>\r\n<li>refinement of hearing</li>\r\n<li>solfege</li>\r\n<li>history and theory of music</li>\r\n<li>music games</li>\r\n</ul>\r\n<p>The program provides learners with an extensive range of music literature, including, among others, classical and jazz pieces, soundtracks from Disney movies, ethnic music, as well as Christmas carols.</p>\r\n<p>The programme includes solo pieces and duets-performed with another saxophone or a piano, as well as lessons of improvisation.</p>\r\n<p>There is an instrument at the school, so you don’t have to bring your own-a comfortable solution. During the first month you are not required to have your own instrument at home.</p>', '<p>Individual saxophone classes based on a master-pupils system for childrren 8+.</p>', '/images/oferta/en_oferta/saksofon-dla-dzieci.jpg'),
(40, 2, 9, 'FIRST STEPS', 'First steps', 'Check', '<p>Lessons which bring out a love of music that lasts for an entire lifetime, are designed for 3 to 6-years-olds, the age when children are particularly open and responsive to new knowledge. Lessons are individual, and the programme is adapted to fit age and skills of every pupil, introducing them to the world of sounds and music.</p>\r\n<p>This original programme designed by Bogna Kolodziej provides a vast amount of music, activity, and fun, which stimulates development and bring a lot of pleasure. There is an additional value, which is a simultaneous preparation to begin playing an instrument. </p>\r\n<p>The programme of learning music and refining hearing includes:</p>\r\n<ul>\r\n<li>music games</li>\r\n<li>singing popular songs</li>\r\n<li>screenings of music movies</li>\r\n<li>independent music improvisations on a piano and other instruments</li>\r\n<li>musical fairytales</li>\r\n<li>introduction to classical music masterpieces</li>\r\n<li>Mini concerts – live music</li>\r\n</ul>', '<p>Individual music classes based on a master-pupil system for children 4+.</p>', '/images/oferta/en_oferta/umuzykalnienie.jpg'),
(41, 2, 10, 'Piano', 'Piano Class', 'Check', '<p>Many people have been dreaming of learning to play the piano since early childhood, unfortunately they haven\'t had such an opportunity. Unfulfilled dreams of the past often come back years later, and making them come true gives a lot joy, satisfaction and relaxation.</p>\r\n<p>The programme is selected according to your interests and, among others, includes:</p>\r\n<ul>\r\n<li>Classical masterpieces</li>\r\n<li>Jazz, Blues, Rock’n’roll</li>\r\n<li>Hits songs of The Beatles, Abba, etc.</li>\r\n<li>Themes from operas and ballets</li>\r\n<li>Movie soundtracks</li>\r\n<li>Musicals</li>\r\n<li>Pop</li>\r\n<li>Ethnic music</li>\r\n</ul>\r\n<p>The programme specially designed for adults not only allows to make dreams come true, but also enables passing them on to children. Parents and children often begin their music education parallelly, and while practicing at home, they can help each other. This kind of music cooperation helps better understand one\'s own children, and build a deeper connection, particularly through playing together in duets.</p>\r\n<p>During the first month you are not required to have your own instrument at home.</p>', '<p>Individual classes based on a master-pupil system . A specially designed programme for teaching adults from scratch.</p>', '/images/oferta/en_oferta/fortepian-dorosli.jpg');
INSERT INTO `courses_translation` (`id`, `languages_id`, `courses_id`, `course_name`, `heading_3`, `button`, `long_desc`, `short_desc`, `img`) VALUES
(42, 2, 11, 'SINGING', 'Singing Class', 'Check', '<p>In childhood we all used to sing songs during trips, when sitting around a campfire, attending school celebrations, or even in choir. It always gave us a lot of pleasure and satisfaction, however with time we forgot all about it. Moreover, adults, who live in constant rush, often forget about the basic activity-proper breathing. Singing lessons allows to free one’s voice, to feel unrestricted and happy again. And to once more discover one’s musical potential.</p>\r\n<p>The programme is selected according to your interests and, among others, includes:</p>\r\n<ul>\r\n<li>Classical songs</li>\r\n<li>Jazz and musical standards</li>\r\n<li>Arias and classical masterpieces</li>\r\n<li>Popular and ethnic songs</li>\r\n</ul>', '<p>Individual classes based on a master-pupil system . A specially designed programme for teaching adults from scratch.</p>', '/images/oferta/en_oferta/spiew-dla-doroslych.jpg'),
(43, 2, 12, 'GUITAR & UKULELE', 'Guitar & Ukulele Class', 'Check', '<p>The guitar is a reminiscent of a fireplace and a warm family atmosphere. Its sounds create a delightful mood. This instrument can be easily packed and played all around the world. Singing together strengthens the bonds between people and sparks unforgettable memories.</p>\r\n<p>The programme is selected according to your interests and, among others, includes:</p>\r\n<ul>\r\n<li>Classical masterpieces</li>\r\n<li>Jazz, Blues, Rock’n’roll</li>\r\n<li>Hits songs of The Beatles, Abba, etc.</li>\r\n<li>Themes from operas and ballets</li>\r\n<li>Movie soundtracks</li>\r\n<li>Musicals</li>\r\n<li>Pop</li>\r\n<li>Ethnic music</li>\r\n</ul>\r\n<p>The carefully designed method of reading music sheets guarantees easiness and fast pace of learning. The programme includes solo pieces and duets-two guitars. In addition, lessons are enriched with interesting facts from the history of music.</p>\r\n<p>For advanced learners, there are electric guitar lessons.</p>\r\n<p>There is an instrument at the school, so you don’t have to bring your own-a comfortable solution. During the first month you are not required to have your own instrument at home.</p>', '<p>Individual classes based on a master-pupil system . A specially designed programme for teaching adults from scratch.</p>', '/images/oferta/en_oferta/gitara-dla-doroslych.jpg'),
(44, 2, 13, 'CELLO', 'Cello Class', 'Check', '<p>The soft and tender sound of the instrument creates a warm, comfortable atmosphere. It is a unique instrument that you can actually hug. In this rushed world, it gives a sense of security and calmness. In its presence, you may find a moment for yourself, only for yourself.</p>\r\n<p>The programme is selected according to your interests and, among others, includes:</p>\r\n<ul>\r\n<li>Classical masterpieces</li>\r\n<li>Jazz, Blues, Rock’n’roll</li>\r\n<li>Hits songs of The Beatles, Abba, etc.</li>\r\n<li>Themes from operas and ballets</li>\r\n<li>Movie soundtracks</li>\r\n<li>Musicals</li>\r\n<li>Pop</li>\r\n<li>Ethnic music</li>\r\n</ul>\r\n<p>The carefully designed method of reading music sheets guarantees easiness and fast pace of learning. The programme includes solo pieces and duets-performed with another cello or a piano. In addition, lessons are enriched with interesting facts from the history of music.</p>\r\n<p>There is an instrument at the school, so you don’t have to bring your own-a comfortable solution. During the first month you are not required to have your own instrument at home.</p>', '<p>Individual classes based on a master-pupil system . A specially designed programme for teaching adults from scratch.</p>', '/images/oferta/en_oferta/wiolonczela-dorosli.jpg'),
(45, 2, 14, 'SAXOPHONE', 'Saxophone Class', 'Check', '<p>Magical, shining, strong – the saxophone seduces and charms. Its sounds express emotions that cannot be verbalized otherwise. It has a wide sound spectrum and creates a unique atmosphere during meetings with loved ones.</p>\r\n<p>The programme is selected according to your interests and, among others, includes:</p>\r\n<ul>\r\n<li>Classical masterpieces</li>\r\n<li>Jazz, Blues, Rock’n’roll</li>\r\n<li>Hits songs of The Beatles, Abba, etc.</li>\r\n<li>Themes from operas and ballets</li>\r\n<li>Movie soundtracks</li>\r\n<li>Musicals</li>\r\n<li>Pop</li>\r\n<li>Ethnic music</li>\r\n</ul>\r\n<p>The carefully designed method of reading music sheets guarantees easiness and fast pace of learning. The programme includes solo pieces and duets-performed with another saxophone or a piano, as well as lessons of improvisation. In addition, lessons are enriched with interesting facts from the history of music.</p>\r\n<p>There is an instrument at the school, so you don’t have to bring your own-a comfortable solution. During the first month you are not required to have your own instrument at home.</p>', '<p>Individual classes based on a master-pupil system . A specially designed programme for teaching adults from scratch.</p>', '/images/oferta/en_oferta/saksofon-dla-doroslych.jpg'),
(46, 2, 15, 'Choir and Vocal Ensemble', 'Choir and vocal ensemble', 'Check', '<p> Singing lessons in small groups. We have a special proprietary teaching program for adults under the basics. </p>\r\n<p> In childhood, each of us sang songs during trips, by the fire, during school celebrations or in the choir. It was always a lot of joy and satisfaction, but with time we forgot about it. Moreover, adults who live in a constant hurry often forget about the basic activity of proper breathing. Singing class allows you to free your voice to feel free and joyful again. And rediscover your musical potential. </p>\r\n<p> We conduct classes in the following thematic groups: </p>\r\n<ul>\r\n<li> Classical choir </li>\r\n<li> Jazz band - with musical pieces </li>\r\n<li> Gospel choir </li>\r\n<li> Music band - focal songs, shanties, hits with guitar accompaniment </li>\r\n</ul>\r\n<p> During the course, you will learn the techniques of natural resonance and voice amplification, proper use of breathing mechanisms and proper voice emission. Classes are for people who want to develop vocally and improve their well-being by working with their voice. Singing together develops a sense of connection and strengthens interpersonal contacts. </p>\r\n<p> Classes are conducted in groups for children and in separate groups for adults </p>', '<p>Individual classes based on a master-pupil system . A specially designed programme for teaching adults from scratch.</p>', '/images/oferta/en_oferta/zespol.jpg'),
(47, 2, 16, 'Public Speaking', 'Public speaking', 'Check', '<p> The classes are intended for both beginners and advanced adults. Learning materials - we send you by e-mail. Classes are held online individually - live on an agreed date. Lessons are available in Polish and English. </p>\r\n<p> From the time of ancient Rome, oratory was highly regarded. The speaker had to show not only excellent diction, but also know how to effectively convey his message in order to be understood and remembered. Nowadays, speakers who captivate with their charisma have mastered the work of breathing and the correct emission of their voice in speech. </p>\r\n<p> The program is prepared according to your interests and is intended for: </p>\r\n<ul>\r\n<li> actors </li>\r\n<li> TV journalists </li>\r\n<li> politicians </li>\r\n<li> businessmen </li>\r\n<li> foreigners </li>\r\n</ul>\r\n<p> Through speech therapy and music classes, you can improve your pronunciation and discover the natural potential of each speaker. In addition, the classes teach proper relaxation techniques that facilitate and facilitate everyday work with voice in the light of cameras and microphones, as well as the path of self-improvement.</p>', '<p>Individual classes based on a master-pupil system . A specially designed programme for teaching adults from scratch.</p>', '/images/oferta/en_oferta/retoryka.jpg'),
(48, 2, 17, 'Musicfulness', 'Musicfulness', 'Check', '<p> The classes are intended both for adult beginners as well as for those who are already playing and advanced. Learning materials - we send the notes by e-mail. Classes are held online individually - live on an agreed date. Lessons are available in Polish and English. </p>\r\n<p> In today\'s world we are in a hurry all the time. We are chased by deadlines, projects and tasks to be carried out. Students have more tests, important exams and all the time new things to learn and remember. Adults have a job with tasks and goals to be achieved within the prescribed period. It is common to lack time for family, friends and yourself. </p>\r\n<p> In pursuit of success, we forget about the most important thing - ourselves. Sometimes you have to stop. Musicfulness is a program that helps you regain balance and a sense of harmony. </p>\r\n<p> The program includes: </p>\r\n<ul>\r\n<li> relaxation techniques </li>\r\n<li> breathing exercises </li>\r\n<li> elements of music therapy </li>\r\n<li> learning to listen and concentrate </li>\r\n<li> learning to focus on the here and now </li>\r\n</ul>\r\n<p> This is a unique program that allows you to slow down, stop and rest. This is the time when you can safely calm down and regenerate. Music can reduce stress and improve the quality of your life. </p>\r\n<p> The Musicfulness program refers to Mindfulness, using music and its beneficial effects on the human body and mind. </p>\r\n<p> On Thursdays, we invite you to <b> CHAMBER GROUP CLASSES </b>, to our headquarters in the center of Warsaw. Number of participants only 6 people: </p>\r\n<ul>\r\n<li> 11:30 - for seniors </li>\r\n<li> 18:00 - for youth </li>\r\n<li> 19:00 - for adults </li>\r\n<p> On Mondays, we invite you to a small group <b> ONLINE CLASSES </b> </p>\r\n<ul>\r\n<li> 19:00 - for youth </li>\r\n<li> 20:00 - for adults </li>\r\n<p> The classes last 45 minutes, the cost of the ticket for 4 meetings - PLN 50. One-time classes PLN 60. The number of places is limited. </p>\r\n<p> Advance seat reservation required - 883 489 184 </p>', '<p>Individual classes based on a master-pupil system . A specially designed programme for teaching adults from scratch.</p>', '/images/oferta/en_oferta/musicfulness.jpg'),
(49, 2, 18, 'MUSIC LOVER PROGRAMME', 'Music Lover Programme', 'Check', '<p>A music lover is an expert in music. Such a person can recognize a good performance, notice its important elements, and surprise others with an interesting anecdote about the composer. Concert hall has no secrets. A music lover knows when to clap, and which concerts to attend. It is a person who have knowledge about art.</p>\r\n<p>The programme is selected in accordance with your interests, and it includes among others:</p>\r\n<ul>\r\n<li>history of music</li>\r\n<li>musical literature</li>\r\n<li>lives and works of great composers</li>\r\n<li>world canon of musical masterpieces</li>\r\n<li>watching and analyzing selected fragments of operas and ballets</li>\r\n<li>rules of music</li>\r\n</ul>\r\n<p>Lessons are available in English</p>', '<p>Individual classes based on a master-pupil system . A specially designed programme for teaching adults from scratch.</p>', '/images/oferta/en_oferta/meloman.jpg'),
(50, 2, 20, 'Composition', 'Composition Class', 'Check', '<p> We conduct lessons in an Art Nouveau tenement house in the center of Warsaw, and now also online - classes available all over Poland and around the world. </p>\r\n<p> Online classes are available subject to time differences. Learning materials - we send you by e-mail. Classes are held online individually - live on an agreed date. Lessons are available in Polish and English. </p>\r\n<p> Music making is the creative art of the imagination. It gives a unique opportunity to express the richness of your own inner world, full of various emotions and searches through the art of music. During the classes, you will have an opportunity to develop your own point of view on the works of outstanding composers, their technical means and sound material. </p>\r\n<p> To find your own style of composition, you need to know the whole range of possibilities and be able to discover your individuality in creativity. The curriculum includes learning to compose in various styles: </p>\r\n<ul>\r\n<li> baroque </li>\r\n<li> classicism </li>\r\n<li> romanticism </li>\r\n<li> dodecaphonic techniques </li>\r\n<li> aleatorism </li>\r\n<li> electroacoustic music </li>\r\n<li> film music </li>\r\n<li> minimal music trend </li>\r\n</ul>\r\n<p> During the classes, modern computer techniques are used - programs for editing notes and creating music. Work on your own compositions is traditionally done on sheet music, as well as on a laptop or tablet. </p>', '<p>Individual classes based on a master-pupil system . A specially designed programme for teaching adults from scratch.</p>', '/images/oferta/en_oferta/kompozycja.jpg'),
(51, 3, 1, 'Logorytmika', 'Logorytmika', 'Hãy kiểm tra', '<p> Các lớp học dành cho người mới bắt đầu cũng như những người đã chơi và nâng cao. Tài liệu học tập - chúng tôi gửi các ghi chú qua e-mail. Các lớp học được tổ chức trực tuyến riêng lẻ - trực tiếp vào một ngày đã thống nhất. Các bài học có sẵn bằng tiếng Ba Lan và tiếng Anh. </p>\r\n<p> Logorytmika là một lớp học sáng tạo kết hợp liệu pháp âm thanh với nhịp điệu. Chúng ảnh hưởng đến cơ quan khớp, thính giác và lĩnh vực thính giác-vận động. Mục đích của các lớp học là kích thích lời nói một cách hài hòa và giúp trẻ cảm nhận được nhịp điệu, giai điệu, nhịp độ, động lực và âm sắc. Đây là những đặc điểm chung cho giọng nói và âm nhạc. </p>\r\n<p> Các lớp học logic học được tiến hành thông qua chơi và sử dụng: </p>\r\n<ul>\r\n<li> bài tập thở </li>\r\n<li> bài tập từ </li>\r\n<li> bài tập nghe </li>\r\n<li> bài tập nhịp điệu </li>\r\n<li> bài tập chuyển động </li>\r\n<li> bài tập để phát triển từ điển của trẻ </li>\r\n</ul>\r\n<p> Các lớp học chủ yếu nhắm đến những người trẻ tuổi nhất. </p>', NULL, '/images/oferta/vi_oferta/logorytmika.jpg'),
(52, 3, 2, 'Gordonki', 'Gordonki', 'Hãy kiểm tra', '<p> Một phương pháp được tạo ra bởi Edwin Gordon - nhạc sĩ, nhà tâm lý học và nhà giáo dục. Lý thuyết chứng minh rằng một đứa trẻ học tốt nhất trong 5 năm đầu đời. Điều này tạo cơ sở để phát triển hơn nữa. Ở độ tuổi này, trẻ rất dễ tiếp thu và học hỏi nhanh. </p>\r\n<p> <b> Các lớp học như thế nào? </b> </p>\r\n<p> Em bé có thể bò hoặc đi lại trong phòng, phản ứng tự do với âm thanh. Các lớp học âm nhạc đầy bất ngờ - khăn quàng cổ đầy màu sắc, lông vũ, nhạc cụ an toàn và nhạc sống. Các giáo viên chỉ huy lớp học là các nhạc sĩ, họ chơi piano, guitar và violin và hát. Ngoài ra, họ là nhà trị liệu ngôn ngữ. Điều này cho phép trẻ em trải nghiệm âm nhạc ngay từ khi còn nhỏ. </p>\r\n<p> Cho đến khi 18 tuổi, trẻ em hát một cách tự nhiên và phương pháp đào tạo âm nhạc của Gordon hỗ trợ quá trình hiểu biết tự nhiên về âm nhạc và sự phát triển hài hòa của chúng. </p>\r\n<p> <b> Các lớp học cung cấp những gì? </b> </p>\r\n<ul>\r\n<li> thông qua trò chơi, họ giới thiệu cho trẻ sơ sinh thế giới của âm thanh và nhịp điệu </li>\r\n<li> tối đa hóa tiềm năng âm nhạc của trẻ </li>\r\n<li> sử dụng các hình thức giáo dục âm nhạc khác nhau - hát, nhảy, nghe, ứng tác, chơi </li>\r\n<li> phát triển vốn từ vựng </li>\r\n<li> cho phép liên hệ tích cực với các đồng nghiệp trong một nhóm xã hội nhỏ </li>\r\n<li> xây dựng mối quan hệ thân thiết giữa trẻ và cha mẹ </li>\r\n<li> trẻ em học cách yêu âm nhạc </li>\r\n</ul>\r\n<p> Các lớp học chủ yếu nhắm đến những người trẻ tuổi nhất. </p>\r\n<p> Chúng tôi cung cấp <b> các lớp học cá nhân </b> - các ngày được thỏa thuận riêng với từng Phụ huynh và <b> nhóm nhỏ </b> chỉ 3-6 trẻ em! </p>\r\n<p> <b> <U> Ngày học nhóm: </U> </b> </p>\r\n<p> Chúng tôi có hai nhóm tuổi từ tháng 1 đến 2 tuổi: </p>\r\n<p> <b> 10:30 Thứ Bảy </b> - Nhóm dành riêng cho những người trẻ tuổi nhất </p>\r\n<p> <b> 11:30 Thứ Bảy </b> - Nhóm dành cho trẻ lớn hơn </p>\r\n<p> Phụ huynh hoặc người giám hộ phải có mặt tại lớp học. </p>\r\n<p> <b> Nhóm nhỏ </b> chỉ 3-6 trẻ em! </p>\r\n<p> Các phòng rộng rãi từ 30-40m2 được trải thảm </p>\r\n<p> Chúng tôi có một phòng cho ăn và thay đồ đặc biệt. </p>\r\n<p> Có thang máy lớn đến trường, bạn có thể thoải mái vào bằng xe đẩy. </p>\r\n<p> <b> Các lớp học bắt đầu vào tháng 10 và diễn ra vào các ngày Thứ Bảy </b> </p>\r\n<p> Thẻ 4 cuộc họp khả dụng trong 2 tháng. Nếu đứa trẻ bị ốm, không có hoạt động nào bị mất. </p>\r\n<p> Giá vé chỉ là 50 PLN cho các lớp học 45 phút. Lớp học một lần PLN 60. </p>\r\n<p> Số lượng địa điểm có hạn. </p>\r\n<p> Yêu cầu đặt chỗ trước - 883 489 184 </p>', '', '/images/oferta/vi_oferta/gordonki.jpg'),
(53, 3, 3, 'Liệu pháp ngôn ngữ', 'Liệu pháp ngôn ngữ', 'Hãy kiểm tra', '<p> Các lớp học dành cho người mới bắt đầu cũng như những người đã chơi và nâng cao. Tài liệu học tập - chúng tôi gửi các ghi chú qua e-mail. Các lớp học được tổ chức trực tuyến riêng lẻ - trực tiếp vào một ngày đã thống nhất. Các bài học có sẵn bằng tiếng Ba Lan và tiếng Anh. </p>\r\n<p> Âm nhạc trị liệu là một lớp học sáng tạo kết hợp liệu pháp âm thanh với nhịp điệu. Chúng ảnh hưởng đến cơ quan khớp, thính giác và lĩnh vực thính giác-vận động. Mục đích của các lớp học là kích thích lời nói một cách hài hòa và giúp trẻ cảm nhận được nhịp điệu, giai điệu, nhịp độ, động lực và âm sắc. Đây là những đặc điểm chung cho giọng nói và âm nhạc. </p>\r\n<p> Các lớp trị liệu ngôn ngữ được thực hiện thông qua chơi và sử dụng: </p>\r\n<ul>\r\n<li> bài tập trị liệu ngôn ngữ </li>\r\n<li> bài tập thở </li>\r\n<li> bài tập từ </li>\r\n<li> bài tập nghe </li>\r\n<li> bài tập nhịp điệu </li>\r\n<li> bài tập cho các kỹ năng vận động thô và vận động tinh </li>\r\n<li> bài tập để phát triển từ điển của trẻ </li>\r\n</ul>\r\n<p> Các lớp học nhằm khắc phục những trở ngại trong lời nói bằng cách sử dụng các bài hát và bài tập trị liệu đặc biệt. Bộ máy nói của trẻ được cải thiện và giao tiếp ngôn ngữ cũng được cải thiện. Một lợi ích bổ sung là phát triển các kỹ năng vận động tốt và liệu pháp tay. Chương trình được sắp xếp riêng theo nhu cầu của trẻ. Chúng tôi cung cấp dịch vụ chẩn đoán và trị liệu ngôn ngữ, sử dụng âm nhạc. </p>\r\n<p> Chúng tôi cung cấp một chương trình đặc biệt để cải thiện khả năng phát âm cho trẻ em sống bên ngoài Ba Lan. Giáo viên của chúng tôi cũng tổ chức các lớp học bằng tiếng Anh. </p>', '\r\n<p> Các lớp học mang tính cá nhân và dành cho trẻ em mẫu giáo và mầm non </p>', '/images/oferta/vi_oferta/logopedia.jpg'),
(54, 3, 4, 'Piano', 'Lớp piano', 'Hãy kiểm tra', '<p>Những bài dạy chơi đàn piano cho từng cá nhân, hệ thống thầy-trò, dành cho trẻ em từ 5 tuổi trở lên, với mục đích nuôi dạy các cháu trở thành những người hâm mộ âm nhạc, như vậy cả đời sẽ gắn bó với nghệ thuật.</p>\r\n<p>Sau những giờ học vất vả và đầy lo lắng trong trường, âm nhạc luôn mang lại sự trấn an và thư giãn cần thiết. Khi học nhạc, học sinh có thể thư giãn và thả mình vào thế giới âm thanh. Tại đây, các cháu là những người quan trọng nhất, xung quang có sự tin tưởng tuyệt đối, tăng thêm cảm giác an toàn. Tại đây, các cháu có thể hiện mình, thực sự - âm nhạc giúp các cháu bày tỏ tình cảm, xả bớt stress và những lo âu.</p>\r\n<p>Cách đối xử với học sinh mới, tốt hơn, coi các cháu như những người quan trọng, mà những lời nói, những tư duy hay cảm xúc của các cháu đều có ý nghĩa. Khi học, các cháu không chỉ học chơi đàn, mà có thể nói chuyện với giáo viên về những vấn đề mà các cháu đang vướng mắc.</p>\r\n<p>Chương trình áp dụng cho từng lứa tuổi và khả năng của từng cháu, bao gồm:</p>\r\n<ul>\r\n<li>đọc nốt nhạc theo phương pháp chính chủ của bà Grazyna Kołodziej</li>\r\n<li>các tác phẩm đơn và kép chơi 4 tay</li>\r\n<li>phim âm nhạc</li>\r\n<li>luyện tai nghe</li>\r\n<li>solfeggio</li>\r\n<li>lịch sử và lý thuyết âm nhạc</li>\r\n<li>trò chơi và các trò vui âm nhạc</li>\r\n</ul>\r\n<p>Chương trình có nhiều văn học âm nhạc, bao gồm những tác phẩm cổ điển, jazz, nhạc phim, thí dụ như phim hoạt họa Disney, nhạc dân tộc, kể cả những bài thánh ca.</p>\r\n<p>Chương trình học bao gồm:</p>\r\n<ol>\r\n<li>Cơ bản</li>\r\n<li>Trung cấp</li>\r\n<li>Cao cấp, với khả năng chuẩn bị nhập trường Đại học Âm nhạc hoặc đi tham gia thi piano</li>\r\n</ol>\r\n<p>Lợi ích thêm là có thể tham gia những buổi học tổ chức thường kỳ và những tiết học nghệ nhân, nhờ có sự hợp tác quốc tế giữa Trường Nhạc và các giáo viên piano đến từ nhiều quốc gia khác như là Đức, Liên hiệp Anh, Phần Lan và Mỹ.</p>\r\n<p>Trong tháng học thử đầu tiên, chưa cần phải có nhạc cụ ở nhà mình.</p>\r\n<p>Có thể học bằng tiếng Ba Lan hoặc tiếng Anh.</p>', '', '/images/oferta/vi_oferta/fortepian-dzieci.jpg'),
(55, 3, 5, 'HÁT', 'Lớp hát', 'Hãy kiểm tra', '<p>Những bài dạy chơi đàn piano cho từng cá nhân, hệ thống thầy-trò.</p>\r\n<p>Sự tiếp xúc với âm nhạc là một cuộc phiêu lưu thú vị. Công việc học đàn trong trường của chúng tôi có tính chất giáo dục sáng chế. Không có điểm, không có kỳ thi. Trẻ em là quan trọng nhất, những câu nói của các cháu, những suy nghĩ và cảm xúc của các cháu cũng quan trọng. Khi học luôn có bầu không khí thân thiện, tình bạn ấm cúng, gây ra cảm giác an toàn và dễ chịu. Nhờ vậy mà làm tăng tính tự đánh giá được bản thân và biết được giá trị của chính mình.</p>\r\n<p>Khi học, các cháu có thêm được những kỹ năng âm nhạc, mà cũng có thể học cách quản lý sử dụng thời gian của mình một cách tốt nhất. Biết tổ chức hoàn thành trách nhiệm, biết chia thời gian học và chơi, biết ôn bài và làm bài tập về nhà, biết chơi nhạc cụ và biết kiếm được thời gian cho bản thân, nghỉ ngơi thư giãn.</p>\r\n<p>Chương trình áp dụng cho từng lứa tuổi và khả năng của từng cháu, bao gồm:</p>\r\n<ul>\r\n<li>những bài hát phổ biến và yêu thích</li>\r\n<li>trò chơi và vui chơi âm nhạc, có âm thanh</li>\r\n<li>học các tự biên tự diễn luôn</li>\r\n<li>biểu diễn những sáng tác thanh ca của bản thân (opera, musical)</li>\r\n<li>chuyện cổ tích âm nhạc</li>\r\n</ul>\r\n<p>Các bài học làm tăng tính âm nhạc, cũng tăng bộ máy và thông thạo phát âm. Các bài học dạy xả stress cơ thể. Mục đích tiết học thanh nhạc là làm tăng tình yêu âm nhạc và tăng cảm giác tự tin bản thân.</p>\r\n<p>Có thể học bằng tiếng Ba Lan hoặc tiếng Anh.</p>', '', '/images/oferta/vi_oferta/spiew-dla-dzieci.jpg'),
(56, 3, 6, 'ĐÀN GHITA VA UKULELE', 'Lớp đàn ghita va ukulele', 'Hãy kiểm tra', '<p>Những bài dạy chơi đàn ghi-ta cho từng cá nhân, hệ thống thầy-trò.</p>\r\n<p>Các tiết học phát triển tính sáng tạo của học sinh, trong bầu không khí thân thiện. Với những phương pháp của bản thân, do giáo viên chọn lựa cho nhu cầu cá nhân của từng học sinh, có thể chấn chỉnh trí nhớ và phát triển tốt tính tập trung. Những tính chất này rất có ích trong trường học, ngoài ra cũng có tính chất chủ chốt trong đời khi lớn khôn – trong cuộc đời riêng tư và trên bước đường nghề nghiệp.</p>\r\n<p>Khi học, học sinh làm quen với những tác phẩm mới, do vậy có thể phát triển kỹ năng biết phân tích, đọc hiểu, cảm nhận các nốt nhạc và đánh giá tài liệu nhanh hơn. Chinh phục những khó khăn như thế nào nếu gặp phải? Nhìn nhận thấy những điểm tương đồng như thế nào trong tác phẩm âm nhạc? Cảm nhận những thành phần âm nhạc lạ như thế nào? Các tiết học âm nhạc giúp cho học sinh hoàn hảo thêm những kỹ năng tư duy có lô-gic.</p>\r\n<p> Chương trình áp dụng cho từng lứa tuổi và khả năng của từng cháu, bao gồm:</p>\r\n<ul>\r\n<li>đọc nốt nhạc theo</li>\r\n<li>phim âm nhạc</li>\r\n<li>luyện tai nghe</li>\r\n<li>solfeggio</li>\r\n<li>lịch sử và lý thuyết âm nhạc</li>\r\n<li>trò chơi và các trò vui âm nhạc</li>\r\n</ul>\r\n<p>Chương trình có nhiều văn học âm nhạc, bao gồm những tác phẩm cổ điển, jazz, nhạc phim, thí dụ như phim hoạt họa Disney, nhạc dân tộc, kể cả những bài thánh ca.</p>\r\n<p>Trong chương trình học, có những tác phẩm đơn (solo), có cả những tác phẩm kép (duet) – những tác phẩm có đàn ghi ta thứ hai cùng đệm.</p>\r\n<p>Những người đã biết chơi đàn, có thể học đàn ghi-ta điện.</p>\r\n<p>Ở trong trường chúng tôi có nhạc cụ, vậy khi đến học thì không cần mang theo nhạc cụ của mình – đó là giải pháp rất tiện lợi. Trong tháng học thử đầu tiên, chưa cần phải có nhạc cụ ở nhà mình.</p>\r\n<p>Có thể học bằng tiếng Ba Lan hoặc tiếng Anh.</p>', '', '/images/oferta/vi_oferta/gitara-dla-dzieci.jpg'),
(57, 3, 7, 'VIOLONSEN', 'Lớp violonsen', 'Hãy kiểm tra', '<p>Những bài dạy chơi đàn cello cho từng cá nhân, hệ thống thầy-trò.</p>\r\n<p>Học nhạc sẽ tăng cường được cảm giác giá trị bản thân. Trẻ em học trong bầu không khí thân thiện và an toàn, luôn có niềm vui và sự thích thú khi học nhạc. Cùng chơi đàn xây dựng mối quan hệ gần gũi với thầy cô, bởi vì âm nhạc có thể gắn kết mọi người với nhau và tạo ra mối quan hệ bạn bè.</p>\r\n<p>Chơi nhạc cụ đôi (duo), ban đầu với giáo viên, sau đó cùng với những học sinh khác, học được cách hợp tác, mà rất cần thiết trong cuộc đời trưởng thành sau này. Học được cách làm nhiệm vụ, làm việc trong nhóm, cùng nhau tìm ra giải pháp tốt nhất, biết nghe và biết hiểu người khác.</p>\r\n<p>Khi làm quen với những tác phẩm mới, học sinh có thể mở mang kỹ năng và khắc phục được những khó khăn. Làm thế nào để tìm được những phương pháp thích hợp và có hiệu quả để giải được những nhiệm vụ khó khăn. Có thêm được tính kiên trì, không sớm đầu hàng trong những tình huống nguy cấn, có can đảm để đối mặt với mọi vấn đề và tìm ra được giải pháp. Học được tính bền bỉ trên con đường tiến tới sự hoàn hảo.</p>\r\n<p> Chương trình áp dụng cho từng lứa tuổi và khả năng của từng cháu, bao gồm:</p>\r\n<ul>\r\n<li>đọc nốt nhạc theo</li>\r\n<li>phim âm nhạc</li>\r\n<li>luyện tai nghe</li>\r\n<li>solfeggio</li >\r\n<li>lịch sử và lý thuyết âm nhạc</li>\r\n<li>trò chơi và các trò vui âm nhạc</li>\r\n</ul>\r\n<p>Chương trình có nhiều văn học âm nhạc, bao gồm những tác phẩm cổ điển, jazz, nhạc phim, thí dụ như phim hoạt họa Disney, nhạc dân tộc, kể cả những bài thánh ca.</p>\r\n<p>Trong chương trình học sẽ có những bài solo (đơn) hoặc những bài kép (song ca) – những bản nhạc đệm cùng violon thứ hai hoặc là piano.</p>\r\n<p>Ở trong trường chúng tôi có nhạc cụ, vậy khi đến học thì không cần mang theo nhạc cụ của mình – đó là giải pháp rất tiện lợi. Trong tháng học thử đầu tiên, chưa cần phải có nhạc cụ ở nhà mình.</p>\r\n<p>Có thể học bằng tiếng Ba Lan hoặc tiếng Anh.</p>', '', '/images/oferta/vi_oferta/wiolonczela-dzieci.jpg'),
(58, 3, 8, 'SAXOFON', 'Lớp saxofon', 'Hãy kiểm tra', '<p>Những bài dạy chơi đàn xasophone cho từng cá nhân, hệ thống thầy-trò.</p>\r\n<p>Trong bầu không khí tuyệt vời, trẻ em làm quen được với những thanh điệu và những tác phẩm âm nhạc mới, mà điều này tạo ra sự phát triển trí tưởng tượng. Giáo viên quan tâm làm tăng cường cảm giác có giá trị của học sinh, bằng cách là rất tôn trọng học sinh.</p>\r\n<p>Chơi nhạc cụ là một ngôn ngữ quốc tế, biểu lộ cảm xúc và ý nghĩ, mà đôi khi không thể truyền đạt bằng lời nói. Đồng thời, đó cũng là trò vui chơi tuyệt vời. Qua âm nhạc, học sinh có thể giới thiệu về bản thân tốt hơn, nói ra những trải nghiệm nội tâm và làm quen với chính bản thân.</p>\r\n<p> Chương trình áp dụng cho từng lứa tuổi và khả năng của từng cháu, bao gồm:</p>\r\n<ul>\r\n<li>đọc nốt nhạc theo</li>\r\n<li>phim âm nhạc</li>\r\n<li>luyện tai nghe</li>\r\n<li>solfeggio</li >\r\n<li>lịch sử và lý thuyết âm nhạc</li>\r\n<li>trò chơi và các trò vui âm nhạc</li>\r\n</ul>\r\n<p>Chương trình có nhiều văn học âm nhạc, bao gồm những tác phẩm cổ điển, jazz, nhạc phim, thí dụ như phim hoạt họa Disney, nhạc dân tộc, kể cả những bài thánh ca.</p>\r\n<p>Trong chương trình học, có những tác phẩm đơn (solo), có cả những tác phẩm kép (duet) – những tác phẩm có đàn xasophone thứ hai hoặc là piano cùng đệm, ngoài ra còn học tự biên tự diễn luôn.</p>\r\n<p>Ở trong trường chúng tôi có nhạc cụ, vậy khi đến học thì không cần mang theo nhạc cụ của mình – đó là giải pháp rất tiện lợi. Trong tháng học thử đầu tiên, chưa cần phải có nhạc cụ ở nhà mình.</p>\r\n<p>Có thể học bằng tiếng Ba Lan hoặc tiếng Anh.</p>', '', '/images/oferta/vi_oferta/saksofon-dla-dzieci.jpg'),
(59, 3, 9, 'NHỮNG BƯỚC ĐẦU TIÊN', 'Những bước đầu tiên', 'Hãy kiểm tra', '<p>Các bài giảng mang lại tình yêu âm nhạc theo suốt cuộc đời, được thiết kế cho các em từ 3 đến 6 tuổi, lứa tuổi với trí óc đặc biệt cởi mở và mong đợi được đón nhận kiến thức mới. Chương trình giảng dạy một thày – một trò luôn được điều chỉnh để phù hợp với từng lứa tuổi và khả năng của từng học sinh sẽ dẫn dắt các em đến với thế giới âm thanh và âm nhạc.</p>\r\n<p>Chương trình đầu tiên do cô Bogna Kołodziej soạn cung cấp một khối lượng lớn âm nhạc cùng các hoạt động sôi nổi, điều đó vừa kích thích sự phát triển của trẻ, vừa làm trẻ rất vui vẻ và hứng thú. Đồng thời, chương trình này cũng chính là sự chuẩn bị để các em bắt đầu chơi một loại nhạc cụ mà các em yêu thích.</p>\r\n<p>Chương trình học nhạc và luyện tai nghe bao gồm:</p>\r\n<ul>\r\n<li>Các trò chơi âm nhạc</li>\r\n<li>Học hát các bài hát phổ biến</li>\r\n<li>Xem phim nhạc</li>\r\n<li>Độc lập chơi nhạc ngẫu hứng trên piano và các nhạc cụ khác</li>\r\n<li>Kể chuyện cổ tích âm nhạc</li>\r\n<li>Giới thiệu các kiệt tác âm nhạc cổ điển</li>\r\n<li>Tham gia các buổi hoà nhạc nhỏ - nhạc sống</li>\r\n</ul>\r\n<p>Có thể học bằng tiếng Ba Lan hoặc tiếng Anh.</p>', '', '/images/oferta/vi_oferta/umuzykalnienie.jpg'),
(60, 3, 10, 'Piano', 'Lớp piano', 'Hãy kiểm tra', '<p>Những giờ học cá nhân theo hệ thống thầy-trò. Chương trình đặc biệt dạy người lớn bắt đầu từ cơ bản.</p>\r\n<p>Nhiều người đã mơ ước chơi piano từ khi còn nhỏ, nhưng hoàn cảnh khi đó không cho phép. Những giấc mơ thời thơ ấu đó thường trở lại sau nhiều năm, và khi thực hiện được, nó mang lại cho ta thật nhiều niềm vui, thư giãn và sự hài lòng mãn nguyện. Phương pháp dạy đọc nốt nhạc của chính chủ (của thầy/cô sáng tác) bảo đảm học rất dễ và rất nhanh.</p>\r\n<p>Chương trình được chuẩn bị tùy theo những quan tâm của Quý vị, bao gồm:</p>\r\n<ul>\r\n<li>các tác phẩm cổ điển </li>\r\n<li>jazz, blues, rock’n’roll </li>\r\n<li>các bài hát hay của những băng nhạc như là The Beatles hay là Abba </li>\r\n<li>chủ đề opera hoặc ba-lê</li>\r\n<li>nhạc phim </li>\r\n<li>phim ca nhạc </li>\r\n<li>pop </li>\r\n<li>nhạc dân tộc </li>\r\n</ul>\r\n<p>Chương trình dành cho người lớn không chỉ biến giấc mơ thời thơ ấu của bạn thành sự thật, mà còn truyền được cả sự say mê cho các con bạn. Thường khi cha mẹ và con cái cùng học đàn, thì lúc tập ở nhà có thể giúp đỡ lẫn nhau. Việc cùng học nhạc như vậy cũng chính là cơ hội để bạn tiếp xúc gần gũi hơn với con mình, hiểu con mình hơn, và thậm chí cùng chơi piano bốn tay với con mình luôn.</p> <p>Trong tháng học thử đầu tiên, chưa cần phải có nhạc cụ ở nhà mình.</p>\r\n<p>Có thể học bằng tiếng Ba Lan hoặc tiếng Anh.</p>', '', '/images/oferta/vi_oferta/fortepian-dorosli.jpg'),
(61, 3, 11, 'HÁT', 'Lớp hát', 'Hãy kiểm tra', '<p>Những giờ học cá nhân theo hệ thống thầy-trò. Chương trình đặc biệt dạy người lớn bắt đầu từ cơ bản</p>\r\n<p>Thời thơ ấu ai trong chúng ta cũng đã từng hát khi đi dã ngoại, những buổi đốt lửa trại, ở những ngày kỷ niệm trong trường học hay là trong đội văn nghệ.\r\nNhững lần như vậy luôn làm cho chúng ta vui mừng và hài lòng, thời gian trôi làm cho chúng ta quên dần.Hơn nữa, trong cuộc sống tất bật hiện nay, rất hay quên những hoạt động cơ bản, như là phải hít thở thật chuẩn. Khi học hát, cho phép chúng ta thoát mở giọng mình, để lại có thể cảm thấy tự do và vui sướng. Và có thể lại phát hiện ra được tài năng âm nhạc của mình.</p>\r\n<p>Chương trình được chuẩn bị tùy theo những quan tâm của Quý vị, bao gồm:</p>\r\n<ul>\r\n<li>Các bài ca cổ điển</li>\r\n<li>Các bài chuẩn phim nhạc và jazz</li>\r\n<li>Arie và các tác phẩm cổ điển</li>\r\n<li>Các bài hát yêu thích và các bài hát dân tộc</li>\r\n</ul>\r\n<p>Trong khóa học, bạn sẽ được học các kỹ thuật cộng hưởng tự nhiên và khuếch đại giọng nói, học sử dụng hợp lý các cơ chế thở và cách phát giọng ra thích hợp hơn. Các lớp học dành cho những người muốn phát triển giọng và muốn có niềm vui thông qua làm việc với giọng nói.</p>\r\n<p>Có thể học bằng tiếng Ba Lan hoặc tiếng Anh.</p>', '', '/images/oferta/vi_oferta/spiew-dla-doroslych.jpg'),
(62, 3, 12, 'ĐÀN GHITA VA UKULELE', 'Lớp đàn ghita va ukulele', 'Hãy kiểm tra', '<p>Những giờ học cá nhân theo hệ thống thầy-trò. Chương trình đặc biệt dạy người lớn bắt đầu từ cơ bản.</p>\r\n<p>Đàn ghi-ta được liên tưởng đến chiếc lò đốt củi sưởi ấm trong nhà và với một bầu không khí thân mật. Tiếng đàn tạo ra không gian dễ chịu. Đây là nhạc cụ mà rất dễ mang theo ở mọi nơi để chơi, trên khắp thế giới. Đặc biệt khi hát cùng nhau có thể làm tăng tình bạn thân thiện và mở ra những kỷ niệm không bao giờ quên.</p>\r\n<p>Chương trình được chuẩn bị tùy theo những quan tâm của Quý vị, bao gồm:</p>\r\n<ul>\r\n<li>các tác phẩm cổ điển</li>\r\n<li>jazz, blues, rock’n’roll</li>\r\n<li>các bài hát hay của những băng nhạc như là The Beatles hay là Abba</li>\r\n<li>chủ đề opera hoặc ba-lê</li>\r\n<li>nhạc phim</li>\r\n<li>phim ca nhạc</li>\r\n<li>pop</li>\r\n<li>nhạc dân tộc</li>\r\n</ul>\r\n<p>Phương pháp dạy đọc nốt nhạc của chính chủ (của thầy/cô sáng tác) bảo đảm học rất dễ và rất nhanh. Trong chương trình học sẽ có những bài solo (đơn) hoặc những bài kép (song ca) – hai cây đàn ghi-ta. Các bài học phong phú thêm về những câu chuyện kể về lịch sử âm nhạc.</p>\r\n<p>Những người đã biết chơi đàn, có thể học đàn ghi-ta điện.</p>\r\n<p>Ở trong trường chúng tôi có nhạc cụ, vậy khi đến học thì không cần mang theo nhạc cụ của mình – đó là giải pháp rất tiện lợi. Trong tháng học thử đầu tiên, chưa cần phải có nhạc cụ ở nhà mình.</p>\r\n<p>Có thể học bằng tiếng Ba Lan hoặc tiếng Anh.</p>', '', '/images/oferta/vi_oferta/gitara-dla-doroslych.jpg'),
(63, 3, 13, 'VIOLONSEN', 'Lớp violonsen', 'Hãy kiểm tra', '<p>Những giờ học cá nhân theo hệ thống thầy-trò. Chương trình đặc biệt dạy người lớn bắt đầu từ cơ bản</p>\r\n<p>Tiếng nhạc ấm cúng và thi ca tạo ra bầu không khí đặc biệt và rất thoải mái, dễ chịu. Đây là loại nhạc cụ đặc biệt, có thể ôm ấp và âu yếm. Trên thế giới nhộn nhịp này, nó tạo ra cảm giác an toàn và yên tĩnh. Cùng nhạc cụ này, có thể tìm cho mình những giây phút riêng tư, chỉ dành cho chính mình.</p>\r\n<p>Chương trình được chuẩn bị tùy theo những quan tâm của Quý vị, bao gồm:</p>\r\n<ul>\r\n<li>các tác phẩm cổ điển</li>\r\n<li>jazz, blues, rock’n’roll</li>\r\n<li>các bài hát hay của những băng nhạc như là The Beatles hay là Abba</li>\r\n<li>chủ đề opera hoặc ba-lê</li>\r\n<li>nhạc phim</li>\r\n<li>phim ca nhạc</li>\r\n<li>pop</li>\r\n<li>nhạc dân tộc</li>\r\n</ul>\r\n<p>Phương pháp dạy đọc nốt nhạc của chính chủ (của thầy/cô sáng tác) bảo đảm học rất dễ và rất nhanh. Trong chương trình học sẽ có những bài solo (đơn) hoặc những bài kép (song ca) – những bản nhạc đệm cùng violon thứ hai hoặc là piano.Các bài học phong phú thêm về những câu chuyện kể về lịch sử âm nhạc.</p>\r\n<p>Ở trong trường chúng tôi có nhạc cụ, vậy khi đến học thì không cần mang theo nhạc cụ của mình – đó là giải pháp rất tiện lợi. Trong tháng học thử đầu tiên, chưa cần phải có nhạc cụ ở nhà mình.</p>\r\n<p>Có thể học bằng tiếng Ba Lan hoặc tiếng Anh.</p>', '', '/images/oferta/vi_oferta/wiolonczela-dorosli.jpg'),
(64, 3, 14, 'SAXOFON', 'Lớp saxofon', 'Hãy kiểm tra', '<p>Những giờ học cá nhân theo hệ thống thầy-trò. Chương trình đặc biệt dạy người lớn bắt đầu từ cơ bản</p>\r\n<p>Huyền bí, lóng lánh, đầy nghị lực – tiếng đàn saxophon quyết rũ và làm mê hoặc. Âm thanh của nó toát ra được những tình cảm, mà không thể miêu tả bằng lời.\r\nNó có những khả năng âm thanh dữ dội và tạo ra được bầu không khí phi thường, khi những người thân ngồi bên nhau.</p>\r\n<p>Chương trình được chuẩn bị tùy theo những quan tâm của Quý vị, bao gồm:</p>\r\n<ul>\r\n<li>các tác phẩm cổ điển</li>\r\n<li>jazz, blues, rock’n’roll</li>\r\n<li>các bài hát hay của những băng nhạc như là The Beatles hay là Abba</li>\r\n<li>chủ đề opera hoặc ba-lê</li>\r\n<li>nhạc phim</li>\r\n<li>phim ca nhạc</li>\r\n<li>pop</li>\r\n<li>nhạc dân tộc</li>\r\n</ul>\r\n<p>Phương pháp dạy đọc nốt nhạc của chính chủ (của thầy/cô sáng tác) bảo đảm học rất dễ và rất nhanh. Trong chương trình học sẽ có những tác phẩm đơn (solo) hoặc những bài kép (song ca) – những bản nhạc đệm cùng saxophon thứ hai hoặc piano, còn học cả cách tự biên tự diễn luôn. Các bài học phong phú thêm về những câu chuyện kể về lịch sử âm nhạc.</p>\r\n<p>Ở trong trường chúng tôi có nhạc cụ, vậy khi đến học thì không cần mang theo nhạc cụ của mình – đó là giải pháp rất tiện lợi. Trong tháng học thử đầu tiên, chưa cần phải có nhạc cụ ở nhà mình.</p>\r\n<p>Có thể học bằng tiếng Ba Lan hoặc tiếng Anh.</p>', '', '/images/oferta/vi_oferta/saksofon-dla-doroslych.jpg'),
(65, 3, 15, 'Dàn hợp xướng và hòa tấu giọng hát', 'Dàn hợp xướng và hòa tấu giọng hát', 'Hãy kiểm tra', '<p> Các bài học hát trong nhóm nhỏ. Chúng tôi có một chương trình giảng dạy độc quyền đặc biệt dành cho người lớn chưa hiểu căn bản. </p>\r\n<p> Thời thơ ấu, mỗi chúng ta đều hát những bài hát trong các chuyến đi, bên đống lửa, trong lễ kỷ niệm của trường hoặc trong dàn hợp xướng. Đó luôn là một niềm vui và sự hài lòng, nhưng với thời gian, chúng tôi đã quên nó đi. Hơn nữa, những người trưởng thành thường xuyên sống vội vã thường quên mất hoạt động cơ bản là thở đúng cách. Lớp học hát cho phép bạn giải phóng giọng hát của mình để cảm thấy tự do và vui tươi trở lại. Và khám phá lại tiềm năng âm nhạc của bạn. </p>\r\n<p> Chúng tôi tổ chức các lớp học theo các nhóm chuyên đề sau: </p>\r\n<ul>\r\n<li> Dàn hợp xướng cổ điển </li>\r\n<li> Ban nhạc jazz - với các bản nhạc </li>\r\n<li> Ca đoàn Phúc âm </li>\r\n<li> Ban nhạc - các bài hát tiêu điểm, shanties, các bản hit có phần đệm guitar </li>\r\n</ul>\r\n<p> Trong khóa học, bạn sẽ học các kỹ thuật cộng hưởng tự nhiên và khuếch đại giọng nói, sử dụng đúng cơ chế thở và phát ra giọng nói thích hợp. Lớp học dành cho những người muốn phát triển giọng nói và cải thiện sức khỏe bằng cách làm việc với giọng nói của họ. Ca hát cùng nhau phát triển cảm giác kết nối và củng cố mối liên hệ giữa các cá nhân. </p>\r\n<p> Các lớp học được tổ chức theo nhóm cho trẻ em và theo nhóm riêng cho người lớn </p>', NULL, '/images/oferta/vi_oferta/zespol.jpg'),
(66, 3, 16, 'Nói trước công chúng', 'Âm điệu tiếng Ba Lan', 'Hãy kiểm tra', '<p> Các lớp học dành cho cả người mới bắt đầu và người lớn đã nâng cao. Tài liệu học tập - chúng tôi gửi cho bạn qua e-mail. Các lớp học được tổ chức trực tuyến riêng lẻ - trực tiếp vào một ngày đã thống nhất. Các bài học có sẵn bằng tiếng Ba Lan và tiếng Anh. </p>\r\n<p> Ngay từ thời La Mã cổ đại, bài hát được đánh giá cao. Người nói không chỉ phải thể hiện xuất sắc mà còn phải biết cách truyền tải thông điệp của mình một cách hiệu quả để được hiểu và ghi nhớ. Ngày nay, những diễn giả quyến rũ với thần thái của họ đã thành thạo công việc thở và phát ra giọng chính xác của họ trong bài phát biểu. </p>\r\n<p> Chương trình được chuẩn bị theo sở thích của bạn và dành cho: </p>\r\n<ul>\r\n<li> diễn viên </li>\r\n<li> Nhà báo truyền hình </li>\r\n<li> chính trị gia </li>\r\n<li> doanh nhân </li>\r\n<li> người nước ngoài </li>\r\n</ul>\r\n<p> Thông qua liệu pháp âm thanh và các lớp học âm nhạc, bạn có thể cải thiện khả năng phát âm của mình và khám phá tiềm năng tự nhiên của mỗi diễn giả. Ngoài ra, các lớp học dạy các kỹ thuật thư giãn phù hợp nhằm hỗ trợ và tạo điều kiện thuận lợi cho công việc hàng ngày bằng giọng nói dưới ánh sáng của máy ảnh và micrô, cũng như con đường hoàn thiện bản thân.</p>', NULL, '/images/oferta/vi_oferta/retoryka.jpg'),
(67, 3, 17, 'Musicfulness', 'Musicfulness', 'Hãy kiểm tra', '<p> Các lớp học dành cho cả người lớn mới bắt đầu cũng như những người đã chơi và nâng cao. Tài liệu học tập - chúng tôi gửi các ghi chú qua e-mail. Các lớp học được tổ chức trực tuyến riêng lẻ - trực tiếp vào một ngày đã thống nhất. Các bài học có sẵn bằng tiếng Ba Lan và tiếng Anh. </p>\r\n<p> Trong thế giới ngày nay, chúng ta luôn vội vàng. Chúng tôi bị đuổi theo các thời hạn, các dự án và nhiệm vụ phải thực hiện. Học sinh có nhiều bài kiểm tra, kỳ thi quan trọng và luôn có những điều mới để học và ghi nhớ. Người lớn có một công việc với những nhiệm vụ và mục tiêu cần đạt được trong khoảng thời gian quy định. Việc thiếu thời gian dành cho gia đình, bạn bè và bản thân là điều thường thấy. </p>\r\n<p> Để theo đuổi thành công, chúng ta quên mất điều quan trọng nhất - bản thân. Đôi khi bạn phải dừng lại. Âm nhạc là một chương trình giúp bạn lấy lại cân bằng và cảm giác hài hòa. </p>\r\n<p> Chương trình bao gồm: </p>\r\n<ul>\r\n<li> kỹ thuật thư giãn </li>\r\n<li> bài tập thở </li>\r\n<li> các yếu tố của liệu pháp âm nhạc </li>\r\n<li> học cách lắng nghe và tập trung </li>\r\n<li> học cách tập trung vào đây và bây giờ </li>\r\n</ul>\r\n<p> Đây là một chương trình độc đáo cho phép bạn giảm tốc độ, dừng lại và nghỉ ngơi. Đây là lúc bạn có thể tĩnh tâm và tái tạo một cách an toàn. Âm nhạc có thể làm giảm căng thẳng và cải thiện chất lượng cuộc sống của bạn. </p>\r\n<p> Chương trình Âm nhạc đề cập đến Chánh niệm, sử dụng âm nhạc và những tác động có lợi của nó đối với cơ thể và tâm trí con người. </p>\r\n<p> Vào các ngày Thứ Năm, chúng tôi mời bạn tham gia <b> LỚP HỌC NHÓM CHAMBER </b> đến trụ sở chính của chúng tôi ở trung tâm Warsaw. Số người tham gia chỉ có 6 người: </p>\r\n<ul>\r\n<li> 11:30 - dành cho người cao tuổi </li>\r\n<li> 18:00 - dành cho tuổi trẻ </li>\r\n<li> 19:00 - dành cho người lớn </li>\r\n<p> Vào các ngày Thứ Hai, chúng tôi mời bạn tham gia một nhóm nhỏ <b> LỚP HỌC TRỰC TUYẾN </b> </p>\r\n<ul>\r\n<li> 19:00 - dành cho tuổi trẻ </li>\r\n<li> 20:00 - dành cho người lớn </li>\r\n<p> Lớp học kéo dài 45 phút, giá vé cho 4 buổi họp - PLN 50. Lớp học một lần PLN 60. Số lượng có hạn. </p>\r\n<p> Cần đặt chỗ trước - 883 489 184 </p>', NULL, '/images/oferta/vi_oferta/musicfulness.jpg'),
(68, 3, 18, 'Chương trình Người mê âm nhạc', 'Chương trình Người mê âm nhạc', 'Hãy kiểm tra', '<p>Program skierowany jest do osób dorosłych chcących rozwijać swoją wiedzę muzyczna bez konieczności nauki gry na instrumencie.</p>\r\n<p>Meloman to znawca muzyki.  Potrafi zaskoczyć ciekawą anegdotą o kompozytorze, zwrócić uwagę na istotne elementy dzieła muzycznego, a także rozpoznać dobre wykonanie. Sala koncertowa nie ma przed nim tajemnic. Wie kiedy należy klaskać i na jakie koncerty warto się wybrać. Jest osobą, która zna się na sztuce.</p>\r\n<p>Program przygotowywany jest według Państwa zainteresowań, składa się m.in. z:</p>\r\n<ul>\r\n<li>historia muzyki</li>\r\n<li>literatura muzyczna</li>\r\n<li>życie i twórczość wielkich kompozytorów</li>\r\n<li>światowy kanon arcydzieł muzycznych</li>\r\n<li>oglądanie i analizowanie wybranych fragmentów z oper i baletów</li>\r\n<li>zasady muzyki</li>\r\n</ul>', '', '/images/oferta/vi_oferta/meloman.jpg'),
(69, 3, 20, 'Sáng tác', 'Sáng tác', 'Hãy kiểm tra', '<p> Chúng tôi tổ chức các bài học trong một ngôi nhà chung cư theo trường phái Tân nghệ thuật ở trung tâm Warsaw và giờ đây cũng có thể học trực tuyến - các lớp học có sẵn trên khắp Ba Lan và trên thế giới. </p>\r\n<p> Các lớp học trực tuyến có sẵn tùy thuộc vào thời gian khác nhau. Tài liệu học tập - chúng tôi gửi cho bạn qua e-mail. Các lớp học được tổ chức trực tuyến riêng lẻ - trực tiếp vào một ngày đã thống nhất. Các bài học có sẵn bằng tiếng Ba Lan và tiếng Anh. </p>\r\n<p> Tạo ra âm nhạc là nghệ thuật sáng tạo của trí tưởng tượng. Nó mang đến một cơ hội duy nhất để thể hiện sự phong phú của thế giới nội tâm của riêng bạn, với đầy những cảm xúc và tìm kiếm khác nhau thông qua nghệ thuật âm nhạc. Trong các lớp học, bạn sẽ có cơ hội phát triển quan điểm của riêng mình về tác phẩm của các nhà soạn nhạc xuất sắc, phương tiện kỹ thuật và chất liệu âm thanh của họ. </p>\r\n<p> Để tìm ra phong cách sáng tác của riêng mình, bạn cần biết toàn bộ khả năng và có thể khám phá cá tính của mình trong sáng tạo. Chương trình học bao gồm học sáng tác theo nhiều phong cách khác nhau: </p>\r\n<ul>\r\n<li> baroque </li>\r\n<li> chủ nghĩa cổ điển </li>\r\n<li> chủ nghĩa lãng mạn </li>\r\n<li> kỹ thuật dodecaphonic </li>\r\n<li> chủ nghĩa trung thực </li>\r\n<li> nhạc điện tử </li>\r\n<li> nhạc phim </li>\r\n<li> xu hướng âm nhạc tối thiểu </li>\r\n</ul>\r\n<p> Trong các lớp học, các kỹ thuật máy tính hiện đại được sử dụng - các chương trình để chỉnh sửa ghi chú và tạo nhạc. Theo truyền thống, làm việc trên các tác phẩm của riêng bạn được thực hiện trên bản nhạc, cũng như trên máy tính xách tay hoặc máy tính bảng. </p>', NULL, '/images/oferta/vi_oferta/kompozycja.jpg'),
(71, 4, 1, 'Logorytmika', 'Logorytmika', '其他', '<p>這些課程適用於初學者以及已經在玩和發展的人。學習資料-我們通過電子郵件發送註釋。課堂在線上單獨舉行-在約定的日期上課。提供波蘭語和英語課程。 </p>\r\n<p> Logorytmika是將語音治療與節奏結合在一起的創新課程。它們影響發音器官，聽覺和聽覺運動領域。這些課程的目的是和諧地激發言語，並使孩子對節奏，旋律，節奏，動態和音色敏感。這些是語音和音樂共有的功能。 </p>\r\n<p>對數律動課是通過玩耍和使用進行的：</p>\r\n<ul>\r\n<li>呼吸練習</li>\r\n<li>單詞練習</li>\r\n<li>聽力練習</li>\r\n<li>有節奏的鍛煉</li>\r\n<li>運動練習</li>\r\n<li>練習以編寫兒童字典</li>\r\n</ul>\r\n<p>課程主要針對最年輕的學生。 </p>', '', '/images/oferta/zh_oferta/logorytmika.jpg'),
(72, 4, 2, 'Gordonki', 'Gordonki', '其他', '<p>由愛德溫·戈登（Edwin Gordon）創建的一種方法-音樂家，心理學家和教育家。該理論證明，孩子在生命的最初5年中學習得最好。這為進一步發展奠定了基礎。在這個年齡，孩子們很容易接受並且學習很快。 </ p>\r\n<p> <b>這些類是什麼樣的？ </ b> </ p>\r\n<p>嬰兒可以在房間裡爬行或行走，對聲音自由地做出反應。音樂課充滿驚喜-彩色圍巾，羽毛，安全的樂器和現場音樂。上課的老師是音樂家，他們彈鋼琴，吉他和小提琴並唱歌。此外，他們還是言語治療師。這使孩子們從小就可以體驗音樂。 </ p>\r\n<p>直到18歲，孩子們都自發唱歌，戈登的音樂訓練方法支持理解音樂的自然過程及其和諧發展。 </ p>\r\n<p> <b>這些課程提供什麼？ </ b> </ p>\r\n<ul>\r\n<li>通過遊戲，他們將嬰兒介紹到聲音和節奏的世界中</ li>\r\n<li>最大限度地發揮孩子的音樂潛能</ li>\r\n<li>使用各種形式的音樂教育-唱歌，跳舞，聽，即興演奏，彈奏</ li>\r\n<li>開發詞彙</ li>\r\n<li>與小型社交團體中的同伴建立積極聯繫</ li>\r\n<li>在孩子和父母之間建立緊密的關係</ li>\r\n<li>孩子們愛音樂</ li>\r\n</ ul>\r\n<p>班級主要針對最年輕的班級。 </ p>\r\n<p>我們提供<b>個單獨的班級</ b>-每個家長分別同意的日期，和<b>小團體</ b>僅3-6個孩子！ </ p>\r\n<p> <b> <U>小組課程的日期：</ U> </ b> </ p>\r\n<p>我們從第一個月到第二年有兩個年齡段：</ p>\r\n<p> <b>星期六10:30 </ b>-獻給最小的小組</ p>\r\n<p> <b>星期六11:30 </ b>-大齡兒童分組</ p>\r\n<p>班上必須有父母或監護人。 </ p>\r\n<p> <b>小團體</ b>只有3-6個孩子！ </ p>\r\n<p> 30-40平方米的寬敞客房舖有地毯</ p>\r\n<p>我們有一個特別的餵養和更衣室。 </ p>\r\n<p>那裡有通往學校的大型電梯，您可以舒適地用嬰兒車進入。 </ p>\r\n<p> <b>十月開始上課，於星期六</ b> </ p>\r\n<p> 4張會議通行證有效期為2個月。如果孩子生病，不會失去任何活動。 </ p>\r\n<p>對於45分鐘的課程，通行證的價格僅為50波蘭茲羅提。一次性課程60茲羅提。</ p>\r\n<p>名額有限。 </ p>\r\n<p>需要提前預訂座位-883489184 </ p>', '', '/images/oferta/zh_oferta/gordonki.jpg'),
(73, 4, 3, '語言治療', '語言治療', '其他', '<p>這些課程適用於初學者以及已經在玩和發展的人。學習資料-我們通過電子郵件發送註釋。課堂在線上單獨舉行-在約定的日期上課。提供波蘭語和英語課程。 </p>\r\n<p>音樂言語療法是一門創新的課程，將言語療法與節奏相結合。它們影響發音器官，聽覺和聽覺運動領域。這些課程的目的是和諧地激發言語並使孩子對節奏，旋律，節奏，動態和音色敏感。這些是語音和音樂共有的功能。 </p>\r\n<p>言語治療課程是通過玩耍和使用進行的：</p>\r\n<ul>\r\n<li>語言治療練習</li>\r\n<li>呼吸練習</li>\r\n<li>單詞練習</li>\r\n<li>聽力練習</li>\r\n<li>有節奏的鍛煉</li>\r\n<li>粗略運動技能鍛煉</li>\r\n<li>練習以編寫兒童字典</li>\r\n</ul>\r\n<p>課程旨在通過使用歌曲和特殊的言語治療練習來糾正言語障礙。兒童的語音設備得到改善，語言交流得到改善。另一個好處是精細運動技能和手部療法的發展。該程序根據孩子的需要單獨安排。我們通過音樂提供診斷和言語治療。 </p>\r\n<p>我們提供了一項特殊計劃，以改善波蘭以外地區兒童的發音。我們的老師還使用英語授課。 </p>', '<p>班級是單獨的，供學齡前和早教兒童使用</p>', '/images/oferta/zh_oferta/logopedia.jpg'),
(74, 4, 4, '鋼琴', '鋼琴課', '其他', '<p>Facing the stress and challenges every-day of school reality, children benefit from playing, as it gives relief and necessary relax. During the classes pupils may unwind and dive into the world of sounds. Here, they are the most important, surrounded by priceless trust, which strengthens their sense of security. Here, they can be authentic - music helps them express their emotions, unload their tension and stress.</p>\r\n<p>A new, improved method of treating pupils as important individuals whose words, thoughts, and emotions are significant. During the classes, children learn not only how to play an instrument, but also discuss with the teacher many vital problems.</p>\r\n<p>The programme is selected according to your interests and, among others, includes:</p>\r\n<ul>\r\n<li>reading music sheets according to Grazyna Kolodziej’s special method</li>\r\n<li>solo pieces, and 4-hand duets</li>\r\n<li>movies about music</li>\r\n<li>refinement of hearing</li>\r\n<li>solfege</li>\r\n<li>history and theory of music</li>\r\n<li>music games</li>\r\n</ul>\r\n<p>The program provides learners with an extensive range of music literature, including, among others, classical and jazz pieces, soundtracks from Disney movies, ethnic music, as well as Christmas carols.</p>\r\n<p>Learning consists of 3 stages:</p>\r\n<ol>\r\n<li>basic</li>\r\n<li>intermediate</li>\r\n<li>advance with the possibility of preparing for music universities or piano competitions</li>\r\n</ol>\r\n<p>An additional benefit offered by our school is a chance to participate in workshops and master classes organized periodically by the Music Conversatory, thanks to an international cooperation with piano teachers from different countries – for example, Germany, the UK, Finland, and the USA.</p>\r\n<p>During the first month you are not required to have your own instrument at home.</p>', '', '/images/oferta/zh_oferta/fortepian-dzieci.jpg');
INSERT INTO `courses_translation` (`id`, `languages_id`, `courses_id`, `course_name`, `heading_3`, `button`, `long_desc`, `short_desc`, `img`) VALUES
(75, 4, 5, '唱歌', '歌唱班', '其他', '<p>Contact with music is an exciting adventure. Lessons at our school have elements of innovative education. There are no grades or exams. Children are most important, as well as their opinions, thoughts, and feelings. During lessons, there is a warm friendly atmosphere, which gives a sense of security and comfort. It improves self-esteem and sense of own effectiveness.</p>\r\n<p>Through the learning process, pupils quire music skills, but also master time-management: how to schedule responsibilities, find time to study, do homework, play an instrument, and have time for oneself to relax.</p>\r\n<p>The programme includes:</p>\r\n<ul>\r\n<li>popular songs</li>\r\n<li>musical games with voice</li>\r\n<li>improvisations</li>\r\n<li>screenings of vocal masterpieces (operas, oratorios, and musicals)</li>\r\n<li>musical fairytales</li>\r\n</ul>\r\n<p>The aim is to awaken a love for music and to improve self-confidence.</p>\r\n<p>Lessons develop musicality, as well as vocal organs and speech smoothness. They also equip pupils with relaxation techniques, how to relieve body tensions. Singing lessons aim at awakening a love for music and improving self-confidence.</p>', '', '/images/oferta/zh_oferta/spiew-dla-dzieci.jpg'),
(76, 4, 6, '吉他和夏威夷四弦琴', '吉他和四弦琴課', '其他', '<p>Music lessons develop pupils’ creativity in a favourable atmosphere. Appropriate methods, selected by the teacher to suit individual needs of every pupil, can improve memory and significantly amplify concentration. These abilities are useful at school, and very helpful in adult life - both private and professional.</p>\r\n<p>During a lesson, pupils learn new music sheets, what supports development of their analytical skills, notes interpretations, and faster tablature evaluation. How to overcome challenges? How to see similarities in a music piece? How to interpret unknown musical elements? Music lessons help pupils master skills of logical thinking.</p>\r\n<p>The programme is selected according to your interests and, among others, includes:</p>\r\n<ul>\r\n<li> reading music sheets </li>\r\n<li>cartoons about music</li>\r\n<li>refinement of hearing</li>\r\n<li>solfege</li>\r\n<li>history and theory of music</li>\r\n<li>music games</li>\r\n</ul>\r\n<p>The program provides learners with an extensive range of music literature, including, among others, classical and jazz pieces, soundtracks from Disney movies, ethnic music, as well as Christmas carols.</p>\r\n<p>The programme includes solo pieces, as well as duets - performed with another guitar.</p>\r\n<p>There is an instrument at the school, so you don’t have to bring your own-a comfortable solution. During the first month you are not required to have your own instrument at home.</p>', '', '/images/oferta/zh_oferta/gitara-dla-dzieci.jpg'),
(77, 4, 7, '大提琴', '大提琴課', '其他', '<p>Lessons develop the sense of self-esteem. Children enjoy music in a safe atmosphere that improves their learning process. Playing together builds a strong relationship with the teacher, as for music connects people and creates partnership.</p>\r\n<p>Performing in duets (initially with a teacher, later with other pupils) teaches cooperation, which is indispensable in adult life. It teaches also task-focus, team work, searching together for best solutions, and understanding of others.</p>\r\n<p>While learning new pieces, pupils train how to widen their abilities, and how to overcome obstacles - how to find correct and effective methods of solving difficult tasks. They acquire determination and perseverance, they do not give up in crisis situations; they have courage to face problems and look for solutions. They learn persistence in pursuing one’s dream.</p>\r\n<p>The programme is selected according to your interests and, among others, includes:</p>\r\n<ul>\r\n<li> reading music sheets </li>\r\n<li>cartoons about music</li>\r\n<li>refinement of hearing</li>\r\n<li>solfege</li>\r\n<li>history and theory of music</li>\r\n<li>music games</li>\r\n</ul>\r\n<p>The program provides learners with an extensive range of music literature, including, among others, classical and jazz pieces, soundtracks from Disney movies, ethnic music, as well as Christmas carols.</p>\r\n<p>The programme includes solo pieces and duets-performed with another cello or a piano.</p>\r\n<p>There is an instrument at the school, so you don’t have to bring your own-a comfortable solution. During the first month you are not required to have your own instrument at home.</p>', '', '/images/oferta/zh_oferta/wiolonczela-dzieci.jpg'),
(78, 4, 8, ' 薩克斯風', '薩克斯課', '其他', '<p>In an exciting atmosphere, children learn new sounds and music pieces, which stimulates their creativity. Teachers take care to develop self-esteem of their pupils by respecting them.</p>\r\n<p>Playing an instrument is an international language of expressing emotions and thoughts, sometimes impossible to be captured in words. It is also a great fun. Through music, pupils learn how to express themselves better, how to talk about their inner experiences, and also they get to know themselves better.</p>\r\n<p>The programme is selected according to your interests and, among others, includes:</p>\r\n<ul>\r\n<li> reading music sheets </li>\r\n<li>cartoons about music</li>\r\n<li>refinement of hearing</li>\r\n<li>solfege</li>\r\n<li>history and theory of music</li>\r\n<li>music games</li>\r\n</ul>\r\n<p>The program provides learners with an extensive range of music literature, including, among others, classical and jazz pieces, soundtracks from Disney movies, ethnic music, as well as Christmas carols.</p>\r\n<p>The programme includes solo pieces and duets-performed with another saxophone or a piano, as well as lessons of improvisation.</p>\r\n<p>There is an instrument at the school, so you don’t have to bring your own-a comfortable solution. During the first month you are not required to have your own instrument at home.</p>', '', '/images/oferta/zh_oferta/saksofon-dla-dzieci.jpg'),
(79, 4, 9, '第一步', '第一步', '其他', '<p>Lessons which bring out a love of music that lasts for an entire lifetime, are designed for 3 to 6-years-olds, the age when children are particularly open and responsive to new knowledge. Lessons are individual, and the programme is adapted to fit age and skills of every pupil, introducing them to the world of sounds and music.</p>\r\n<p>This original programme designed by Bogna Kolodziej provides a vast amount of music, activity, and fun, which stimulates development and bring a lot of pleasure. There is an additional value, which is a simultaneous preparation to begin playing an instrument. </p>\r\n<p>The programme of learning music and refining hearing includes:</p>\r\n<ul>\r\n<li>music games</li>\r\n<li>singing popular songs</li>\r\n<li>screenings of music movies</li>\r\n<li>independent music improvisations on a piano and other instruments</li>\r\n<li>musical fairytales</li>\r\n<li>introduction to classical music masterpieces</li>\r\n<li>Mini concerts – live music</li>\r\n</ul>', '', '/images/oferta/zh_oferta/umuzykalnienie.jpg'),
(80, 4, 10, '鋼琴', '鋼琴課', '其他', '<p>Many people have been dreaming of learning to play the piano since early childhood, unfortunately they haven\'t had such an opportunity. Unfulfilled dreams of the past often come back years later, and making them come true gives a lot joy, satisfaction and relaxation.</p>\r\n<p>The programme is selected according to your interests and, among others, includes:</p>\r\n<ul>\r\n<li>Classical masterpieces</li>\r\n<li>Jazz, Blues, Rock’n’roll</li>\r\n<li>Hits songs of The Beatles, Abba, etc.</li>\r\n<li>Themes from operas and ballets</li>\r\n<li>Movie soundtracks</li>\r\n<li>Musicals</li>\r\n<li>Pop</li>\r\n<li>Ethnic music</li>\r\n</ul>\r\n<p>The programme specially designed for adults not only allows to make dreams come true, but also enables passing them on to children. Parents and children often begin their music education parallelly, and while practicing at home, they can help each other. This kind of music cooperation helps better understand one\'s own children, and build a deeper connection, particularly through playing together in duets.</p>\r\n<p>During the first month you are not required to have your own instrument at home.</p>', '<p>Individual classes based on a master-pupil system . A specially designed programme for teaching adults from scratch.</p>', '/images/oferta/zh_oferta/fortepian-dorosli.jpg'),
(81, 4, 11, '唱歌', '歌唱班', '其他', '<p>In childhood we all used to sing songs during trips, when sitting around a campfire, attending school celebrations, or even in choir. It always gave us a lot of pleasure and satisfaction, however with time we forgot all about it. Moreover, adults, who live in constant rush, often forget about the basic activity-proper breathing. Singing lessons allows to free one’s voice, to feel unrestricted and happy again. And to once more discover one’s musical potential.</p>\r\n<p>The programme is selected according to your interests and, among others, includes:</p>\r\n<ul>\r\n<li>Classical songs</li>\r\n<li>Jazz and musical standards</li>\r\n<li>Arias and classical masterpieces</li>\r\n<li>Popular and ethnic songs</li>\r\n</ul>', '<p>Individual classes based on a master-pupil system . A specially designed programme for teaching adults from scratch.</p>', '/images/oferta/zh_oferta/spiew-dla-doroslych.jpg'),
(82, 4, 12, '吉他和夏威夷四弦琴', '吉他和四弦琴課', '其他', '<p>The guitar is a reminiscent of a fireplace and a warm family atmosphere. Its sounds create a delightful mood. This instrument can be easily packed and played all around the world. Singing together strengthens the bonds between people and sparks unforgettable memories.</p>\r\n<p>The programme is selected according to your interests and, among others, includes:</p>\r\n<ul>\r\n<li>Classical masterpieces</li>\r\n<li>Jazz, Blues, Rock’n’roll</li>\r\n<li>Hits songs of The Beatles, Abba, etc.</li>\r\n<li>Themes from operas and ballets</li>\r\n<li>Movie soundtracks</li>\r\n<li>Musicals</li>\r\n<li>Pop</li>\r\n<li>Ethnic music</li>\r\n</ul>\r\n<p>The carefully designed method of reading music sheets guarantees easiness and fast pace of learning. The programme includes solo pieces and duets-two guitars. In addition, lessons are enriched with interesting facts from the history of music.</p>\r\n<p>For advanced learners, there are electric guitar lessons.</p>\r\n<p>There is an instrument at the school, so you don’t have to bring your own-a comfortable solution. During the first month you are not required to have your own instrument at home.</p>', '<p>Individual classes based on a master-pupil system . A specially designed programme for teaching adults from scratch.</p>', '/images/oferta/zh_oferta/gitara-dla-doroslych.jpg'),
(83, 4, 13, '大提琴', '大提琴課', '其他', '<p>The soft and tender sound of the instrument creates a warm, comfortable atmosphere. It is a unique instrument that you can actually hug. In this rushed world, it gives a sense of security and calmness. In its presence, you may find a moment for yourself, only for yourself.</p>\r\n<p>The programme is selected according to your interests and, among others, includes:</p>\r\n<ul>\r\n<li>Classical masterpieces</li>\r\n<li>Jazz, Blues, Rock’n’roll</li>\r\n<li>Hits songs of The Beatles, Abba, etc.</li>\r\n<li>Themes from operas and ballets</li>\r\n<li>Movie soundtracks</li>\r\n<li>Musicals</li>\r\n<li>Pop</li>\r\n<li>Ethnic music</li>\r\n</ul>\r\n<p>The carefully designed method of reading music sheets guarantees easiness and fast pace of learning. The programme includes solo pieces and duets-performed with another cello or a piano. In addition, lessons are enriched with interesting facts from the history of music.</p>\r\n<p>There is an instrument at the school, so you don’t have to bring your own-a comfortable solution. During the first month you are not required to have your own instrument at home.</p>', '<p>Individual classes based on a master-pupil system . A specially designed programme for teaching adults from scratch.</p>', '/images/oferta/zh_oferta/wiolonczela-dorosli.jpg'),
(84, 4, 14, ' 薩克斯風', '薩克斯課', '其他', '<p>Magical, shining, strong – the saxophone seduces and charms. Its sounds express emotions that cannot be verbalized otherwise. It has a wide sound spectrum and creates a unique atmosphere during meetings with loved ones.</p>\r\n<p>The programme is selected according to your interests and, among others, includes:</p>\r\n<ul>\r\n<li>Classical masterpieces</li>\r\n<li>Jazz, Blues, Rock’n’roll</li>\r\n<li>Hits songs of The Beatles, Abba, etc.</li>\r\n<li>Themes from operas and ballets</li>\r\n<li>Movie soundtracks</li>\r\n<li>Musicals</li>\r\n<li>Pop</li>\r\n<li>Ethnic music</li>\r\n</ul>\r\n<p>The carefully designed method of reading music sheets guarantees easiness and fast pace of learning. The programme includes solo pieces and duets-performed with another saxophone or a piano, as well as lessons of improvisation. In addition, lessons are enriched with interesting facts from the history of music.</p>\r\n<p>There is an instrument at the school, so you don’t have to bring your own-a comfortable solution. During the first month you are not required to have your own instrument at home.</p>', '<p>Individual classes based on a master-pupil system . A specially designed programme for teaching adults from scratch.</p>', '/images/oferta/zh_oferta/saksofon-dla-doroslych.jpg'),
(85, 4, 15, '合唱團和聲樂團', '合唱團和聲樂團', '其他', '<p>小班唱歌課。我們有一個專門針對成人的專有教學計劃。 </p>\r\n<p>在童年時代，我們每個人在旅途中，在篝火旁，在學校慶祝活動中或在合唱團中唱歌。總是充滿著喜悅和滿足，但是隨著時間的流逝，我們忘記了它。此外，經常忙碌的成年人經常忘記適當呼吸的基本活動。唱歌課使您可以釋放聲音，再次感到自由和快樂。並重新發現您的音樂潛能。 </p>\r\n<p>我們在以下主題組中進行課程：</p>\r\n<ul>\r\n<li>古典合唱團</li>\r\n<li>爵士樂隊-帶有音樂作品</li>\r\n<li>福音合唱團</li>\r\n<li>音樂樂隊-重點歌曲，簡陋的房間，吉他伴奏中的流行歌曲</li>\r\n</ul>\r\n<p>在課程中，您將學習自然共鳴和語音放大，正確使用呼吸機制以及正確發出聲音的技術。課程是為那些想要通過聲音發聲發展並改善自己的幸福感的人而設計的。一起唱歌會發展一種聯繫感，並加強人際交往。 </p>\r\n<p>兒童分組，成人分組</p>', '<p>Individual classes based on a master-pupil system . A specially designed programme for teaching adults from scratch.</p>', '/images/oferta/zh_oferta/zespol.jpg'),
(86, 4, 16, '公開演講', '公開演講', '其他', '<p>這些課程適用於初學者和高級成年人。學習資料-我們通過電子郵件發送給您。課堂在線上單獨舉行-在約定的日期上課。提供波蘭語和英語課程。 </p>\r\n<p>從古羅馬時代起，講堂就受到高度重視。演講者不僅必須表現出出色的口語表達能力，而且還必須知道如何有效傳達自己的信息才能被理解和記住。如今，那些對自己的魅力著迷的演講者已經掌握了呼吸的工作以及語音中語音的正確發出。 </p>\r\n<p>該程序是根據您的興趣而準備的，並且用於：</p>\r\n<ul>\r\n<li>演員</li>\r\n<li>電視記者</li>\r\n<li>政客</li>\r\n<li>商人</li>\r\n<li>外國人</li>\r\n</ul>\r\n<p>通過言語治療和音樂課，您可以提高發音並發掘每個說話者的自然潛能。此外，這些課程還教授適當的放鬆技巧，這些技巧可以幫助並促進日常工作，包括借助相機和麥克風進行語音通話以及自我完善的途徑。</p>', '<p>Individual classes based on a master-pupil system . A specially designed programme for teaching adults from scratch.</p>', '/images/oferta/zh_oferta/retoryka.jpg'),
(87, 4, 17, 'Musicfulness', 'Musicfulness', '其他', '<p>這些課程既適合成人初學者，也適合那些已經在玩和學習的人。學習資料-我們通過電子郵件發送註釋。課堂在線上單獨舉行-在約定的日期上課。提供波蘭語和英語課程。 </p>\r\n<p>在當今世界，我們一直很忙。我們對最後期限，項目和要執行的任務的追求。學生有更多的測試，重要的考試，以及無時無刻學習和記憶的新事物。成人從事的工作是在規定的時間內要完成的任務和目標。缺乏家人，朋友和自己的時間是很常見的。 </p>\r\n<p>為了追求成功，我們忘記了最重要的事情-我們自己。有時你必須停下來。音樂性是一個程序，可以幫助您恢復平衡和和諧感。 </p>\r\n<p>該程序包括：</p>\r\n<ul>\r\n<li>放鬆技巧</li>\r\n<li>呼吸練習</li>\r\n<li>音樂療法的元素</li>\r\n<li>學習傾聽和專心</li>\r\n<li>學習著眼於此時此地</li>\r\n</ul>\r\n<p>這是一個獨特的程序，可讓您減速，停止和休息。這是您可以安全地平靜下來並進行再生的時候。音樂可以減輕壓力並改善生活質量。 </p>\r\n<p>音樂性計劃是指正念，它使用音樂及其對人體和心靈的有益影響。 </p>', '<p>Individual classes based on a master-pupil system . A specially designed programme for teaching adults from scratch.</p>', '/images/oferta/zh_oferta/musicfulness.jpg'),
(88, 4, 18, '音樂愛好者計劃', '音樂愛好者計劃', '其他', '<p>A music lover is an expert in music. Such a person can recognize a good performance, notice its important elements, and surprise others with an interesting anecdote about the composer. Concert hall has no secrets. A music lover knows when to clap, and which concerts to attend. It is a person who have knowledge about art.</p>\r\n<p>The programme is selected in accordance with your interests, and it includes among others:</p>\r\n<ul>\r\n<li>history of music</li>\r\n<li>musical literature</li>\r\n<li>lives and works of great composers</li>\r\n<li>world canon of musical masterpieces</li>\r\n<li>watching and analyzing selected fragments of operas and ballets</li>\r\n<li>rules of music</li>\r\n</ul>\r\n<p>Lessons are available in English</p>', '<p>Individual classes based on a master-pupil system . A specially designed programme for teaching adults from scratch.</p>', '/images/oferta/zh_oferta/meloman.jpg'),
(89, 4, 20, '作文課', '作文課', '其他', '<p>我們在華沙市中心的一座新藝術風格的廉價公寓裡上課，並且現在也在線上授課-遍及波蘭和世界各地的課程。 </p>\r\n<p>可以在線授課，但會有所不同。學習資料-我們通過電子郵件發送給您。課堂在線上單獨舉行-在約定的日期上課。提供波蘭語和英語課程。 </p>\r\n<p>音樂創作是想像力的創造藝術。它提供了一個獨特的機會來表達您自己的內在世界的豐富性，其中充滿了各種情感並通過音樂藝術進行了搜索。在課堂上，您將有機會就傑出的作曲家的作品，他們的技術手段和聲音材料發展自己的觀點。 </p>\r\n<p>要找到自己的構圖風格，您需要了解所有可能性，並能夠發現自己的創造力個性。該課程包括學習各種風格的寫作：</p>\r\n<ul>\r\n<li>巴洛克</li>\r\n<li>古典主義</li>\r\n<li>浪漫主義</li>\r\n<li>十二指腸技術</li>\r\n<li>無意者</li>\r\n<li>電聲音樂</li>\r\n<li>電影音樂</li>\r\n<li>最小音樂趨勢</li>\r\n</ul>\r\n<p>在上課期間，使用了現代計算機技術-用於編輯筆記和創建音樂的程序。傳統上，您自己創作的作品是在樂譜上以及在筆記本電腦或平板電腦上完成的。 </p>', '<p>Individual classes based on a master-pupil system . A specially designed programme for teaching adults from scratch.</p>', '/images/oferta/zh_oferta/kompozycja.jpg'),
(90, 1, 21, 'Zajęcia tatralne', 'Zajęcia teatralne', 'Sprawdź', '<p>Kontakt ze sztuką jest ekscytująca przygodą. Nauka prowadzona w naszej szkole, ma cechy innowacyjnej edukacyjnej. Nie ma ocen, egzaminów. Dzieci są najważniejsze, ich wypowiedzi, ich myśli i odczucia. Podczas zajęć panuje serdeczna, przyjacielska atmosfera życzliwości, która zapewnia poczucie bezpieczeństwa i komfortu. Dzięki temu zwiększa się samoocena i poczucie własnej skuteczności. </p>\r\n<p>Zapraszamy dzieci w podróż do świata wyobraźni. Za teatralną kurtyną ukryte są magiczne światy: dzielni rycerze, odważne księżniczki, smoki, elfy i zaczarowane eliksiry. </p><p>Zajęcia są dla dzieci już od 3 roku życia.</p>\r\n<p>W programie: </p>\r\n<ul>\r\n<li>Trening aktorski</li>\r\n<li>Elementy pantomimy</li>\r\n<li>Ćwiczenia logopedyczne</li>\r\n<li>Muzyczne gry i zabawy z głosem</li>\r\n<li>Nauka improwizacji</li>\r\n<li>Projekcje dzieł teatralnych</li>\r\n<li>Muzyczne bajki-grajki</li>\r\n</ul>\r\n<p>Podczas zajęć uczniowie nabywają umiejętności aktorskich i teatralnych. Celem zajęć jest rozwój przez sztukę. Na zajęciach rozwijana jest kreatywność, kształtuje się wrażliwość na świat, rozbudzana jest wyobraźnia, a dodatkowo dzieci odkrywają swoje mocne strony. </p>\r\n<p>Zajęcia rozwijają muzykalność, a także aparat i płynność mowy. Uczą relaksacji i rozładowywania napięć z ciała, aby w pełni korzystać ze swoich możliwości.</p>\r\n<p><b>Podczas epidemii prowadzimy zajęcia tylko indywidualne</b></p>', '', '/images/oferta/teatr dzieci na www.jpg'),
(91, 2, 21, 'Tatra classes', 'Theater classes', 'Check it out', '<p>Contact with art is an exciting adventure. The learning conducted in our school has the features of an innovative, educational one. There are no grades, no exams. Children are most important, their statements, their thoughts and feelings. There is a cordial, friendly atmosphere of kindness during the classes, which ensures a sense of security and comfort. This increases self-esteem and self-efficacy.</p><p> We invite children on a journey to the land of theater. Hidden behind the red curtain are magical worlds: brave knights, brave princesses, dragons, elves and enchanted potions.</p><p> During the classes, students acquire acting and theater skills. The aim of the course is development through art - theater. During the classes, creativity is developed, sensitivity to the world is formed, imagination develops, and in addition, children discover their strengths.</p><p> In program:</p><ul><li> Acting training</li><li> Elements of pantomime</li><li> Speech therapy exercises</li><li> Musical games and games with your voice</li><li> Learning to improvise</li><li> Projections of theatrical works</li><li> Musical fairy tales</li></ul><p> Classes develop musicality, as well as the apparatus and fluency of speech. Classes teach how to relax and relieve tension from the body in order to be able to take full advantage of your abilities. The purpose of theater lessons is to awaken your love of art and increase your self-confidence.</p>', '', '/images/oferta/teatr dzieci www.jpg'),
(92, 3, 21, 'Lớp học Tatra', 'Lớp học sân khấu', 'Kiểm tra nó ra', '<p>Tiếp xúc với nghệ thuật là một cuộc phiêu lưu thú vị. Việc học được thực hiện trong trường của chúng tôi có các tính năng của một giáo dục, sáng tạo. Không có điểm, không có kỳ thi. Con cái quan trọng nhất là câu nói của chúng, những suy nghĩ và cảm xúc của chúng. Có một bầu không khí thân thiện, thân thiện và tử tế trong suốt các lớp học, đảm bảo một cảm giác an toàn và thoải mái. Điều này làm tăng lòng tự trọng và hiệu quả của bản thân.</p><p> Chúng tôi mời các em vào một cuộc hành trình đến vùng đất của sân khấu. Ẩn sau bức màn đỏ là những thế giới kỳ diệu: những hiệp sĩ dũng cảm, những nàng công chúa dũng cảm, những con rồng, yêu tinh và những lọ thuốc mê hoặc.</p><p> Trong các lớp học, học sinh có được các kỹ năng diễn xuất và sân khấu. Mục tiêu của khóa học là phát triển thông qua nghệ thuật - sân khấu. Trong các lớp học, khả năng sáng tạo được phát triển, sự nhạy cảm với thế giới được hình thành, trí tưởng tượng phát triển và ngoài ra, trẻ em còn khám phá thế mạnh của mình.</p><p> Trong chương trình:</p><ul><li> Đào tạo diễn xuất</li><li> Các yếu tố của kịch câm</li><li> Bài tập trị liệu ngôn ngữ</li><li> Trò chơi âm nhạc và trò chơi với giọng nói của bạn</li><li> Học cách ứng biến</li><li> Dự kiến tác phẩm sân khấu</li><li> Những câu chuyện cổ tích âm nhạc</li></ul><p> Các lớp học phát triển khả năng âm nhạc, cũng như bộ máy và sự trôi chảy của lời nói. Lớp học hướng dẫn cách thư giãn và giảm căng thẳng cho cơ thể để có thể phát huy hết khả năng của mình. Mục đích của các bài học sân khấu là để đánh thức tình yêu nghệ thuật và tăng cường sự tự tin của bạn.</p>', '', '/images/oferta/teatr dzieci www.jpg'),
(93, 4, 21, '塔特拉班', '戏剧课', '看看这个', '<p>与艺术接触是令人兴奋的冒险。在我们学校进行的学习具有创新，教育性的特点。没有成绩，没有考试。孩子是最重要的，他们的陈述，思想和感情。上课时有一种亲切友好的友善气氛，可确保安全感和舒适感。这增加了自尊和自我效能感。</p><p>我们邀请孩子们前往剧院之地。隐藏在红色帷幕后面的是神奇的世界：勇敢的骑士，勇敢的公主，巨龙，精灵和附魔的药水。</p><p>在课堂上，学生学习表演和戏剧技巧。本课程的目的是通过戏剧发展艺术。在课堂上，创造力得到发展，对世界的敏感形成，想象力得到发展，此外，孩子们发现了自己的优势。</p><p>在程序中：</p><ul><li>代理培训</li><li>哑剧的要素</li><li>言语治疗练习</li><li>音乐游戏和带有声音的游戏</li><li>学习即兴</li><li>戏剧作品的投影</li><li>音乐童话</li></ul><p>课堂会发展音乐性，以及语音的表达和流利度。课程会教您如何放松和减轻身体的压力，以便能够充分利用自己的能力。戏剧课的目的是唤醒您对艺术的热爱并增强您的自信心。</p>', '', '/images/oferta/teatr dzieci www.jpg'),
(94, 1, 22, 'Zajęcia teatralne', 'Zajęcia teatralne', 'Sprawdź', '<p>Teatr to magiczny świat, który ogranicza nam  tylko wyobraźnia. Pamiętacie bale kostiumowe, gdy na jeden wieczór było się księżniczką, piratem, złą wiedźmą, aniołem? Bajeczne kolorowe kostiumy, sposób mówienia, wczucie się w rolę danej postaci to był czas na zabawę, eksperymenty i próbowanie nowych, innych zachowań w bezpiecznej przestrzeni.</p>\r\n<p>Żyjemy w ciągłym pośpiechu, często zapominamy że otacza nas magia sztuki, a jest ona niezwykle ważna dla nas i naszego mózgu. Podczas treningu aktorskiego doświadczamy rozwoju osobistej kreatywności, tworzymy i na nowo odkrywamy swój potencjał.</p>\r\n<p>Program przygotowywany jest według Państwa zainteresowań, składa się m.in. z: </p>\r\n<ul>\r\n<li>Treningu aktorskiego</li> \r\n<li>wprowadzenia do improwizacji</li>\r\n<li>techniki walki z tremą</li>\r\n<li>emisji głosu</li>\r\n<li>ćwiczeń ze świadomości ciała</li>\r\n<li>elementarnych zadań aktorskich</li>\r\n<li>piosenki aktorskiej</li>\r\n<p>Podczas zajęć teatralnych poznają Państwo techniki aktorskie, które wzmacniają głos, uczą prawidłowego korzystania z mechanizmów oddychania oraz właściwiej emisji głosu. Uczą też uważności i skupienia, aby w pełni móc korzystać ze swoich możliwości. Zajęcia są dla osób, które pragną rozwijać się aktorsko, chcą lepiej poznać i zrozumieć siebie oraz swoje emocje.</p> <p><b>Podczas epidemii prowadzimy zajęcia tylko indywidualne</b></p>', '', '/images/oferta/teatr dor kwadratjpg.jpg'),
(95, 2, 22, 'Tatra classes', 'Theater classes', 'Check it out', '<p>Theater is a magical world where everything is possible and our imagination is the limit. Do you remember the costume balls? When for one evening you were a princess, a pirate, an evil witch ... Fabulous colorful costumes, way of speaking, feeling the role and acting like a given character. It was a time to play, experiment and try new and different behaviors in a safe space.</p><p> As adults, we live in a constant hurry, we often forget that we are surrounded by the magic of art. And it is so important to us and our brain. During acting training, we have a strong development of creativity, we look for unusual combinations and create surprising solutions. To feel free and joyful again. And rediscover your potential.</p><p> The program is prepared according to your interests, it consists of, among others from:</p><ul><li> Acting training</li><li> introduction to improvisation</li><li> techniques to combat stage fright</li><li> voice emission</li><li> body awareness exercises</li><li> elementary acting tasks</li><li> Actor&#39;s song</li><p> During the classes, you will learn about acting tools, such as the body, voice, emotions and imagination. Theatrical techniques strengthen the voice, teach the proper use of breathing mechanisms and proper voice emission. Apart from the technique, the classes teach mindfulness and focus on the here and now in order to be able to fully use your possibilities. Classes are for people who want to develop their acting skills, want to get to know and understand better themselves and their emotions.</p>', '', '/images/oferta/teatr dor kwadratjpg.jpg'),
(96, 3, 22, 'Lớp học Tatra', 'Lớp học sân khấu', 'Kiểm tra nó ra', '<p>Nhà hát là một thế giới kỳ diệu, nơi mọi thứ đều có thể xảy ra và trí tưởng tượng của chúng ta là giới hạn. Bạn có nhớ những quả bóng trang phục? Khi trong một buổi tối, bạn là một công chúa, một tên cướp biển, một mụ phù thủy độc ác ... Trang phục đầy màu sắc tuyệt vời, cách nói, cách cảm nhận vai diễn và hành động như một nhân vật đã định. Đó là thời gian để chơi, thử nghiệm và thử các hành vi mới và khác nhau trong một không gian an toàn.</p><p> Khi trưởng thành, chúng ta sống trong một cuộc sống vội vã thường xuyên, chúng ta thường quên rằng chúng ta đang được bao quanh bởi sự kỳ diệu của nghệ thuật. Và nó rất quan trọng đối với chúng ta và bộ não của chúng ta. Trong quá trình đào tạo diễn xuất, chúng tôi có sự phát triển mạnh mẽ về khả năng sáng tạo, chúng tôi tìm kiếm những sự kết hợp bất thường và tạo ra những giải pháp đáng ngạc nhiên. Để cảm thấy tự do và vui vẻ trở lại. Và khám phá lại tiềm năng của bạn.</p><p> Chương trình được chuẩn bị theo sở thích của bạn, nó bao gồm, trong số những chương trình khác từ:</p><ul><li> Đào tạo diễn xuất</li><li> giới thiệu về ứng biến</li><li> kỹ thuật để chống lại chứng sợ sân khấu</li><li> phát ra giọng nói</li><li> bài tập nhận thức cơ thể</li><li> nhiệm vụ diễn xuất cơ bản</li><li> Bài hát của diễn viên</li><p> Trong các lớp học, bạn sẽ học về các công cụ diễn xuất, chẳng hạn như cơ thể, giọng nói, cảm xúc và trí tưởng tượng. Các kỹ thuật sân khấu củng cố giọng nói, dạy cách sử dụng hợp lý các cơ chế thở và phát ra giọng nói thích hợp. Ngoài kỹ thuật, các lớp học dạy chánh niệm và tập trung vào đây và bây giờ để có thể sử dụng đầy đủ khả năng của bạn. Lớp học dành cho những người muốn phát triển khả năng diễn xuất của mình, muốn làm quen và hiểu rõ hơn về bản thân và cảm xúc của họ.</p>', '', '/images/oferta/teatr dor kwadratjpg.jpg'),
(97, 4, 22, '塔特拉班', '戏剧课', '看看这个', '<p>剧院是一个神奇的世界，一切皆有可能，而我们的想象力是极限。你还记得古装舞会吗？当一个晚上，您是公主，海盗，邪恶的女巫时……神话般色彩斑costume的服饰，说话的方式，感受到的角色，像一个给定的角色。这是一个在安全的空间中进行游戏，实验和尝试新的和不同的行为的时间。</p><p>作为成年人，我们一直生活在匆忙中，我们常常会忘记自己被艺术的魔力所包围。这对我们和我们的大脑非常重要。在表演训练中，我们的创造力得到了很大的发展，我们寻找不寻常的组合并创造出令人惊讶的解决方案。再次感到自由和快乐。并重新发现您的潜力。</p><p>该程序是根据您的兴趣而准备的，其中包括：</p><ul><li>代理培训</li><li>即兴介绍</li><li>对抗舞台恐惧症的技巧</li><li>声音发射</li><li>身体意识练习</li><li>基本表演任务</li><li>演员的歌</li><p>在课程中，您将学习表演工具，例如身体，声音，情感和想象力。戏剧技术可以增强声音，教导正确使用呼吸机制和正确发出声音。除了技巧之外，这些课程还教正念并专注于此时此地，以便能够充分利用您的可能性。这些课程是为那些想要发展自己的表演技巧，想要更好地了解和了解自己以及自己的情感的人而设计的。</p>', '', '/images/oferta/teatr dor kwadratjpg.jpg'),
(98, 1, 23, 'Dźwięki natury', 'Dźwięki natury', 'Sprawdź', '<p>Autorki program Bogny Kołodziej - Dźwięki natury to zajęcia muzyczno - sensoryczne pozwalają dziecku poznawać rzeczywistość za pomocą różnych zmysłów – dotyku, słuchu, wzroku, węchu i smaku. Dostarczają bodźców, które mają na celu rozwój nie tylko zmysłów ale i wyobraźni. </p>\r\n\r\n<p>Zajęcia prowadzone są w formie zabawy – dzieci poznają świat poprzez taniec, śpiew, rymowanki,  dotykają różnych faktur i materiałów, tworzą prace plastyczne i techniczne. Kamienie, pióra, mech, drewno to naturalne elementy rozbudzające wyobraźnię. Podczas zajęć dzieci otoczone są muzyką ze świata natury - dźwiękami lasu, odgłosami letniego deszczu, słuchają koncertu żab i szumu morskich fal.</p>\r\n\r\n<p>Dźwięki natury są doskonałym wsparciem rozwoju dla małych dzieci</p>\r\n\r\n<p>Podczas zajęć dzieci:</p>\r\n<ul>\r\n<li>następuje rozwój intelektualny, ruchowy i emocjonalno-społeczny</li> \r\n<li>stymulują percepcję wzrokową i słuchową</li>\r\n<li>poszerzają umiejętności motoryczne</li>\r\n<li>rozwijają mowę</li>\r\n<li>zwiększają koncentrację</li>\r\n<li>rozbudzają zainteresowanie światem</li>\r\n<li>rozwijają kreatywność</li>\r\n<li>poprawiają pamięć</li>\r\n</ul>\r\n<p>Głównym celem zajęć jest optymalne wspieranie rozwoju mózgu, poprzez edukacyjną zabawę.</p>\r\n<p>Zajęcia są skierowane przede wszystkim do najmłodszych. Przeznaczone są dla dzieci w wieku przedszkolnym i wczesnoszkolnym, ale zapraszamy już od 1 roku życia.</p>\r\n\r\n<p>Podczas epidemii oferujemy tylko zajęcia indywidualne – terminy ustalane z każdym rodzicem oddzielnie. Jak sytuacja epidemiologiczna się uspokoi utworzymy kameralne grupy. Wymagana jest obecność na zajęciach rodzica lub opiekuna.</p>\r\n<p>Przestronne sale 30-40m2 wyłożone są wykładziną.</p>\r\n<p>Mamy specjalny pokój do karmienia i przewijania.</p>\r\n<p>Do szkoły prowadzi duża winda, można wygodnie wjechać z wózkiem.</p>\r\n<p>Karnet 4 spotkania jest do wykorzystania przez cały miesiąc. Zajęcia odbywają się w tygodniu oraz w niedziele. Można chodzić częściej na zajęcia np. 2-3 razy w tygodniu. Gdyby dziecko zachorowało, wystarczy odwołać zajęcia i żadne nie są stracone. </p>\r\n<p>Cena w karnecie to tylko 50zł za indywidualne zajęcia 30 minutowe. Jednorazowe zajęcia 60zł</p>\r\n<p>Liczba miejsc ograniczona</p>\r\n<p>Wymagana wcześniejsza rezerwacja miejsc - 883 489 184</p>', '', '/images/oferta/natura kwadrat.jpg'),
(99, 2, 23, 'Sensory classes', 'Sensory classes', 'Check it out', '<p>Sensory classes allow the child to learn about reality through various senses - touch, hearing, sight, smell and taste. They provide stimuli that aim to develop not only the senses but also the imagination.</p><p> Classes are conducted in the form of fun - children get to know the world through dance, singing, rhymes, touch various textures and materials, create art and technical works. During the classes, children are surrounded by the music of great composites.</p><p> Activities in the field of sensory integration are an excellent support for the development of young children.</p><p> Sensory integration ensures:</p><ul><li> proper intellectual, motor, emotional and social development</li><li> stimulates visual and auditory perception</li><li> expands motor skills</li><li> supports the development of speech</li><li> increases concentration</li><li> arouses interest in the world</li><li> develops creativity</li><li> improves memory</li></ul><p> The main goal of sensory classes is to optimally support brain development through educational fun.</p><p> The classes are intended for children in preschool and early school age, but we invite you from the age of 1.</p><p> The classes are aimed primarily at the youngest.</p><p> During the epidemic, we only offer individual classes - dates are agreed with each parent separately. When the epidemiological situation calms down, we will create small groups. The presence of a parent or guardian is required.</p><p> The spacious 30-40m2 rooms are carpeted.</p><p> We have a special feeding and changing room.</p><p> A large elevator leads to the school, you can easily enter with a pram.</p><p> The 4-meeting pass is available for use throughout the month. Classes are held during the week and on Sundays. You can go to classes more often, e.g. 2-3 times a week. Should the child fall ill, simply cancel the classes and none are lost.</p><p> The price in the subscription is only PLN 50 for individual 30-minute classes. One-time classes PLN 60</p><p> The number of places is limited</p><p> Advance seat reservation required - 883 489 184</p>', '', '/images/oferta/senso kwadrat.jpg'),
(100, 3, 23, 'Các lớp cảm giác', 'Các lớp cảm giác', 'Kiểm tra nó ra', '<p>Các lớp học giác quan cho phép đứa trẻ tìm hiểu về thực tế thông qua các giác quan khác nhau - xúc giác, thính giác, thị giác, khứu giác và vị giác. Chúng cung cấp những kích thích nhằm mục đích phát triển không chỉ các giác quan mà còn cả trí tưởng tượng.</p><p> Các lớp học được thực hiện dưới hình thức vui chơi - trẻ em làm quen với thế giới thông qua múa, hát, đồng dao, chạm vào các kết cấu và vật liệu khác nhau, tạo ra các tác phẩm nghệ thuật và kỹ thuật. Trong các lớp học, trẻ em được bao quanh bởi âm nhạc của các tác phẩm tổng hợp tuyệt vời.</p><p> Các hoạt động trong lĩnh vực tích hợp các giác quan là sự hỗ trợ tuyệt vời cho sự phát triển của trẻ nhỏ.</p><p> Tích hợp giác quan đảm bảo:</p><ul><li> phát triển trí tuệ, vận động, cảm xúc và xã hội thích hợp</li><li> kích thích nhận thức thị giác và thính giác</li><li> mở rộng kỹ năng vận động</li><li> hỗ trợ sự phát triển của giọng nói</li><li> tăng sự tập trung</li><li> khơi dậy sự quan tâm đến thế giới</li><li> phát triển sự sáng tạo</li><li> cải thiện trí nhớ</li></ul><p> Mục tiêu chính của các lớp học giác quan là hỗ trợ tối ưu sự phát triển của não bộ thông qua các hoạt động vui chơi mang tính giáo dục.</p><p> Các lớp học dành cho trẻ em ở độ tuổi mẫu giáo và mầm non, nhưng chúng tôi mời các bạn từ 1 tuổi.</p><p> Các lớp học chủ yếu hướng đến những người trẻ tuổi nhất.</p><p> Trong thời gian có dịch, chúng tôi chỉ tổ chức các lớp học cá nhân - ngày tháng được thỏa thuận riêng với từng phụ huynh. Khi tình hình dịch tễ lắng dịu, chúng tôi sẽ thành lập các nhóm nhỏ. Cần phải có sự hiện diện của cha mẹ hoặc người giám hộ.</p><p> Các phòng rộng 30-40m2 được trải thảm.</p><p> Chúng tôi có một phòng cho ăn và thay đồ đặc biệt.</p><p> Một thang máy lớn dẫn đến trường, bạn có thể dễ dàng vào bằng xe đẩy.</p><p> Thẻ 4 cuộc họp có sẵn để sử dụng trong suốt tháng. Lớp học được tổ chức trong tuần và chủ nhật. Bạn có thể đến lớp thường xuyên hơn, ví dụ như 2-3 lần một tuần. Nếu đứa trẻ bị ốm, chỉ cần hủy bỏ các lớp học và không có gì bị mất.</p><p> Giá đăng ký chỉ là 50 PLN cho các lớp học 30 phút cá nhân. Các lớp học một lần PLN 60</p><p> Số lượng địa điểm có hạn</p><p> Cần đặt chỗ trước - 883 489 184</p>', '', '/images/oferta/senso kwadrat.jpg'),
(101, 4, 23, '感官课', '感官课', '看看这个', '<p>感官课程使孩子能够通过各种感觉（触摸，听觉，视觉，嗅觉和味觉）了解现实。它们提供的刺激不仅旨在发展感官，而且还发展想象力。</p><p>上课以有趣的形式进行-儿童通过舞蹈，唱歌，押韵，触摸各种质地和材料，创作艺术和技术作品来了解世界。上课时，孩子们被优美的复合音乐所包围。</p><p>感觉统合领域的活动为幼儿的发展提供了良好的支持。</p><p>感官整合确保：</p><ul><li>适当的智力，运动，情感和社会发展</li><li>刺激视觉和听觉</li><li>扩展运动技能</li><li>支持语言发展</li><li>增加注意力</li><li>引起对世界的兴趣</li><li>培养创造力</li><li>提高记忆力</li></ul><p>感官课程的主要目标是通过教育乐趣来最佳地支持大脑发育。</p><p>这些课程是针对学龄前和学龄前儿童的，但我们邀请您从1岁开始。</p><p>这些课程主要针对最小的孩子。</p><p>在流行病期间，我们仅提供单独的课程-每个家长都分别同意日期。当流行病形势平静下来时，我们将创建小组。必须有父母或监护人在场。</p><p> 30-40平方米的宽敞客房铺有地毯。</p><p>我们有一个特别的喂养和更衣室。</p><p>大型电梯通往学校，您可以轻而易举地乘坐婴儿车进入。</p><p> 4月会议通行证可在整个月内使用。每周和周日上课。您可以更频繁地上课，例如每周2-3次。如果孩子生病，只需取消课程，就不会丢失任何孩子。</p><p>订阅价格仅为每30分钟一班PLN 50。一次性课程60波兰兹罗提</p><p>名额有限</p><p>需要提前预订座位-883489184</p>', '', '/images/oferta/senso kwadrat.jpg'),
(102, 1, 24, 'Music Baby English', 'Music Baby English', 'Sprawdź', '<p>Muzyka i język angielski to idealne połączenie, aby zagwarantować wszechstronny rozwój dziecka i zachęcić malucha do nauki języka obcego. Przyszłe zdolności językowe i muzyczne zależą od odpowiedniej stymulacji zmysłu słuchu już od najmłodszych lat. </p>\r\n<p><b>Jak wyglądają zajęcia?</b></p>\r\n<p>Maluszki mogą pełzać lub chodzić po sali, swobodnie reagując na dźwięki. Zajęcia muzyczne są pełne niespodzianek – kolorowe szarfy, pióra, bezpieczne instrumenty muzyczne oraz muzyka na żywo. Nauczycielki prowadzące zajęcia są muzykami, grają na fortepianie, gitarze i skrzypcach oraz śpiewają angielskie piosenki. Pozwala to dzieciom na obcowanie z muzyką i językiem angielskim od najwcześniejszych lat życia, już <b>od 1. miesiąca życia do 3 lat.</b></p>\r\n<p>Do 18 miesiąca życia dzieci spontanicznie śpiewają, a zajęcia umuzykalniające metodą Gordona wspomagają naturalny proces rozumienia muzyki oraz harmonijny ich rozwój.</p>\r\n<p><b>Co dają zajęcia?</b></p>\r\n<ul>\r\n<li>uczą się języka angielskiego od najmłodszych lat</li>\r\n<li>poprzez zabawę wprowadzają w świat dźwięków i rytmów</li>\r\n<li>maksymalnie rozwijają muzyczny potencjał dziecka</li>\r\n<li>wykorzystują różnorodne formy wychowania muzycznego- śpiew, taniec, słuchanie, improwizacja, granie</li>\r\n<li>rozwijają słownictwo</li>\r\n<li>umożliwiają pozytywny kontakt z rówieśnikami w małej grupie społecznej</li>\r\n<li>budują bliską relację dziecka z rodzicem</li>\r\n<li>dzieci uczą się kochać muzykę</li>\r\n</ul>\r\n<p>Zajęcia są skierowane przede wszystkim do najmłodszych, podczas zajęć nauczyciel mówi tylko w języku angielskim i także śpiewa piosenki po angielsku. Baby Music English łączy język i muzykę.</p>\r\n<p>Podczas epidemii oferujemy tylko <b>zajęcia indywidualne</b> – terminy ustalane z każdym rodzicem oddzielnie. Jak sytuacja epidemiologiczna się uspokoi utworzymy kameralne grupy. Wymagana jest obecność na zajęciach rodzica lub opiekuna.</p>\r\n<p>Przestronne sale 30-40m2 wyłożone są wykładziną.</p>\r\n<p>Mamy specjalny pokój do karmienia i przewijania.</p>\r\n<p>Do szkoły prowadzi duża winda, można wygodnie wjechać z wózkiem.</p>\r\n<p>Karnet 4 spotkania jest do wykorzystania przez cały miesiąc. Zajęcia odbywają się w piątki i niedziele. Można chodzić częściej na zajęcia np. 2-3 razy w tygodniu. Gdyby dziecko zachorowało, wystarczy odwołać zajęcia i żadne nie są stracone.</p>\r\n<p>Cena w karnecie to tylko 50zł za indywidualne zajęcia 30 minutowe. Jednorazowe zajęcia 60zł.</p>\r\n<p>Liczba miejsc ograniczona.</p>\r\n<p>Wymagana wcześniejsza rezerwacja miejsc - 883 489 184</p>', '', '/images/oferta/ang kwadrat.jpg'),
(103, 2, 24, 'Music Baby English', 'Music Baby English', 'Check it out', '<p>Music and English are the perfect combination to guarantee the child&#39;s comprehensive development and encourage them to learn a foreign language. Future linguistic and musical abilities depend on adequate stimulation of the sense of hearing from an early age.</p><p> <b>What are the classes like?</b></p><p> Babies can crawl or walk around the room, reacting freely to sounds. Music classes are full of surprises - colorful sashes, feathers, safe musical instruments and live music. The teachers conducting the classes are musicians, they play the piano, guitar and violin and sing English songs. This allows children to interact with music and English from the earliest years of life, <b>from the first month of life.</b></p><p> Until the age of 18 months, children sing spontaneously, and the Gordon&#39;s method of music training supports the natural process of understanding music and their harmonious development.</p><p> <b>What do the classes give?</b></p><ul><li> they learn English from an early age</li><li> through play they introduce to the world of sounds and rhythms</li><li> develop the musical potential of the child to the maximum</li><li> they use various forms of musical education - singing, dancing, listening, improvising, playing</li><li> develop vocabulary</li><li> enable positive contact with peers in a small social group</li><li> build a close relationship between the child and the parent</li><li> children learn to love music</li></ul><p> The classes are aimed primarily at the youngest, during the classes the teacher speaks only English and also sings songs in English. Baby Music English combines language and music.</p><p> During the epidemic, we only offer <b>individual classes</b> - dates are agreed with each parent separately. When the epidemiological situation calms down, we will create small groups. The presence of a parent or guardian is required.</p><p> The spacious 30-40m2 rooms are carpeted.</p><p> We have a special feeding and changing room.</p><p> A large elevator leads to the school, you can easily enter with a pram.</p><p> The 4-meeting pass is available for use throughout the month. Classes are held on Tuesdays, Wednesdays, Thursdays, Saturdays and Sundays. You can go to classes more often, e.g. 2-3 times a week. Should the child fall ill, simply cancel the classes and none are lost.</p><p> The price in the subscription is only PLN 50 for individual 30-minute classes. One-time classes PLN 60.</p><p> The number of places is limited.</p><p> Advance seat reservation required - 883 489 184</p>', '', '/images/oferta/ang kwadrat.jpg'),
(104, 3, 24, 'Âm nhạc cho bé tiếng anh', 'Âm nhạc cho bé tiếng anh', 'Kiểm tra nó ra', '<p>Âm nhạc và tiếng Anh là sự kết hợp hoàn hảo để đảm bảo sự phát triển toàn diện của trẻ và khuyến khích trẻ học ngoại ngữ. Khả năng ngôn ngữ và âm nhạc trong tương lai phụ thuộc vào sự kích thích đầy đủ của giác quan thính giác ngay từ khi còn nhỏ.</p><p> <b>Các lớp học như thế nào?</b></p><p> Em bé có thể bò hoặc đi xung quanh phòng, phản ứng tự do với âm thanh. Các lớp học âm nhạc đầy bất ngờ - khăn quàng cổ đầy màu sắc, lông vũ, nhạc cụ an toàn và nhạc sống. Các giáo viên chỉ huy lớp học là các nhạc sĩ, họ chơi piano, guitar và violin và hát các bài hát tiếng Anh. Điều này cho phép trẻ tiếp xúc với âm nhạc và tiếng Anh ngay từ những năm đầu đời, <b>từ tháng đầu đời.</b></p><p> Cho đến khi 18 tháng tuổi, trẻ có thể hát một cách tự nhiên, và phương pháp đào tạo âm nhạc của Gordon hỗ trợ quá trình hiểu biết tự nhiên về âm nhạc và sự phát triển hài hòa của trẻ.</p><p> <b>Những gì các lớp cung cấp?</b></p><ul><li> họ học tiếng anh từ khi còn nhỏ</li><li> thông qua chơi, họ giới thiệu với thế giới âm thanh và nhịp điệu</li><li> phát triển tối đa tiềm năng âm nhạc của trẻ</li><li> họ sử dụng các hình thức giáo dục âm nhạc khác nhau - hát, nhảy, nghe, ứng tác, chơi</li><li> phát triển vốn từ vựng</li><li> cho phép tiếp xúc tích cực với các đồng nghiệp trong một nhóm xã hội nhỏ</li><li> xây dựng mối quan hệ thân thiết giữa đứa trẻ và cha mẹ</li><li> trẻ em học cách yêu âm nhạc</li></ul><p> Các lớp học chủ yếu hướng đến những người trẻ tuổi nhất, trong các lớp học, giáo viên chỉ nói tiếng Anh và cũng hát các bài hát bằng tiếng Anh. Baby Music English kết hợp giữa ngôn ngữ và âm nhạc.</p><p> Trong thời gian có dịch, chúng tôi chỉ tổ chức <b>các lớp học cá nhân</b> - ngày tháng được thỏa thuận riêng với từng phụ huynh. Khi tình hình dịch tễ lắng dịu, chúng tôi sẽ thành lập các nhóm nhỏ. Cần phải có sự hiện diện của cha mẹ hoặc người giám hộ.</p><p> Các phòng rộng 30-40m2 được trải thảm.</p><p> Chúng tôi có một phòng cho ăn và thay đồ đặc biệt.</p><p> Một thang máy lớn dẫn đến trường, bạn có thể dễ dàng vào bằng xe đẩy.</p><p> Thẻ 4 cuộc họp có sẵn để sử dụng trong suốt tháng. Lớp học được tổ chức vào các ngày thứ 3, 4, 5, 7 và chủ nhật hàng tuần. Bạn có thể đến lớp thường xuyên hơn, ví dụ như 2-3 lần một tuần. Nếu đứa trẻ bị ốm, chỉ cần hủy bỏ các lớp học và không có gì bị mất.</p><p> Giá đăng ký chỉ là 50 PLN cho các lớp học 30 phút cá nhân. Các lớp học một lần PLN 60.</p><p> Số lượng nơi có hạn.</p><p> Cần đặt chỗ trước - 883 489 184</p>', '', '/images/oferta/ang kwadrat.jpg'),
(105, 4, 24, '音乐宝贝英语', '音乐宝贝英语', '一探究竟', '<p>音乐和英语是确保孩子全面发展并鼓励他们学习外语的完美组合。未来的语言和音乐能力取决于从小就可以充分激发听觉。</p><p><b>上什么样的课？</b></p><p>婴儿可以在房间里爬行或行走，对声音自由地做出反应。音乐课充满了惊喜-色彩鲜艳的腰带，羽毛，安全的乐器和现场音乐。上课的老师是音乐家，他们弹钢琴，吉他和小提琴并唱歌英语。这样一来，孩子从出生<b>的第一个月起就可以与音乐和英语互动。</b></p><p>直到18个月大为止，孩子们会自发唱歌，戈登的音乐训练方法为理解音乐的自然过程及其和谐发展提供了支持。</p><p><b>这些课程给什么？</b></p><ul><li>他们从小就学英语</li><li>通过玩耍，他们介绍了声音和节奏的世界</li><li>最大限度地发挥孩子的音乐潜能</li><li>他们使用各种形式的音乐教育-唱歌，跳舞，听，即兴演奏，演奏</li><li>发展词汇</li><li>与小型社交团体中的同龄人建立积极的联系</li><li>建立孩子与父母之间的亲密关系</li><li>孩子们学会爱音乐</li></ul><p>这些课程主要针对最小的孩子，在课程中，老师只会说英语，还会唱歌用英语。婴儿音乐英语结合了语言和音乐。</p><p>在流行病期间，我们仅提供<b>单独的课程</b>-每个家长都分别同意日期。当流行病形势平静下来时，我们将创建小组。必须有父母或监护人在场。</p><p> 30-40平方米的宽敞客房铺有地毯。</p><p>我们有一个特别的喂养和更衣室。</p><p>大型电梯通往学校，您可以轻而易举地乘坐婴儿车进入。</p><p> 4月会议通行证可在整个月内使用。上课时间为每周二，周三，周四，周六和周日。您可以更频繁地上课，例如每周2-3次。如果孩子生病，只需取消课程，就不会丢失任何孩子。</p><p>订阅价格仅为每30分钟一班PLN 50。一次性课程60兹罗提。</p><p>名额有限。</p><p>需要提前预订座位-883489184</p>', '', '/images/oferta/ang kwadrat.jpg'),
(106, 1, 25, 'Music English Fun', 'Music English Fun', 'Sprawdź', '<p>Muzyka, zabawa i język angielski to idealne połączenie, aby zagwarantować wszechstronny rozwój dziecka i zachęcić malucha do nauki języka obcego.</p> \r\n\r\n<p>Przyszłe zdolności językowe i muzyczne zależą od odpowiedniej stymulacji zmysłu słuchu już od najmłodszych lat.</p> \r\n\r\n<p>Zajęcia English Music Fun są przeznaczone dla wszystkich dzieci, które chcą tanecznym krokiem wejść w świat języka angielskiego. Odpowiednio dobrana muzyka, która towarzyszy nauce języka obcego sprawi, że dziecko z przyjemnością będzie uczyć się nowych słówek i piosenek.</p> \r\n<ul>\r\n<p><b>Lekcje English Music Fun to: </b></p>\r\n<li>kontakt z językiem angielskim i nauka poprawnej wymowy angielskiej już od najmłodszych lat</li>\r\n<li>wsłuchiwanie się w dźwięki, intonację i melodię języka</li>\r\n<li>piosenki i rymowanki w języku angielskim</li>\r\n<li>elementy rytmiki i taniec</li> \r\n<li>kontakt z muzyką klasyczną</li> \r\n<li>nauka słówek i zwrotów angielskich</li> \r\n<li>dobra zabawa połączona z nauką</li>\r\n</ul>\r\n<p>Język obcy poznany muzycznie i wszystkimi zmysłami pozostaje w pamięci na zawsze.</p>\r\np>Zajęcia są skierowane przede wszystkim dla dzieci w wieku 3-5 lat.</p>\r\n<p>Podczas epidemii oferujemy tylko <b>zajęcia indywidualne</b> – terminy ustalane z każdym rodzicem oddzielnie. Jak sytuacja epidemiologiczna się uspokoi utworzymy kameralne grupy. Wymagana jest obecność na zajęciach rodzica lub opiekuna.</p>\r\n<p>Przestronne sale 30-40m2 wyłożone są wykładziną.</p>\r\n<p>Do szkoły prowadzi duża winda, można wygodnie wjechać z wózkiem.</p>\r\n<p>Karnet 4 spotkania jest do wykorzystania przez cały miesiąc. Zajęcia odbywają się w piątki i niedziele. Można chodzić częściej na zajęcia np. 2 razy w tygodniu. Gdyby dziecko zachorowało, wystarczy odwołać zajęcia i żadne nie są stracone.</p>\r\n<p>Cena w karnecie to tylko 50zł za indywidualne zajęcia 30 minutowe. Jednorazowe zajęcia 60zł.</p>\r\n<p>Liczba miejsc ograniczona.</p>\r\n<p>Wymagana wcześniejsza rezerwacja miejsc - 883 489 184</p>\r\n', '', '/images/oferta/ang2 kwadrat.jpg'),
(107, 2, 25, 'Music English Fun', 'Music English Fun', 'Check it out', '<p>Music, fun and English are the perfect combination to guarantee the child&#39;s comprehensive development and encourage them to learn a foreign language.</p><p> Future linguistic and musical abilities depend on adequate stimulation of the sense of hearing from an early age.</p><p> The English Music Fun classes are intended for all children who want to dance into the world of the English language. Properly selected music that accompanies learning a foreign language will make the child happy to learn new words and songs.</p><ul><p> <b>The English Music Fun lessons are:</b></p><li> contact with the English language and learning the correct English pronunciation from an early age</li><li> listening to the sounds, intonation and melody of the language</li><li> songs and nursery rhymes in English</li><li> elements of rhythmics and dance</li><li> contact with classical music</li><li> learning English words and phrases</li><li> good fun combined with learning</li></ul><p> A foreign language known musically and with all senses remains in the memory forever.</p> p&gt; The classes are aimed primarily at children aged 3-5.</p><p> During the epidemic, we only offer <b>individual classes</b> - dates are agreed with each parent separately. When the epidemiological situation calms down, we will create small groups. The presence of a parent or guardian is required.</p><p> The spacious 30-40m2 rooms are carpeted.</p><p> A large elevator leads to the school, you can easily enter with a pram.</p><p> The 4-meeting pass is available for use throughout the month. Classes are held on Fridays and Sundays. You can go to classes more often, e.g. twice a week. Should the child fall ill, simply cancel the classes and none are lost.</p><p> The price in the subscription is only PLN 50 for individual 30-minute classes. One-time classes PLN 60.</p><p> The number of places is limited.</p><p> Advance seat reservation required - 883 489 184</p>', '', '/images/oferta/ang2 kwadrat.jpg');
INSERT INTO `courses_translation` (`id`, `languages_id`, `courses_id`, `course_name`, `heading_3`, `button`, `long_desc`, `short_desc`, `img`) VALUES
(108, 3, 25, 'Âm nhạc tiếng anh vui nhộn', 'Âm nhạc tiếng anh vui nhộn', 'Kiểm tra nó ra', '<p>Âm nhạc, vui nhộn và tiếng Anh là sự kết hợp hoàn hảo để đảm bảo sự phát triển toàn diện của trẻ và khuyến khích trẻ học ngoại ngữ.</p><p> Khả năng ngôn ngữ và âm nhạc trong tương lai phụ thuộc vào sự kích thích đầy đủ của giác quan thính giác ngay từ khi còn nhỏ.</p><p> Các lớp học Tiếng Anh Âm nhạc Vui nhộn dành cho tất cả trẻ em muốn hòa mình vào thế giới ngôn ngữ tiếng Anh. Những bản nhạc được lựa chọn phù hợp đi kèm với việc học ngoại ngữ sẽ khiến trẻ thích thú khi học các từ và bài hát mới.</p><ul><p> <b>Các bài học Âm nhạc vui nhộn tiếng Anh là:</b></p><li> tiếp xúc với ngôn ngữ tiếng Anh và học cách phát âm tiếng Anh chính xác ngay từ khi còn nhỏ</li><li> nghe âm thanh, ngữ điệu và giai điệu của ngôn ngữ</li><li> các bài hát và giai điệu mẫu giáo bằng tiếng Anh</li><li> yếu tố nhịp điệu và khiêu vũ</li><li> tiếp xúc với âm nhạc cổ điển</li><li> học từ và cụm từ tiếng Anh</li><li> vui vẻ kết hợp với học tập</li></ul><p> Một ngoại ngữ được biết đến bằng âm nhạc và bằng tất cả các giác quan vẫn còn trong ký ức mãi mãi.</p> p&gt; Các lớp học chủ yếu hướng đến trẻ em từ 3-5 tuổi.</p><p> Trong thời gian có dịch, chúng tôi chỉ tổ chức <b>các lớp học cá nhân</b> - ngày tháng được thỏa thuận riêng với từng phụ huynh. Khi tình hình dịch tễ lắng dịu, chúng tôi sẽ thành lập các nhóm nhỏ. Cần phải có sự hiện diện của cha mẹ hoặc người giám hộ.</p><p> Các phòng rộng 30-40m2 được trải thảm.</p><p> Một thang máy lớn dẫn đến trường, bạn có thể dễ dàng vào bằng xe đẩy.</p><p> Thẻ 4 cuộc họp có sẵn để sử dụng trong suốt tháng. Lớp học được tổ chức vào thứ 6 và chủ nhật hàng tuần. Bạn có thể đến lớp thường xuyên hơn, ví dụ như hai lần một tuần. Nếu đứa trẻ bị ốm, chỉ cần hủy bỏ các lớp học và không có gì bị mất.</p><p> Giá đăng ký chỉ là 50 PLN cho các lớp học 30 phút cá nhân. Các lớp học một lần PLN 60.</p><p> Số lượng nơi có hạn.</p><p> Cần đặt chỗ trước - 883 489 184</p>', '', '/images/oferta/ang2 kwadrat.jpg'),
(109, 4, 25, '音乐英语娱乐', '音乐英语娱乐', '一探究竟', '<p>音乐，娱乐和英语是确保孩子全面发展并鼓励他们学习外语的完美组合。</p><p>未来的语言和音乐能力取决于从小就可以充分激发听觉。</p><p> “英语音乐娱乐”课程面向所有想跳入英语世界的孩子。正确选择与学习外语有关的音乐会使孩子乐于学习新单词和新歌。</p><ul><p><b>英语音乐娱乐课程包括：</b></p><li>与英语接触并从小学习正确的英语发音</li><li>聆听语言的声音，语调和旋律</li><li>英文歌曲和童谣</li><li>节奏和舞蹈元素</li><li>接触古典音乐</li><li>学习英语单词和短语</li><li>与学习相结合的好乐趣</li></ul><p>在音乐上和所有感官上都广为人知的外语将永远保留在记忆中。</p> p&gt;这些课程主要针对3-5岁的儿童。</p><p>在流行病期间，我们仅提供<b>单独的课程</b>-每个家长都分别同意日期。当流行病形势平静下来时，我们将创建小组。必须有父母或监护人在场。</p><p> 30-40平方米的宽敞客房铺有地毯。</p><p>大型电梯通往学校，您可以轻而易举地乘坐婴儿车进入。</p><p> 4月会议通行证可在整个月内使用。上课时间为星期五和星期日。您可以更频繁地上课，例如每周两次。如果孩子生病，只需取消课程，就不会丢失任何孩子。</p><p>订阅价格仅为每30分钟一班PLN 50。一次性课程60兹罗提。</p><p>名额有限。</p><p>需要提前预订座位-883489184</p>', '', '/images/oferta/ang2 kwadrat.jpg');

-- --------------------------------------------------------

--
-- Struktura tabeli dla tabeli `employee`
--

CREATE TABLE `employee` (
  `id` int(10) UNSIGNED NOT NULL,
  `full_name` varchar(255) DEFAULT NULL,
  `img_thumbnail` varchar(255) DEFAULT NULL,
  `img` varchar(255) DEFAULT NULL
) ENGINE=InnoDB DEFAULT CHARSET=utf8mb4;

--
-- Zrzut danych tabeli `employee`
--

INSERT INTO `employee` (`id`, `full_name`, `img_thumbnail`, `img`) VALUES
(1, 'prof. Grażyna Kołodziej', '/images/user-images/grazyna-square.jpg', '/images/user-images/grazyna.jpg'),
(2, 'Dr Julian Kołodziej', '/images/user-images/julian-square.jpg', '/images/user-images/julian.jpg'),
(3, 'Bogna Kołodziej', '/images/user-images/bogna-square.jpg', '/images/user-images/bogna.jpg'),
(5, 'Filip Zaborowski', '/images/user-images/filip-square.jpg', '/images/user-images/filip.jpg'),
(6, 'Jakub Muras', '/images/user-images/jakub-square.jpg', '/images/user-images/jakub.jpg'),
(7, 'Kamila Piątkowska', '/images/user-images/kamilaw-square.jpg', '/images/user-images/kamilaw.jpg'),
(13, 'Daniel Peszko', '/images/user-images/daniel-square.jpg', '/images/user-images/daniel.jpg'),
(19, 'Wiktor Molenda', '/images/user-images/wiktor-molenda-square.jpg', '/images/user-images/wiktor-molenda.jpg'),
(20, 'Krzysztof Piłatyk', '/images/user-images/krzysztof-pilatyk-square.jpg', '/images/user-images/krzysztof-pilatyk.jpg');

-- --------------------------------------------------------

--
-- Struktura tabeli dla tabeli `employee_translation`
--

CREATE TABLE `employee_translation` (
  `id` int(10) UNSIGNED NOT NULL,
  `temp` int(11) NOT NULL,
  `languages_id` int(10) UNSIGNED NOT NULL,
  `employee_id` int(10) UNSIGNED NOT NULL,
  `position` varchar(255) NOT NULL,
  `specialization` varchar(255) NOT NULL,
  `long_desc` varchar(1500) DEFAULT NULL
) ENGINE=InnoDB DEFAULT CHARSET=utf8mb4;

--
-- Zrzut danych tabeli `employee_translation`
--

INSERT INTO `employee_translation` (`id`, `temp`, `languages_id`, `employee_id`, `position`, `specialization`, `long_desc`) VALUES
(2, 0, 1, 1, 'Założycielka Konwersatorium Muzycznego', 'Klasa fortepianu', '<p>Absolwentka Akademii Muzycznej w Łodzi w klasie fortepianu prof. Marii Wiłkomirskiej. Doświadczenia z pracy w kilku państwowych szkołach muzycznych zaowocowało założeniem w 1996 roku Konwersatorium Muzycznego w Warszawie. Specjalizuje się w nauczaniu młodzieży i dorosłych własną autorską metodą i programem. Przykłada dużą uwagę do szczegółów zarówno muzycznych jak i technicznych, aby osiągnąć swobodę i satysfakcję. Uznaje pasję za drogocenną wartość, której należy pozwolić zakwitnąć we własnym tempie.</p>'),
(3, 0, 1, 2, 'Specjalista w zakresie planowania strategicznego', 'Dyrektor kreatywny', '<p>Specjalista w zakresie planowania strategicznego, zarządzania projektami oraz zintegrowanych inwestycji terytorialnych. W wiodącej firmie konsultingowej prowadził projekty doradcze z zakresu rozwoju społeczno-gospodarczego i rewitalizacji dla podmiotów administracji samorządowej, instytucji publicznych oraz sektora biznesu. Kierował projektem badawczo-wdrożeniowym dot. rewitalizacji w Instytucie Historii Nauki PAN.</p>'),
(4, 0, 1, 3, 'Dyrektor', 'Klasa fortepianu', '<p>Specjalizuje się w edukacji najmłodszych, uczy gry na fortepianie dzieci i młodzież w wieku od 3 do 15 lat. Ukończyła Uniwersytet Warszawskie i odbyła praktyki na Akademii Muzycznej w Warszawie. W ciągu 10 lat pracy w Konwersatorium Muzycznym wykształciła ponad 100 dzieci. Zapewnia atmosferę zabawy na lekcji i zamienia żmudną edukację w ekscytującą przygodę z nauką. Jest kreatywnym nauczycielem, który konstruuje własne pomoce dydaktyczne. Istotny jest dla niej kontakt z dzieckiem oparty na szacunku i zaufaniu.</p>\n<p><a href=\"https://www.facebook.com/PaniBogna/\" target=\"_blank\">Facebook</a></p>'),
(6, 0, 1, 5, 'Nauczyciel pianista', 'Klasa fortepianu', '<p>Absolwent Uniwersytetu Muzycznego Fryderyka Chopina w Warszawie. Swoje umiejętności pianistyczne doskonalił także na Uniwersytecie Muzycznym w Barcelonie, Hiszpanii. Solista, kameralista oraz reżyser dźwięku. Laureat konkursów pianistycznych, m.in. w Paryżu i Berlinie. Stale się doskonali i bierze udział w międzynarodowych kursach mistrzowskich. W nauczaniu jest cierpliwy i opanowany, przekazuje istotę muzykowania w miłej, pozytywnej atmosferze oraz przykłada wagę do kreatywnego urozmaicania lekcji. Prowadzi klasę fortepianu dla dzieci i dorosłych.</p>'),
(7, 0, 1, 6, 'Nauczyciel saksofonista', 'Klasa saksofonu', '<p>Absolwent Uniwersytetu Muzycznego Fryderyka Chopina. Studiował także w Musik und Kunst Privatuniversitat w Wiedniu. Laureat pierwszych nagród oraz Grand Prix w wielu konkursach międzynarodowych i ogólnopolskich w kategoriach solowych oraz kameralnych. Wielokrotny stypendysta Ministra Kultury i Dziedzictwa Narodowego oraz programu stypendialnego Młoda Polska. Współzałożyciel i sopranista The Whoop Group - jednego z najbardziej rozpoznawalnych kwartetów saksofonowych na świecie, dla którego także aranżuje i komponuje własne utwory. Artysta wszechstronny wykonujący nie tylko muzykę klasyczną i współczesną, ale także jazzową i rozrywkową.</p>'),
(8, 0, 1, 7, 'Nauczyciel', 'Klasa wiolonczeli', '<p>Absolwentka Uniwersytetu Muzycznego Fryderyka Chopina w Warszawie oraz  Royal Irish Academy of Music w Dublinie. Grała z orkiestrą pod batutą  m.in. Krzysztofa Pendereckiego, Jerzego Maksymiuka. Solistka podczas trasy koncertowej Rock meets classic 2019 z udziałem legend światowego rocka - Deep Purple, Thin Lizzy, Sweet, Kevin Cronin, Mike Reno, Anna Maria Kaufmann, a także na Open’er Festival. Koncertuje w Polsce, Europie i Azji. Jest pełna pasji i z radością przekazuje wiedzę muzyczną. Wspiera w postępach i pomaga pokonać trudności techniczne. Zajęcia prowadzi ciekawie i skutecznie.</p>'),
(14, 0, 1, 13, 'Nauczyciel gitarzysta', 'Klasa gitary i ukulele', '<p>Absolwent Uniwersytetu Muzycznego Fryderyka Chopina w Warszawie. \nBrał udział w ogólnopolskich kursach mistrzowskich oraz w warsztatach muzycznych. Koncertuje w Polsce jako solista, a także gra w zespołach kameralnych – duet, trio, kwartet oraz orkiestra gitarowa. Nagrywa płyty CD, na swym koncie ma m.in. płytę z kwartetem. Jest odważny, lubi podejmować nowe wyzwania. Cechuje go innowacyjność i pomysłowość podczas prowadzonych lekcji.</p>'),
(17, 0, 2, 1, 'Founder of the Music Conversatory', 'Piano Class', '<p>She mastered piano under supervision of prof Maria Wilkomirska the Academy of Music in Łodz. Her experience of working in a few public music schools resulted in founding the Music Conversatory in Warsaw in 1996. She specializes in teaching youth and adults, using her own method and programme. She pays a lot of attention to details, both musical and technical, in order to achieve ease and satisfaction. She considers passion a valuable quality that should be allowed to blossom in its own pace.</p>'),
(18, 0, 2, 2, 'Strategic planning expert', 'Creative Director', '<p>A specialist in strategic planning, project management, and integrated territorial investments. In a leading consulting company, he led consulting projects in the field of socio-economic development and revitalization for local government administration entities, public institutions and the business sector. He managed a research and implementation project regarding revitalization at the Institute of History of Science of the Polish Academy of Sciences.</p>'),
(19, 0, 2, 3, 'Director', 'Piano Class', '<p>An expert in piano education of children. She teaches children and teenagers from 3 to 15 years old. She graduated from the University of Warsaw, and completed internship at the Music Academy in Warsaw. Within 10 years at the Music Conversatory, she educated over 100 children. She creates an atmosphere of fun and pleasure during lessons, and changes boring learning into an exciting adventure with knowledge. She is a creative teacher who makes her own teaching aids. In her opinion, relationship with children based on respect and trust is crucial.</p>\r\n<p><a href=\"https://www.facebook.com/PaniBogna/\" target=\"_blank\">Facebook</a></p>'),
(21, 0, 2, 5, 'Teacher pianist', 'Piano Class', '<p>A graduate of the Fryderyk Chopin University of Music in Warsaw. He also perfected his piano skills at the University of Music in Barcelona, Spain. A soloist, a chamber musician and a sound director. A winner of piano competitions, among others in Paris and Berlin. He constantly improves his skills, and participates in international master classes. As a teacher, he is patient and calm, while conveying the essence of music in a pleasant, positive atmosphere. For him, it is important to diversify lessons in a creative way. He gives piano lessons to children and adults.</p>'),
(22, 0, 2, 6, 'Teacher saxophonist', 'Saxophone Class', '<p>A graduate of the Fryderyk Chopin University of Music. He also studied at the Musik und Kunst Privatuniversitat in Vienna. Winner of first prizes and Grand Prix in many international and national competitions in solo and chamber categories. Multiple scholarship holder of the Minister of Culture and National Heritage and the Young Poland scholarship program. Co-founder and soprano The Whoop Group - one of the most recognizable saxophone quartets in the world, for which he also arranges and composes his own pieces. A versatile artist who performs not only classical and contemporary music, but also jazz and entertainment.</p>'),
(23, 0, 2, 7, 'Teacher', 'Cello Class', '<p>A graduate of the Fryderyk Chopin University of Music in Warsaw, and the Royal Irish Academy of Music in Dublin. She played with an orchestra under the baton of, among others, Krzysztof Penderecki and Jerzy Maksymiuk. A soloist during the Rock meets classic 2019 concert tour, in which participated such world rock legends as Deep Purple, Thin Lizzy, Sweet, Kevin Cronin, Mike Reno, Anna Maria Kaufmann, as well as at the Open’er Festival. She performs in Poland, Europe and in Asia. She is full of passion and happily shares her musical knowledge. She supports pupils’ progress and helps them overcome technical difficulties. Her lessons are interesting and effective. She gives cello lessons to children and adults.</p>'),
(29, 0, 2, 13, 'Teacher guitarist', 'Guitar & Ukulele Class', '<p>Associated with the Fryderyk Chopin University of Music in Warsaw. He participated in master courses and music workshops. He performs on concerts as a soloists, but also plays in instrumental ensembles – duets, trios, quartets, and guitar orchestras. He records CDs, and his discography includes, among others, a CV recorded with a quartet. He is brave, and likes to take up new challenges. He is known of his innovative character and ingenuity, which surface during his extraordinary lessons.</p>'),
(30, 0, 3, 1, 'Người sáng lập Konwersatorium Muzyczne', 'Lớp piano', '<p>Tốt nghiệp Học viện Âm nhạc Tp Lodz, lớp piano của GS Maria Wilkomirska. Kinh nghiệm nhiều năm khi làm việc trong vài trường âm nhạc quốc gia, thành quả là sáng lập ra Trường Nhạc vào năm 1996 ở Vác-sa-va. Chuyên đào tạo thanh thiếu niên và người lớn bằng những phương pháp và chương trình do chính bản thân soạn thảo. Rất để tâm tới các chi tiết cụ thể cả trong âm nhạc cũng như khía cạnh kỹ thuật, để có được tính tự do và sự hài lòng. Bà công nhận niềm say mê là một giá trị rất quý giá, mà cần phải phát triển để có thể nở tung ra trong thời điểm thuận lợi.</p>'),
(31, 0, 3, 2, 'Chuyên gia kế hoạch chiến lược', 'Creative Director', '<p>A specialist in strategic planning, project management, and integrated territorial investments. In a leading consulting company, he led consulting projects in the field of socio-economic development and revitalization for local government administration entities, public institutions and the business sector. He managed a research and implementation project regarding revitalization at the Institute of History of Science of the Polish Academy of Sciences.</p>'),
(32, 0, 3, 3, 'Giám đốc', 'Lớp piano', '<p>Chuyên đào tạo giáo dục trẻ em nhỏ tuổi, dạy thanh thiếu nhi học đàn piano ở lứa tuổi từ 3 đến 15. Cô tốt nghiệp trường ĐHTH Vác-sa-va và có thực tập ở Học viện Âm nhạc Vác-sa-va. Trong vòng 10 năm làm việc ở Trường Nhạc, cô đã đào tạo được trên 100 học sinh. Cô mang tới bầu không khí vui chơi trong học tập và biến những giờ học vất vả sang thành cuộc phiêu lưu đầy thú vị với công việc học hành. Cô là một giáo viên đầy sáng tạo, tự làm những phụ trợ sư phạm. Đối với cô, mối liên kết với học sinh dựa trên sự tôn trọng và sự tin tưởng là mang tính chất chủ chốt.</p>\r\n<p><a href=\"https://www.facebook.com/PaniBogna/\" target=\"_blank\">Facebook</a></p>'),
(34, 0, 3, 5, 'Giáo viên Nghệ sĩ piano', 'Lớp piano', '<p>A graduate of the Fryderyk Chopin University of Music in Warsaw. He also perfected his piano skills at the University of Music in Barcelona, Spain. A soloist, a chamber musician and a sound director. A winner of piano competitions, among others in Paris and Berlin. He constantly improves his skills, and participates in international master classes. As a teacher, he is patient and calm, while conveying the essence of music in a pleasant, positive atmosphere. For him, it is important to diversify lessons in a creative way. He gives piano lessons to children and adults.</p>'),
(35, 0, 3, 6, 'Giáo viên Nhạc sỹ saxofon', 'Lớp saxofon', '<p>Tốt nghiệp Đại học Âm nhạc Fryderyk Chopin. Anh cũng học tại Musik und Kunst Privatuniversitat ở Vienna. Đạt giải nhất và Grand Prix trong nhiều cuộc thi quốc tế và quốc gia ở thể loại độc tấu và thính phòng. Người nhận nhiều học bổng của Bộ trưởng Bộ Văn hóa và Di sản Quốc gia và chương trình học bổng Trẻ Ba Lan. Đồng sáng lập và giọng nữ cao The Whoop Group - một trong những nhóm tứ tấu saxophone nổi tiếng nhất trên thế giới, mà anh ấy cũng sắp xếp và sáng tác các tác phẩm của riêng mình. Một nghệ sĩ đa năng không chỉ biểu diễn nhạc cổ điển và đương đại mà còn cả nhạc jazz và giải trí.</p>'),
(36, 0, 3, 7, 'Giáo viên', 'Lớp violonsen', '<p>A graduate of the Fryderyk Chopin University of Music in Warsaw, and the Royal Irish Academy of Music in Dublin. She played with an orchestra under the baton of, among others, Krzysztof Penderecki and Jerzy Maksymiuk. A soloist during the Rock meets classic 2019 concert tour, in which participated such world rock legends as Deep Purple, Thin Lizzy, Sweet, Kevin Cronin, Mike Reno, Anna Maria Kaufmann, as well as at the Open’er Festival. She performs in Poland, Europe and in Asia. She is full of passion and happily shares her musical knowledge. She supports pupils’ progress and helps them overcome technical difficulties. Her lessons are interesting and effective. She gives cello lessons to children and adults.</p>'),
(42, 0, 3, 13, 'Giáo viên Nhạc sỹ ghita', 'Lớp đàn ghita va ukulele', '<p>Dạy ở Học viện Âm nhạc Sô-panh Vác-sa-va. Tham gia các cuộc thi vô địch toàn quốc và các khóa học âm nhạc. Biểu diễn khắp Ba Lan, với tư cách là đơn ca, tham gia các nhóm nhạc – duet, trio, kwartet và dàn nhạc ghi-ta. Anh ghi  các đĩa CD, đã xuất bản đĩa của mình với nhóm nhạc kwartet. Anh rất dũng cảm, thích thực hiện những thách thức mới. Anh có tính cách sáng tạo và nhiều sáng kiến khi dạy học.</p>'),
(43, 0, 4, 1, '音乐学校的创始人', 'Piano Class', '<p>She mastered piano under supervision of prof Maria Wilkomirska the Academy of Music in Łodz. Her experience of working in a few public music schools resulted in founding the Music Conversatory in Warsaw in 1996. She specializes in teaching youth and adults, using her own method and programme. She pays a lot of attention to details, both musical and technical, in order to achieve ease and satisfaction. She considers passion a valuable quality that should be allowed to blossom in its own pace.</p>'),
(44, 0, 4, 2, '战略策划专家', 'Creative Director', '<p>A specialist in strategic planning, project management, and integrated territorial investments. In a leading consulting company, he led consulting projects in the field of socio-economic development and revitalization for local government administration entities, public institutions and the business sector. He managed a research and implementation project regarding revitalization at the Institute of History of Science of the Polish Academy of Sciences.</p>'),
(45, 0, 4, 3, '導向器', 'Piano Class', '<p>An expert in piano education of children. She teaches children and teenagers from 3 to 15 years old. She graduated from the University of Warsaw, and completed internship at the Music Academy in Warsaw. Within 10 years at the Music Conversatory, she educated over 100 children. She creates an atmosphere of fun and pleasure during lessons, and changes boring learning into an exciting adventure with knowledge. She is a creative teacher who makes her own teaching aids. In her opinion, relationship with children based on respect and trust is crucial.</p>\r\n<p><a href=\"https://www.facebook.com/PaniBogna/\" target=\"_blank\">Facebook</a></p>'),
(47, 0, 4, 5, '教师 演奏家', 'Piano Class', '<p>A graduate of the Fryderyk Chopin University of Music in Warsaw. He also perfected his piano skills at the University of Music in Barcelona, Spain. A soloist, a chamber musician and a sound director. A winner of piano competitions, among others in Paris and Berlin. He constantly improves his skills, and participates in international master classes. As a teacher, he is patient and calm, while conveying the essence of music in a pleasant, positive atmosphere. For him, it is important to diversify lessons in a creative way. He gives piano lessons to children and adults.</p>'),
(48, 0, 4, 6, '教师 演奏家', 'Saxophone Class', '<p>肖邦音樂大學畢業生。他還曾在維也納的Musik und Kunst Privatuniversitat學習。在許多國際和國內個人和室內類比賽中均獲得一等獎和大獎。文化和國家遺產部長以及青年波蘭獎學金計劃的多名獎學金獲得者。聯合創始人和女高音The Whoop Group-世界上最知名的薩克斯四重奏之一，他還為此編曲和創作自己的作品。一位多才多藝的藝術家，不僅演奏古典和現代音樂，還演奏爵士樂和娛樂節目。</p>'),
(49, 0, 4, 7, '教师', 'Cello Class', '<p>A graduate of the Fryderyk Chopin University of Music in Warsaw, and the Royal Irish Academy of Music in Dublin. She played with an orchestra under the baton of, among others, Krzysztof Penderecki and Jerzy Maksymiuk. A soloist during the Rock meets classic 2019 concert tour, in which participated such world rock legends as Deep Purple, Thin Lizzy, Sweet, Kevin Cronin, Mike Reno, Anna Maria Kaufmann, as well as at the Open’er Festival. She performs in Poland, Europe and in Asia. She is full of passion and happily shares her musical knowledge. She supports pupils’ progress and helps them overcome technical difficulties. Her lessons are interesting and effective. She gives cello lessons to children and adults.</p>'),
(55, 0, 4, 13, '教师 吉他演奏家', 'Guitar & Ukulele Class', '<p>Associated with the Fryderyk Chopin University of Music in Warsaw. He participated in master courses and music workshops. He performs on concerts as a soloists, but also plays in instrumental ensembles – duets, trios, quartets, and guitar orchestras. He records CDs, and his discography includes, among others, a CV recorded with a quartet. He is brave, and likes to take up new challenges. He is known of his innovative character and ingenuity, which surface during his extraordinary lessons.</p>'),
(56, 0, 1, 19, 'Nauczyciel gitarzysta', 'Klasa gitary i ukulele', '<p>Absolwent Uniwersytetu Muzycznego Fryderyka Chopina w Warszawie. Brał udział w ogólnopolskich kursach mistrzowskich oraz w warsztatach muzycznych. Wykonuje zarówno muzykę solową, jak i kameralną. Od kilku lat współtworzy duet gitarowy wyróżniany na międzynarodowych festiwalach. W nauczaniu skupia się na wszechstronnym rozwoju muzycznym. Prowadzi lekcje w spokojny ciekawy sposób, bez niepotrzebnego stresu.</p>'),
(57, 0, 2, 19, 'Teacher guitarist', 'Guitar & Ukulele Class', '<p>Associated with the University of Music F. Chopin in Warsaw. He took part in nationwide master classes and music workshops. He performs both solo and chamber music. For several years, he has been co-creating a guitar duo awarded at international festivals. In teaching, he focuses on comprehensive musical development. He conducts lessons in a relaxed and interesting way, without unnecessary stress.</p>'),
(58, 0, 3, 19, 'Giáo viên Nhạc sỹ ghita', 'Lớp đàn ghita va ukulele', '<p>Liên kết với Đại học Âm nhạc F. Chopin ở Warsaw. Anh đã tham gia các lớp học thạc sĩ và hội thảo âm nhạc trên toàn quốc. Anh ấy biểu diễn cả solo và nhạc thính phòng. Trong nhiều năm, anh ấy đã đồng sáng tạo một bộ đôi guitar được trao giải tại các liên hoan quốc tế. Trong công tác giảng dạy, anh chú trọng phát triển âm nhạc toàn diện. Anh ấy thực hiện các bài học một cách thoải mái và thú vị, không có căng thẳng không cần thiết.</p>'),
(59, 0, 4, 19, '教师 吉他演奏家', 'Guitar & Ukulele Class', '<p>与华沙的音乐大学F.肖邦有联系。他参加了全国大师班和音乐研讨会。他表演独奏和室内音乐。几年来，他与他人共同创作了在国际音乐节上获奖的吉他二重奏。在教学中，他专注于全面的音乐发展。他以轻松有趣的方式上课，而没有不必要的压力。</p>'),
(60, 0, 1, 20, 'Nauczyciel saksofonista', 'Klasa saksofonu', '<p>Związany z Akademią Muzyczną im. Ignacego Jana Paderewskiego w Poznaniu. Wszechstronny muzyk, który na co dzień związany jest ze sceną polskiej muzyki rozrywkowej i rockowej (współpracował m.in. z L.U.C. & RebelBabel, Markiem Piekarskim, Sarsą czy Kazikiem). Jako instrumentalista doceniany również przez środowisko jazzowe nagrodami m.in. podczas Tarnów Jazz Contest 2014, Międzynarodowego Jazz Juniors 2016 oraz Krokus Jazz Festival 2017. Podczas zajęć wraz z uczniem gra na dwa saksofony oraz na fortepianie. Jest energicznym nauczycielem i potrafi pokazać magiczny świat dźwięku.</p>'),
(61, 0, 2, 20, 'Teacher saxophonist', 'Saxophone Class', '<p>Associated with the Academy of Music. Ignacy Jan Paderewski in Poznań. A versatile musician who is associated with the Polish pop and rock music scene on a daily basis (he has collaborated with LUC &amp; RebelBabel, Marek Piekarski, Sarsa and Kazik). As an instrumentalist, also appreciated by the jazz community with awards such as during Tarnów Jazz Contest 2014, International Jazz Juniors 2016 and Krokus Jazz Festival 2017. During the classes, he plays in duet with a student for two saxophones or he accompanies on the piano. He is an energetic teacher and can show the magical world of sound.</p>'),
(62, 0, 3, 20, 'Giáo viên Nhạc sỹ saxofon', 'Lớp saxofon', '<p>Liên kết với Học viện Âm nhạc. Ignacy Jan Paderewski ở Poznań. Là một nhạc sĩ đa năng gắn liền với nền nhạc pop và rock Ba Lan hàng ngày (anh đã hợp tác với LUC &amp; RebelBabel, Marek Piekarski, Sarsa và Kazik). Là một nghệ sĩ chơi nhạc cụ, cũng được cộng đồng nhạc jazz đánh giá cao với các giải thưởng như cuộc thi Tarnów Jazz Contest 2014, International Jazz Juniors 2016 và Krokus Jazz Festival 2017. Trong các lớp học, anh ấy chơi song ca với một học sinh cho hai chiếc kèn saxophone hoặc anh ấy đệm trên piano. Anh ấy là một giáo viên tràn đầy năng lượng và có thể thể hiện thế giới kỳ diệu của âm thanh.</p>'),
(63, 0, 4, 20, '教师 演奏家', 'Saxophone Class', '<p>与音乐学院有关。波兹南（Izacy Jan Paderewski）这位多才多艺的音乐家每天都与波兰的流行音乐和摇滚音乐相关联（他曾与LUC和RebelBabel，Marek Piekarski，Sarsa和Kazik合作）。作为一名乐器演奏家，爵士乐界也赞扬了他的奖项，例如在2014年塔尔诺夫爵士乐大赛，2016年国际爵士乐少年赛和2017年克鲁库斯爵士音乐节上。在上課時，他與學生二重奏薩克斯管，或者陪伴鋼琴。他是一位充满活力的老师，可以展现神奇的声音世界。</p>');

-- --------------------------------------------------------

--
-- Struktura tabeli dla tabeli `emp_heading_translation`
--

CREATE TABLE `emp_heading_translation` (
  `id` int(10) UNSIGNED NOT NULL,
  `languages_id` int(10) UNSIGNED NOT NULL,
  `heading_3` varchar(255) NOT NULL,
  `heading_2` varchar(255) NOT NULL
) ENGINE=InnoDB DEFAULT CHARSET=utf8mb4;

--
-- Zrzut danych tabeli `emp_heading_translation`
--

INSERT INTO `emp_heading_translation` (`id`, `languages_id`, `heading_3`, `heading_2`) VALUES
(1, 1, 'NAUCZYCIELE', 'Kim jesteśmy?'),
(2, 2, 'TEACHERS', 'Who are we?'),
(3, 3, 'GIÁO VIÊN', 'Chúng tôi là ai?'),
(4, 4, '教师', '关于我们');

-- --------------------------------------------------------

--
-- Struktura tabeli dla tabeli `form_translation`
--

CREATE TABLE `form_translation` (
  `id` int(10) UNSIGNED NOT NULL,
  `languages_id` int(10) UNSIGNED NOT NULL,
  `name` varchar(255) DEFAULT NULL,
  `surname` varchar(255) DEFAULT NULL,
  `street` varchar(255) DEFAULT NULL,
  `town` varchar(255) DEFAULT NULL,
  `postcode` varchar(255) DEFAULT NULL,
  `country` varchar(255) DEFAULT NULL,
  `email` varchar(255) DEFAULT NULL,
  `message` varchar(255) NOT NULL,
  `currency_label` varchar(255) NOT NULL,
  `privacy_policy` varchar(255) DEFAULT NULL,
  `learning_policy` varchar(255) DEFAULT NULL,
  `button` varchar(255) DEFAULT NULL
) ENGINE=InnoDB DEFAULT CHARSET=utf8mb4;

--
-- Zrzut danych tabeli `form_translation`
--

INSERT INTO `form_translation` (`id`, `languages_id`, `name`, `surname`, `street`, `town`, `postcode`, `country`, `email`, `message`, `currency_label`, `privacy_policy`, `learning_policy`, `button`) VALUES
(1, 1, 'Imię', 'Nazwisko', 'Adres', 'Miejscowość', 'Kod pocztowy', 'Kraj', 'Adres email', 'Wiadomość...', 'Prosimy wybrać walutę', 'Potwierdzam zapoznanie się z <a href=\"/privacypolicy/pl\" target=\"_blank\">Polityką Prywatności</a> i akceptuję jego treść*', 'Potwierdzam zapoznanie się z <a href=\"/onlinelearningpolicy/pl\" target=\"_blank\">Regulaminem Warsztatów Muzycznych</a> i akceptuję jego treść*', 'Wyślij'),
(2, 2, 'First name', 'Surname', 'Address', 'Town', 'Postcode', 'Country', 'Email address', 'Message...', 'Select payment currency: ', 'I confirm that I have read the <a href=\"/privacypolicy/en\" target=\"_blank\"> Privacy Policy </a> and accept its content *', 'I confirm that I have read the <a href=\"/onlinelearningpolicy/en\" target=\"_blank\"> Music Workshop Regulations </a> and accept its content *', 'Submit'),
(3, 3, 'Tên đầu tiên', 'Họ', 'Địa chỉ', 'Thị trấn', 'Mã bưu điện', 'Quốc gia', 'Địa chỉ email', 'Thông điệp...', 'Chọn đơn vị tiền tệ thanh toán: ', 'Tôi xác nhận rằng tôi đã đọc <a href=\"/privacypolicy/vi\" target=\"_blank\"> Chính sách quyền riêng tư </a> và chấp nhận nội dung của nó *', 'Tôi xác nhận rằng tôi đã đọc <a href=\"/onlinelearningpolicy/vi\" target=\"_blank\"> Quy định của Hội thảo Âm nhạc </a> và chấp nhận nội dung của nó *', 'Gửi đi'),
(4, 4, '名稱', '姓', '街', '鎮', '郵編', '國家', '電子郵件地址', '你的留言...', '選擇付款貨幣 ', '我確認已閱讀<a href=\"/privacypolicy/zh\" target=\"_blank\">隱私政策</a>並接受其內容*', '我確認我已閱讀<a href=\"/onlinelearningpolicy/zh-CN target=\"_blank\">音樂工作室法規</a>並接受其內容*', '提交');

-- --------------------------------------------------------

--
-- Struktura tabeli dla tabeli `languages`
--

CREATE TABLE `languages` (
  `id` int(10) UNSIGNED NOT NULL,
  `code` varchar(10) NOT NULL,
  `name` varchar(50) NOT NULL
) ENGINE=InnoDB DEFAULT CHARSET=utf8mb4;

--
-- Zrzut danych tabeli `languages`
--

INSERT INTO `languages` (`id`, `code`, `name`) VALUES
(1, 'pl', 'Polish'),
(2, 'en', 'English'),
(3, 'vi', 'Vietnamese'),
(4, 'zh', 'Chinese');

-- --------------------------------------------------------

--
-- Struktura tabeli dla tabeli `main_about_info_translation`
--

CREATE TABLE `main_about_info_translation` (
  `id` int(10) UNSIGNED NOT NULL,
  `languages_id` int(10) UNSIGNED NOT NULL,
  `heading_3` varchar(255) DEFAULT NULL,
  `heading_2` varchar(255) DEFAULT NULL,
  `short_desc` varchar(255) DEFAULT NULL,
  `long_desc` varchar(1000) DEFAULT NULL
) ENGINE=InnoDB DEFAULT CHARSET=utf8mb4;

--
-- Zrzut danych tabeli `main_about_info_translation`
--

INSERT INTO `main_about_info_translation` (`id`, `languages_id`, `heading_3`, `heading_2`, `short_desc`, `long_desc`) VALUES
(1, 1, 'O SZKOLE', 'Konwersatorium Muzyczne', 'Zostało założone w 1996 roku w secesyjnej kamienicy w centrum Warszawy przez profesor Grażynę Kołodziej.', '<p>Zaufało nam już wielu uczniów w wieku od 1 do 94 lat nie tylko z Polski, ale również z krajów Europy i Azji. W gronie absolwentów Konwersatorium Muzycznego są prawnicy, lekarze, managerowie, ekonomiści, architekci, naukowcy i oczywiście muzycy.</p>\r\n<p>Naszym celem jest wychowanie melomanów, którzy czerpią przyjemność z grania i pragną, aby muzyka towarzyszyła im przez całe życie.</p>\r\n<p>Gwarantujemy indywidualne podejście do każdego ucznia nastawione na rozwój osobisty przez kontakt z muzyką, na który każdy zasługuje. Znajdujemy ukryty talent.</p>\r\n<p>Jest to najlepsza inwestycja w przyszłość własną lub swojego dziecka.</p>'),
(2, 2, 'ABOUT THE SCHOOL', 'The Music Conversatory', 'Professor Grażyna Kołodziej established the school in 1996 in an Art Nouveau building in the heart of Warsaw, Poland, Europe', '<p> We have been entrusted by over 200 students from 2 to 94 years old, not only from Poland but also from other countries of Europe and Asia. Among alumni of the Music Conversatory, there are lawyers, doctors, managers, economists, architects, scientists, and of course musicians.</p>\r\n<p>Our goal is to bring up music lovers who enjoy playing instruments, and wish to spend their whole life surrounded by music.</p>\r\n<p>We guarantee an individual approach to each and every student, focusing on personal development through music, that everyone deserves. We discover hidden talents.</p>\r\n<p>It is the best investment in your own or your child’s future.</p>'),
(3, 3, 'VỀ TRƯỜNG HỌC', 'Konwersatorium Muzyczne', 'Trường Nhạc được thành lập bởi GS Grazyna Kołodziej vào năm 1996 trong một tòa nhà cổ ở trung tâm Vác-sa-va.', '<p>Trên 200 học viên ở lứa tuổi từ 2 đến 65 tuổi đã tin tưởng chúng tôi, hô không chỉ là những người Ba Lan, mà còn là những người dân từ khắp các quốc gia khác từ Châu Âu và Châu Á. Trong số những học viên đã tốt nghiệp trường nhạc có cả các nhà luật gia, bác sỹ, manager, các nhà kinh tế học, kiến trúc sư, các nhà khoa học và tất nhiên nhiều người trở thành nhạc sỹ.</p>\r\n<p>Mục đích của chúng tôi là đào tạo những người yêu chuộng âm nhạc, mà luôn cảm thấy thú vị khi tiếp xúc với âm nhạc và mong ước để âm nhạc là bạn đồng hành của mình trong suốt cả cuộc đời.</p>\r\n<p>Chúng tôi bảo đảm có cách tiếp cận với từng cá nhân, để từng người có thể phát triển với âm nhạc, mà hợp với mình nhất.</p>\r\n<p>Chúng tôi tìm những nhân tài đang ẩn náu. Đó là sự đầu tư tốt nhất vào tương lai của bản thân hoặc của con cái mình.</p>'),
(4, 4, '关于学校', '音乐学校', '本学校由Grazyna Kolodziej老师在1996建立，学校位于华沙市中心的新艺术大楼.', '<p>学校现有200名学生，年龄从2岁到64岁不等，其中不仅有波兰人，还有来自于欧洲其他地方和亚洲的学生。 我们的校友从事各种各样的职业，包括律师、医生、经理、经济学者、建筑师、科学家等，当然也包括音乐家。</p>\r\n<p>我们的目标是培养学生热爱音乐，享受演奏乐器的乐趣，同时希望学生能够在一生中都有音乐相伴左右。</p>\r\n<p>我们承诺与每个学生进行一对一的沟通，专注于每个学生在音乐中的的个人成长，并发掘潜在的音乐天分。</p>\r\n<p>这会是您或者您的孩子未来的音乐生涯中的最重要的一次投资。</p>');

-- --------------------------------------------------------

--
-- Struktura tabeli dla tabeli `main_banner`
--

CREATE TABLE `main_banner` (
  `id` int(10) UNSIGNED NOT NULL,
  `img` varchar(255) NOT NULL
) ENGINE=InnoDB DEFAULT CHARSET=utf8mb4;

--
-- Zrzut danych tabeli `main_banner`
--

INSERT INTO `main_banner` (`id`, `img`) VALUES
(1, 'banner/image/test');

-- --------------------------------------------------------

--
-- Struktura tabeli dla tabeli `main_banner_translation`
--

CREATE TABLE `main_banner_translation` (
  `id` int(10) UNSIGNED NOT NULL,
  `main_banner_id` int(10) UNSIGNED NOT NULL,
  `languages_id` int(10) UNSIGNED NOT NULL,
  `name` varchar(255) DEFAULT NULL,
  `long_desc` varchar(255) DEFAULT NULL,
  `button` varchar(255) DEFAULT NULL
) ENGINE=InnoDB DEFAULT CHARSET=utf8mb4;

--
-- Zrzut danych tabeli `main_banner_translation`
--

INSERT INTO `main_banner_translation` (`id`, `main_banner_id`, `languages_id`, `name`, `long_desc`, `button`) VALUES
(1, 1, 1, 'Konwersatorium \r\nMuzyczne', 'Kreatywna szkoła rozbudzająca miłość do muzyki dla dzieci, dorosłych i seniorów.<br><b>Zajęcia w Warszawie<br>i online</b>', 'Spróbuj i umów się<br>na pierwszą lekcję!'),
(2, 1, 2, 'The Music Conversatory', 'International school for children and adults\r\n<br>that brings out love of music', 'Try and schedule<br>a first lesson!'),
(3, 1, 3, 'Konwersatorium Muzyczne', 'Trường Nhạc. Trường cao cấp – khích lệ tình yêu âm nhạc -dành cho thiếu nhi và người lớn.', 'Bạn hãy thử ngay <br> và hẹn buổi học thử đầu tiên'),
(4, 1, 4, '音乐学校', '针对儿童和成人的精品音乐学校，让你发现你对音乐的爱', '免费试听!');

-- --------------------------------------------------------

--
-- Struktura tabeli dla tabeli `main_contact_translation`
--

CREATE TABLE `main_contact_translation` (
  `id` int(10) UNSIGNED NOT NULL,
  `languages_id` int(10) UNSIGNED NOT NULL,
  `heading_3` varchar(255) DEFAULT NULL,
  `heading_2` varchar(255) DEFAULT NULL,
  `address` varchar(1000) NOT NULL,
  `branch_address` varchar(1000) NOT NULL,
  `phone` varchar(1000) NOT NULL
) ENGINE=InnoDB DEFAULT CHARSET=utf8mb4;

--
-- Zrzut danych tabeli `main_contact_translation`
--

INSERT INTO `main_contact_translation` (`id`, `languages_id`, `heading_3`, `heading_2`, `address`, `branch_address`, `phone`) VALUES
(1, 1, 'KONTAKT', 'Jak nas znaleźć?', '<p><strong>Adres korespondencyjny:</strong></p> <p>Konwersatorium Muzyczne <br/>Aleje Jerozolimskie 47/20 <br/>00-697, Warszawa <br />Polska</p> <p>NIP: 5262790537</p> <p>REGON: 141095362</p> ', '<p><strong>Główna siedziba:</strong></p> <p>wejście ul. Poznańska 39 domofon 20 <p>poniedziałek-sobota 12:00 – 21:00</p> <p><strong>I Filia:</strong></p> <p>Aleje Jerozolimskie 53 <p>poniedziałek-sobota 9:00-22:00</p>', '<p><strong>Informacje i zapisy:</strong></p> <p>+48 22 628 01 13 <br />+48 883 489 184</p> <p><strong>Przed przybyciem<br />prosimy umówić się na wizytę telefonicznie</strong></p>'),
(2, 2, 'CONTACT', 'How to find us?', '<p><strong>Postal address:</strong></p> <p>Konwersatorium Muzyczne <br/>Aleje Jerozolimskie 47 <br/>00-697, Warszawa <br />Polska</p> <p>NIP: 5262790537</p> <p>REGON: 141095362</p> ', '<p> <strong> Headquarters: </strong> </p> <p> entrance ul. Poznańska 39 intercom 20 <p> Monday-Saturday 12:00 - 21:00 </p> <p> <strong> First branch: </strong> </p> <p> Aleje Jerozolimskie 53 <p> Monday-Saturday 9: 00-22: 00 </p>', '<p><strong>Please give us a call before your visit:</strong></p> <p>Polish +48 22 628 01 13 <br />English +48 883 489 184</p>'),
(3, 3, 'LIÊN LẠC', 'Tìm/đến với chúng tôi như thế nào?', '<p><strong>Địa chỉ liên lạc:</strong></p> <p>Konwersatorium Muzyczne<br />Aleje Jerozolimskie 53<br/>00-697, Warszawa<br />Polska</p> <p>NIP: 5262790537</p> <p>REGON: 141095362</p> ', '<p> <strong> Trụ sở chính: </strong> </p> <p> lối vào ul. Poznańska 39 liên lạc nội bộ 20 <p> Thứ Hai-Thứ Bảy, 12:00 - 21:00 </p> <p> <strong> Chi nhánh đầu tiên: </strong> </p> <p> Aleje Jerozolimskie 53 <p> Thứ Hai-Thứ Bảy, 9: 00-22: 00 </p>', '<p><strong>Hãy liên lạc điện thoại trước:</strong></p><p>Polish +48 22 628 01 13<br />English +48 883 489 184</p>'),
(4, 4, '联系我们', '如何找到我们？', '<p><strong>Postal address:</strong></p> <p>Konwersatorium Muzyczne <br/>Aleje Jerozolimskie 53 <br/>00-697, Warszawa <br />Polska</p> <p>NIP: 5262790537</p> <p>REGON: 141095362</p> ', '<p> <strong>總部：</ strong> </ p> <p>入口ul。波茲南39對講機20 <p>週一至週六12:00-21:00 </ p> <p> <strong>第一分支：</ strong> </ p> <p> Aleje Jerozolimskie 53 <p>星期一至星期六9：00-22：00 </ p>', '<p><strong>来访前敬请电话告知我们:</strong></p> <p>Polish +48 22 628 01 13 <br /> English +48 883 489 184</p>');

-- --------------------------------------------------------

--
-- Struktura tabeli dla tabeli `main_counter`
--

CREATE TABLE `main_counter` (
  `id` int(10) UNSIGNED NOT NULL,
  `counter` int(10) NOT NULL
) ENGINE=InnoDB DEFAULT CHARSET=utf8mb4;

--
-- Zrzut danych tabeli `main_counter`
--

INSERT INTO `main_counter` (`id`, `counter`) VALUES
(1, 20),
(2, 16),
(3, 50);

-- --------------------------------------------------------

--
-- Struktura tabeli dla tabeli `main_counter_translation`
--

CREATE TABLE `main_counter_translation` (
  `id` int(10) UNSIGNED NOT NULL,
  `languages_id` int(10) UNSIGNED NOT NULL,
  `heading_3` varchar(255) DEFAULT NULL,
  `short_desc` varchar(255) DEFAULT NULL,
  `main_counter_id` int(10) UNSIGNED NOT NULL
) ENGINE=InnoDB DEFAULT CHARSET=utf8mb4;

--
-- Zrzut danych tabeli `main_counter_translation`
--

INSERT INTO `main_counter_translation` (`id`, `languages_id`, `heading_3`, `short_desc`, `main_counter_id`) VALUES
(1, 1, 'Działamy od ponad...', 'lat', 1),
(2, 1, 'Mamy nuty z ponad...', 'krajów', 2),
(3, 1, 'Przygotowaliśmy już ponad...', 'koncertów', 3),
(4, 2, 'Established over...', 'years ago', 1),
(5, 2, 'We have music scores over...', 'countries', 2),
(6, 2, 'We have organised over...', 'concerts', 3),
(9, 3, 'Chúng tôi hoạt động đã trên...', 'năm', 1),
(10, 3, 'Chúng tôi đã đào tạo được trên...', 'học viên', 2),
(11, 3, 'Chúng tôi đã tổ chức được trên...', 'buổi hòa nhạc', 3),
(12, 4, '我们的学校有...', '年的历史', 1),
(13, 4, '我们教出了...', '余名学生', 2),
(14, 4, '我们组织过...', '余场音乐会', 3);

-- --------------------------------------------------------

--
-- Struktura tabeli dla tabeli `main_facts`
--

CREATE TABLE `main_facts` (
  `id` int(10) UNSIGNED NOT NULL,
  `icon` varchar(255) NOT NULL
) ENGINE=InnoDB DEFAULT CHARSET=utf8mb4;

--
-- Zrzut danych tabeli `main_facts`
--

INSERT INTO `main_facts` (`id`, `icon`) VALUES
(1, 'fa-music'),
(2, 'fa-diamond'),
(3, 'fa-institution'),
(4, 'fa-trophy');

-- --------------------------------------------------------

--
-- Struktura tabeli dla tabeli `main_facts_translation`
--

CREATE TABLE `main_facts_translation` (
  `id` int(10) UNSIGNED NOT NULL,
  `main_facts_id` int(10) UNSIGNED NOT NULL,
  `languages_id` int(10) UNSIGNED NOT NULL,
  `fact` varchar(1500) NOT NULL
) ENGINE=InnoDB DEFAULT CHARSET=utf8mb4;

--
-- Zrzut danych tabeli `main_facts_translation`
--

INSERT INTO `main_facts_translation` (`id`, `main_facts_id`, `languages_id`, `fact`) VALUES
(1, 1, 1, '<ul>\r\n<li>Łatwy początek - naukę można rozpocząć w każdym miesiącu</li>\r\n<li>Nie ma ocen ani egzaminów</li>\r\n<li>Zajęcia są indywidualne w formule mistrz-uczeń</li>\r\n<li>Darmowe nuty i pomoce naukowe</li>\r\n</ul>'),
(2, 2, 1, '<ul>\r\n<li>Komfort indywidualnego ustalania terminów lekcji</li>\r\n<li>Doświadczeni nauczyciele z pasją</li>\r\n<li>Właściwe techniki nauczania osób w każdym wieku</li>\r\n<li>Zajęcia są dostępne w języku polskim i angielskimi</li>\r\n</ul>'),
(3, 3, 1, '<ul>\r\n<li>Konwersatorium Muzyczne istnieje od 1996 roku</li>\r\n<li>Mieści się w sercu Warszawy przy stacji Metro Centrum</li>\r\n<li>Wykształciło już ponad 200 uczniów</li>\r\n<li>Naukę można rozpocząć w każdym wieku, już od 1,5 roku życia</li>\r\n<li>Zajęcia odbywają się od poniedziałku do soboty w godzinach 9:00-22:00</li>\r\n</ul>'),
(4, 4, 1, '<ul>\r\n<li>Udowodniono pozytywny wpływ muzyki na samopoczucie</li>\r\n<li>Konwersatorium Muzyczne to bezpieczne środowisko i sprawdzeni nauczyciele</li>\r\n<li>Nauka gry na fortepianie to dobrze zainwestowane pieniądze</li>\r\n<li>Co roku nasi uczniowie prezentują swoje osiągnięcia na koncertach</li>\r\n<li>Z dumą będziecie Państwo słuchać rezultatów pracy swoich dzieci lub własnej</li>\r\n</ul>'),
(5, 1, 2, '<ul>\r\n<li>Easy beginning – you can start lessons anytime during the year</li>\r\n<li>No grades, no exams</li>\r\n<li>Individual lessons based on master-student relationship</li>\r\n<li>Music sheets and teaching aids are provided with no extra charge</li>\r\n</ul>'),
(6, 2, 2, '<ul>\r\n<li>Comfort of scheduling lessons individually</li>\r\n<li>Experienced passionate teachers</li>\r\n<li>Appropriate techniques of teaching people across generations</li>\r\n<li>Lessons are available in English</li>\r\n</ul>'),
(7, 3, 2, '<ul>\r\n<li>The Music Conversatory was established in 1996</li>\r\n<li>It is located in the heart of Warsaw, near the Metro Centrum station</li>\r\n<li>We offer lessons in Warsaw, and also online</li>\r\n<li>Lessons are available to people across generations, starting from 2-year-olds</li>\r\n<li>Lessons take place from Monday to Saturday from 8pm to 10pm</li>\r\n</ul>'),
(8, 4, 2, '<ul>\r\n<li>A positive impact of music on mood has been scientifically proven</li>\r\n<li>Safe environment and experienced teachers</li>\r\n<li>Learning to play is a good investment</li>\r\n<li>Every year our students perform in concerts</li>\r\n<li>You will be proudly listening to results of your own work or your children\'s</li>\r\n</ul>'),
(9, 1, 3, '<ul>\r\n<li>Sự khởi đầu rất dễ - có thể bắt đầu học vào bất kỳ thời điểm nào trong mỗi tháng</li>\r\n<li>Không chấm điểm và không phải thi cử</li>\r\n<li>Học riêng, theo kiểu trực tiếp thầy với trò</li>\r\n<li>Sách nhạc và những phụ kiện khoa học khác được cấp miễn phí</li>\r\n</ul>'),
(10, 2, 3, '<ul>\r\n<li>Có cảm giác dễ chịu khi có thể tự hẹn giờ học riêng lẻ</li>\r\n<li>Giáo viên nhiều kinh nghiệm và say mê nghề nghiệp</li>\r\n<li>Mọi kỹ thuật giảng dạy đúng đắn để dạy phù hợp cho từng lứa tuổi</li>\r\n<li>Có thể học bằng tiếng Ba Lan hoặc tiếng Anh</li>\r\n</ul>'),
(11, 3, 3, '<ul>\r\n<li>Trường Nhạc có từ năm 1996</li>\r\n<li>Nằm ở trung tâm Vác-sa-va, gần bến tàu điện ngầm Centrum</li>\r\n<li>Đã đào tạo được trên 200 học viên</li>\r\n<li>Có thể bắt đầu học từ mọi lứa tuổi, từ 3 tuổi</li>\r\n<li>Học hàng tuần trong các ngày từ thứ 2 đến thứ 7, vào tầm 12.00-21.00</li>\r\n</ul>'),
(12, 4, 3, '<ul>\r\n<li>Người ta đã chứng minh được là âm nhạc có ảnh hưởng tốt đến tâm lý cá nhân</li>\r\n<li>Trường Nhạc là một môi trường an toàn, với đội ngũ giáo viên giàu kinh nghiệm</li>\r\n<li>Học chơi là sự đầu tư tiền rất tốt</li>\r\n<li>Hàng năm các học viên đạt nhiều thành tích trong các buổi hòa nhạc</li>\r\n<li>Quý vị có thể tự hào nghe thành quả của con cái mình hoặc của chính bản thân</li>\r\n</ul>'),
(13, 1, 4, '<ul>\r\n<li>入门很容易——您随时可以开始学习</li>\r\n<li>不评级，不考试</li>\r\n<li>根据师生关系调整上课模式</li>\r\n<li>免费提供乐谱和其他教学资料</li>\r\n</ul>'),
(14, 2, 4, '<ul>\r\n<li>课程根据不同学生灵活调整</li>\r\n<li>教师热爱音乐，经验丰富</li>\r\n<li>Appropriate techniques of teaching people across generations</li>\r\n<li>根据学生年龄段提供不同的技巧教学</li>\r\n</ul>'),
(15, 3, 4, '<ul>\r\n<li>音乐学校始建于1996年</li>\r\n<li>学校位于华沙市中心的新艺术大楼</li>\r\n<li>已有200余位学生参加过我们的培训</li>\r\n<li>从2岁到成人，任何年龄段的学生都能在我们这里找到合适的课程</li>\r\n<li>课程从周一到周六均有开设，时间为中午12点到晚上9点</li>\r\n</ul>'),
(16, 4, 4, '<ul>\r\n<li>科学研究已经证明，音乐能给人的情绪带来积极影响</li>\r\n<li>我们的音乐学校提供安全的环境和经验丰富的老师</li>\r\n<li>学习钢琴是有益的人生投资</li>\r\n<li>每年我们的学生都有机会在音乐会上表演</li>\r\n<li>You will be proudly listening to results of your own work or your children\'s</li>\r\n</ul>');

-- --------------------------------------------------------

--
-- Struktura tabeli dla tabeli `main_progress_heading_translation`
--

CREATE TABLE `main_progress_heading_translation` (
  `id` int(10) UNSIGNED NOT NULL,
  `languages_id` int(10) UNSIGNED NOT NULL,
  `heading_3` varchar(255) NOT NULL,
  `heading_2` varchar(255) NOT NULL,
  `button` varchar(255) NOT NULL,
  `short_desc` varchar(2000) DEFAULT NULL,
  `long_desc` varchar(5000) DEFAULT NULL
) ENGINE=InnoDB DEFAULT CHARSET=utf8mb4;

--
-- Zrzut danych tabeli `main_progress_heading_translation`
--

INSERT INTO `main_progress_heading_translation` (`id`, `languages_id`, `heading_3`, `heading_2`, `button`, `short_desc`, `long_desc`) VALUES
(1, 1, 'Efekty', 'Jakie korzyści daje muzyka?', 'Więcej', '<h3>A czego dowodzą badania naukowe?</h3>\r\n<ul>\r\n<li>Rozwój kreatywności, pamięci i koncentracji</li>\r\n<li>Rozwój logiki, myślenia, analizy i oceny</li>\r\n<li>Nauka muzyki zwiększa wydajności mózgu</li>\r\n<li>Poprawia koordynację rąk, oczu i ciała</li>\r\n<li>Zwiększa się samoocena i poczucie własnej skuteczności</li>\r\n<li>Muzyka pomaga wyrazić emocje i rozładować napięcie</li>\r\n<li>Granie zespołowe uczy współpracy, harmonii społecznej, dyscypliny oraz osiągania wspólnego celu</li>\r\n</ul>', '<p>Professional Research Center 2000: z badań wynika, że uczniowie, którzy uczyli się grać na instrumencie lepiej planowali zadania, koordynowali projekty w życiu codziennym. Uczniowie, którzy grają chętniej podejmują sie nowych wyzwań, lepiej potrafią wyrażać swoje niezależne idee przyjaciołom, nauczycielom i rodzicom. Nie obawiają się własnych przekonań The president’s council on the arts 1999</p>\r\n<p>Muzyk podejmując ciągłe decyzje odnośnie tempa, tonu, stylu, rytmu, frazowania, i emocji utworu staje się bardzo dobry w organizowaniu i prowadzeniu wielu działań jednocześnie Ratey John J., MD. Instrukcja użytkownika do mózgu. New York: Pantheon Books, 2001. Nauka muzyki zachęca do samodyscypliny i staranności, to cechy, które przenoszą się potem na efektywną pracy i dobre nawyki w innych dyscyplinach. Michael E. DeBakey, MD, Baylor College of Music.</p>\r\n<p>Podczas konferencji poświęconej muzyce w Ameryce w 2000r badania pokazały ze 73% uczniów uczących się grać na instrumencie nie sprawiało kłopotów wychowawczych i nie miało problemu z dyscypliną</p>\r\n<p>Podczas egzaminu SAT (odpowiednik naszej matury) uczniowie, którzy uczęszczali na naukę gry na instrumencie otrzymali średnio 61 punktów więcej podczas egzaminów ustnych oraz 42 punkty więcej z matematyki niż rówieśnicy którzy nie grali. Music educators journal, Wrzesień 2000</p>\r\n<p>Badania na University of California wykazały, że po ośmiu miesiącach lekcji gry na fortepianie, przedszkolaki wykazały 46% wzrost IQ rozumowania przestrzennego Rauscher, Shaw, Levine, Ky i Wright, Muzyka i Wydajność: związek przyczynowy University of California, Irvine, 1994</p>\r\n<p>Najlepsi biznesmeni zgadzają się, że programy edukacji artystycznej mogą pomóc naprawić system amerykańskiej edukacji i lepiej przygotować pracowników do 21 wieku. Zmiana miejsca pracy zmienia się nasz pogląd Edukacji. Business Week, październik 1996.</p>\r\n<p>Muzyka to komunikacja, kreatywność i współpraca, przez naukę gry, uczniowie mają okazję do rozwinięcia tych umiejętności, mogą wzbogacić swoje życie i doświadczać świat z nowej perspektywy. Bill Clinton, były prezydent Stanów Zjednoczonych Ameryki</p>'),
(2, 2, 'Effects', 'What benefits can music give you?', 'More', '<h3>What is proved by research?</h3>\r\n<ul>\r\n<li>growth in creativity, memory and concentration</li>\r\n<li>growth in logics, thinking, analysis and assessment</li>\r\n<li>music education increases  brain efficiency</li>\r\n<li>improvent in coordination of  hands, eyes and body</li>\r\n<li>increase in self-esteem and sense of self effectiveness</li>\r\n<li>music helps express emotions and unload tension</li>\r\n<li>group playing teach cooperation, social harmony, discipline and achieving a common goal</li>\r\n</ul>', '<p>Professional Research Center 2000: research shows that pupils, who learn to play an instrument, improved their task planning and project coordination in everyday life. Students, who play, more willingly try new challenges, can express their independent ideas better to their friends, teachers and parents. They aren’t afraid of their own convictions. The president’s council on the arts 1999</p>\r\n<p>The musican, who constantly makes decisions about the tempo, tone, style, rhythm, phrasing, and piece’s emotions, becomes very good organizating and making many things at the same time. Spark-The Revolutionary New Science of Exercise and the Brain New York: Pantheon Books, 2001. Music lessons encourage self-discipline and care fulnes. These features  are later transferred to effective work and good habits in others disciplines. Michael E. DeBakey, MD, Baylor College of Music.</p>\r\n<p>The research taken the US in 2000, during a conference about music, showed that 73%  of children who learn playing an instrument don’t cause trouble during their upbringing and they don’t have problems with discipline.</p>\r\n<p>During the SAT exam, students who had learnt playing an instrument, received in average 61 points more during oral exams, and 42 points more in math than their peers who hadn’t played at all. Music educators journal, September 2000</p>\r\n<p>Research taken at the California’s University showed that after 8 months of piano lessons, preschoolers had a 46% growth of IQ spatial reasoning. Rauscher, Shaw, Levine, Ky i Wright, Music and efficiency: causal relationship University of California, Irvine, 1994</p>\r\n<p>The best businessmen agree that programmes of artistic education can help fix the system of American education and better prepare employees to the 21th century. Educating for the Workplace through the Arts. Business Week, November 1996.</p>\r\n<p>Music is communication, creativity and cooperation. Through learning music, pupils can develop those abilities, they can enrich their life and see the world from a new perspective. Bill Clinton, President of the US</p>'),
(3, 3, 'Hiệu quả', 'Âm nhạc mang lại những lợi ích gì?', 'Hơn nữa', '<h3>Các nghiên cứu khoa học chứng minh được điều gì?</h3>\r\n<ul>\r\n<li>Sự phát triển tính sáng tạo, trí nhớ và sự tập trung</li>\r\n<li>Sự phát triển lôgic học, cách tư duy, phân tích và đánh giá</li>\r\n<li>Học nhạc làm tăng công suất của não</li>\r\n<li>Làm tăng khả năng phối hợp nhịp nhàng giữa tay, chân và mắt</li>\r\n<li>Tính tự phê và cảm giác hiệu quả bản thân được tăng thêm</li>\r\n<li>Âm nhạc giúp biểu đạt cảm xúc và làm giảm tính nóng nảy</li>\r\n<li>Khi chơi nhạc cùng nhóm, học được cách hợp tác, phối hợp hài hòa xã hội, có tính kỷ luật và cùng đạt được mục đích chung</li>\r\n</ul>', '<p>Professional Research Center 2000: theo như các nghiên cứu cho thấy là những học sinh mà đã từng học nhạc cụ luôn có kế hoạch làm bài tập tốt hơn, cùng hợp tác làm dự án trong cuộc sống hàng ngày tốt hơn. Những học sinh mà có chơi nhạc cụ sẵn sàng thi hành những thử thách mới, có thể biểu hiện những ý tưởng độc lập của mình với bè bạn, thầy cô giáo và phụ huynh tốt hơn. Họ không lo ngại những quan điểm của riêng bản thân. The president’s council on the arts 1999</p>\r\n<p>Nhạc sỹ luôn phải cho ra quyết định về nhịp, giọng, thể loại, giai điệu, lời lẽ và sự nhạy cảm của tác phẩm, sẽ trở thành tốt hơn trong công việc cho ra quyết định tổ chức hay thi hành nhiều công việc đồng thời. Ratey John J., MD. Instrukcja użytkownika do mózgu. New York: Pantheon Books, 2001.</p>\r\n<p> Học nhạc khuyến khích bản thân tự kỷ luật và cố gắng, đó là những tính chất mà sau này chuyển sang được cho công việc có hiệu quả và có được những thói quen tốt trong các lĩnh vực khác. Michael E. DeBakey, MD, Baylor College of Music.</p>\r\n<p>Trong hội thảo khoa học về âm nhạc ở Mỹ năm 2000 thì các nghiên cứu cho thấy là 73% học sinh mà có chơi nhạc cụ không gây ra nhiều điều khó khăn sư phạm và cũng ít vi phạm kỷ luật</p>\r\n<p>Khi thi SAT (tốt nghiệp PTTH) thì những học sinh mà có chơi nhạc cụ trung bình đạt được 61 điểm cao hơn trong bài thi vấn đáp và đạt 42 điểm cao hơn trong môn toán, so với những đứa bạn cùng tuổi mà không chơi nhạc cụ. Music educators journal, Wrzesień 2000</p>\r\n<p>Các nghiên cứu của University of California cho thấy là sau 8 tháng học nhạc trên cây đàn piano, các trẻ mẫu giáo có sự tăng trưởng 46% chỉ số IQ, khi tìm hiểu về không gian Rauscher, Shaw, Lewin, Ky và Wright. Âm nhạc: Công suất: quan hệ nguyên nhân kết quả University of California, Irwin 1994 Rauscher, Shaw, Levine, Ky i Wright.</p>\r\n<p>Các doanh nghiệp giỏi nhất đồng ý là các chương trình giáo dục nghệ thuật có thể sửa chữa hệ thống giáo dục của Mỹ và chuẩn bị nhân viên tốt hơn cho thế kỷ 21. Thay đổi việc làm làm thay đổi quan điểm của chúng ta về giáo dục. Business Week, październik 1996.</p>\r\n<p>Âm nhạc là sự giao tiếp, tính sáng tạo và sự kết hợp, qua công việc học hành, các học sinh có cơ hội phát triển những kỹ năng đó, có thể làm giàu cuộc sống của mình và nhìn nhận thế giới từ viễn cảnh mới – Bill Clinton, cựu TT Mỹ.</p>'),
(4, 4, '学习的效果', '音乐能带给你什么？', '其他', '<h3>What is proved by research?</h3>\r\n<ul>\r\n<li>growth in creativity, memory and concentration</li>\r\n<li>growth in logics, thinking, analysis and assessment</li>\r\n<li>music education increases  brain efficiency</li>\r\n<li>improvent in coordination of  hands, eyes and body</li>\r\n<li>increase in self-esteem and sense of self effectiveness</li>\r\n<li>music helps express emotions and unload tension</li>\r\n<li>group playing teach cooperation, social harmony, discipline and achieving a common goal</li>\r\n</ul>', '<p>Professional Research Center 2000: research shows that pupils, who learn to play an instrument, improved their task planning and project coordination in everyday life. Students, who play, more willingly try new challenges, can express their independent ideas better to their friends, teachers and parents. They aren’t afraid of their own convictions. The president’s council on the arts 1999</p>\r\n<p>The musican, who constantly makes decisions about the tempo, tone, style, rhythm, phrasing, and piece’s emotions, becomes very good organizating and making many things at the same time. Spark-The Revolutionary New Science of Exercise and the Brain New York: Pantheon Books, 2001. Music lessons encourage self-discipline and care fulnes. These features  are later transferred to effective work and good habits in others disciplines. Michael E. DeBakey, MD, Baylor College of Music.</p>\r\n<p>The research taken the US in 2000, during a conference about music, showed that 73%  of children who learn playing an instrument don’t cause trouble during their upbringing and they don’t have problems with discipline.</p>\r\n<p>During the SAT exam, students who had learnt playing an instrument, received in average 61 points more during oral exams, and 42 points more in math than their peers who hadn’t played at all. Music educators journal, September 2000</p>\r\n<p>Research taken at the California’s University showed that after 8 months of piano lessons, preschoolers had a 46% growth of IQ spatial reasoning. Rauscher, Shaw, Levine, Ky i Wright, Music and efficiency: causal relationship University of California, Irvine, 1994</p>\r\n<p>The best businessmen agree that programmes of artistic education can help fix the system of American education and better prepare employees to the 21th century. Educating for the Workplace through the Arts. Business Week, November 1996.</p>\r\n<p>Music is communication, creativity and cooperation. Through learning music, pupils can develop those abilities, they can enrich their life and see the world from a new perspective. Bill Clinton, President of the US</p>');

-- --------------------------------------------------------

--
-- Struktura tabeli dla tabeli `main_progress_translation`
--

CREATE TABLE `main_progress_translation` (
  `id` int(10) UNSIGNED NOT NULL,
  `languages_id` int(10) UNSIGNED NOT NULL,
  `short_desc` varchar(255) NOT NULL,
  `percent` varchar(255) NOT NULL
) ENGINE=InnoDB DEFAULT CHARSET=utf8mb4;

--
-- Zrzut danych tabeli `main_progress_translation`
--

INSERT INTO `main_progress_translation` (`id`, `languages_id`, `short_desc`, `percent`) VALUES
(1, 1, 'Kreatywność', '76%'),
(2, 1, 'Wytrwałość', '81%'),
(3, 1, 'Wzmacnianie poczucia wartości', '79%'),
(4, 2, 'Creativity', '76%'),
(5, 2, 'Perseverance', '81%'),
(6, 2, 'Improvement of self esteem', '79%'),
(7, 3, '', ''),
(8, 3, 'Tính kiên trì', '81%'),
(9, 3, 'Tăng cảm giác có giá trị', '79%'),
(10, 4, '创造力', '76%'),
(11, 4, '坚韧性', '81%'),
(12, 4, '自尊感', '79%'),
(13, 1, 'Pracowitość', '72%'),
(14, 1, 'Systematyczność', '66%'),
(15, 1, 'Pamięć', '59%'),
(16, 1, 'Efektywność gospodarowania czasem', '84%'),
(17, 2, 'Diligence', '72%'),
(18, 2, 'Regularity', '66%'),
(19, 2, 'Memory', '59%'),
(20, 2, 'Effective time management', '84%'),
(21, 3, 'Tính cần cù', '72%'),
(22, 3, 'Tính có hệ thống', '66%'),
(23, 3, 'Trí nhớ', '59%'),
(24, 3, 'Hiệu quả quản lý thời gian', '84%'),
(25, 4, 'Diligence', '72%'),
(26, 4, 'Regularity', '66%'),
(27, 4, 'Memory', '59%'),
(28, 4, 'Effective time management', '84%');

-- --------------------------------------------------------

--
-- Struktura tabeli dla tabeli `main_references_translation`
--

CREATE TABLE `main_references_translation` (
  `id` int(10) UNSIGNED NOT NULL,
  `languages_id` int(10) UNSIGNED NOT NULL,
  `heading_3` varchar(255) NOT NULL,
  `heading_2` varchar(255) NOT NULL,
  `button_1` varchar(255) DEFAULT NULL,
  `button_2` varchar(255) DEFAULT NULL,
  `button_3` varchar(255) DEFAULT NULL,
  `partners` varchar(255) DEFAULT NULL
) ENGINE=InnoDB DEFAULT CHARSET=utf8mb4;

--
-- Zrzut danych tabeli `main_references_translation`
--

INSERT INTO `main_references_translation` (`id`, `languages_id`, `heading_3`, `heading_2`, `button_1`, `button_2`, `button_3`, `partners`) VALUES
(1, 1, 'REFERENCJE', 'Polecają nas', 'Rodzice...', 'Uczniowie...', 'Filmy-referencje', 'Nasi partnerzy'),
(2, 2, 'REFERENCES', 'We are recommended by', 'Parents...', 'Students...', 'Watch the references – clips!', 'Our partners'),
(3, 3, 'QUẢNG BÁ', 'Phụ huynh và học viên giới thiệu chúng tôi', 'Phụ huynh...', 'Học viên...', 'Hãy xem các phim!', 'Những đối tác của chúng tôi'),
(4, 4, 'REFERENCES', '他人荐语', '家长说...', '学生说...', '点击观看', '合作伙伴');

-- --------------------------------------------------------

--
-- Struktura tabeli dla tabeli `main_special_offer_translation`
--

CREATE TABLE `main_special_offer_translation` (
  `id` int(10) UNSIGNED NOT NULL,
  `languages_id` int(10) UNSIGNED NOT NULL,
  `heading_3` varchar(255) DEFAULT NULL,
  `heading_2` varchar(255) DEFAULT NULL,
  `short_desc` varchar(5000) DEFAULT NULL,
  `long_desc` mediumtext NOT NULL,
  `button` varchar(255) DEFAULT NULL,
  `img` varchar(255) DEFAULT NULL
) ENGINE=InnoDB DEFAULT CHARSET=utf8mb4;

--
-- Zrzut danych tabeli `main_special_offer_translation`
--

INSERT INTO `main_special_offer_translation` (`id`, `languages_id`, `heading_3`, `heading_2`, `short_desc`, `long_desc`, `button`, `img`) VALUES
(1, 1, 'ZAPRASZAMY', 'Zapisy na rok 2021', '<p><b>Rozpoczeliśmy zapisy na nowy rok szkolny.</b></p>\r\n<p>Odpowiadamy na pytania:</p>\r\n<ul class=\"text-left\">\r\n<li>Jak rozpocząć naukę w naszej szkole?</li>\r\n<li>Czy musze zapisać się na cały rok lub semestr?</li>\r\n<li>Czy muszę kupić instrument?</li>\r\n</ul>\r\n<p>Wszystkie szczegóły dotyczące zapisów znajdą Państwo w zakładce - wiecej</p>', '<p><b>Trwają zapisy na naukę w naszej szkole.</b></p>\r\n<p><b>Zapraszamy na:</b></p>\r\n<ul>\r\n<li>fortepian</li>\r\n<li>gitarę</li>\r\n<li>ukulele</li>\r\n<li>wiolonczelę</li>\r\n<li>saksofon</li>\r\n<li>śpiew klasyczny i rozrywkowy</li>\r\n<li>zajęcia muzyczne dla najmłodszych</li>\r\n</ul>\r\n<p><b>NASZE PROGRAMY</b></p>\r\n<p><b>dla dzieci</b> – Gordonki 0-2lat, indywidualne zajęcia umuzykalniające, nauka gry dla dzieci od 5 roku życia. Mamy także programy dla nastolatków od podstaw oraz dla chcących kontynuować.</p>\r\n<p><b>dla dorosłych</b> – specjalny program nauczania od podstaw, a także dla osób już grających.</p>\r\n<p><b>dla seniorów</b> – którzy chcieli grać, ale nie było czasu i możliwości oraz dla tych którzy chcieliby wrócić do grania.</p>\r\n<a href=\"/pl#oferta\"><b>ZOBACZ PEŁNĄ OFERTĘ</b></a>\r\n<p><b><u>Częste pytania</u></b></p>\r\n<p><b>Gdzie znajduje się szkoła?</b></p>\r\n<p>Zajęcia stacjonarne prowadzimy w secesyjnej kamienicy w centrum Warszawy – Aleje Jerozolimskie 53. A także online – zajęcia dostępne w całej Polsce oraz na świecie. Lekcje prowadzone są w przestronnych salach, każda 30-40m2 co pozwala zachować bezpieczny dystans. Jest duża poczekalnia dla rodziców. Do szkoły prowadzi winda, do której zmieści się wygodnie wózek. Dodatkowo mamy ochronę. Polecamy zobaczyć <a href=\"/pl#galeria\">zdjęcia szkoły</a></p>\r\n<p><b>W jakich godzinach odbywają się zajęcia?</b></p>\r\n<p>Szkoła jest czynna od poniedziałku do soboty w godzinach 6:00-22:00. Wszystkie terminy lekcji ustalamy indywidualnie, więc postaramy się znaleźć najlepszy czas dla Państwa.</p>\r\n<p><b>Czy  musze zapisać się na cały rok lub semestr?</b></p>\r\n<p>Nie! Pierwsza umowa jest tylko na 4 lekcje! To bardzo komfortowe rozwiązanie! Koszt małego pakietu startowego - 4 lekcje to 400zł</p>\r\n<p><b>Jak się zapisać?</b></p>\r\n<p>Należy zadzwonić 883 489 184 lub <a href=\"/pl#kontakt\">napisać</a> i zarezerwować miejsce w wybranej klasie. Po podpisaniu umowy i opłaceniu miejsce będzie na Państwa czekać.</p>\r\n<p><b>Czy muszę kupić instrument?</b></p>\r\n<p>Nie! W szkole mamy wszystkie instrumenty, duże i małe, więc przez pierwsze 4 lekcje nie potrzeba mieć własnego instrumentu i można spokojnie się upewnić co do wyboru instumentu. Istnieje możliwość wypożyczenia instrumentu.</p>\r\n<p><b>Czy można zapisać się do wybranego nauczyciela?</b></p>\r\n<p>Tak, ale każdy nauczyciel ma ograniczoną liczbę uczniów. Do każdej klasy możemy przyjąć nowych uczniów, ale pierwszeństwo mają osoby już uczące się u nas oraz ich rodzeństwo.</p>\r\n<p><b>Lekcje elastyczne we wrześniu</b></p>\r\n<p>W szkołach we wrześniu jest dużo zmian w planach lekcji dzieci w szkołach, więc dynamicznie układamy plan do możliwość ucznia.</p>\r\n<p><b>Czy mogę przyjść zobaczyć szkołę i porozmawiać o szczegółach?</b></p><p>\r\n</p><p>Oczywiście, serdecznie zapraszamy. Jednak ze względu na stan epidemii prosimy o umówienie się telefoniczne 883 489 184 na konkretny termin.</p>\r\n<p><b>Czy są w szkole obowiązkowe egzaminy i oceny?</b></p>\r\n<p></p>\r\n<p>Nie! Egzaminy powodują stres, z którym potem kojarzy się muzyka. A przecież muzyka pozwala uwolnić się od stresu i zrelaksować. Mamy wielu uczniów wyjątkowo wrażliwych, którzy poprzez sztukę chcą wyrazić swoje emocje. Sztuki nie można oceniać.</p>\r\n<p><b>Chcę, aby moje dziecko grało dla przyjemności. Nauka muzyki rozwija mózg i pomaga w koncentracji. Nie chcę, aby było zawodowym muzykiem.</b></p>\r\n<p>Oczywiście, nasi absolwenci pracują w różnych zawodach, są to lekarze, prawnicy, architekci. Ale nadal muzyka jest obecna w ich dorosłym życiu i pozwala im odpocząć. Program nauki jest opracowany na najwyższych standardach. Mamy także uczniów, którzy zdecydowali się na studia muzyczne, bo to ich pasja, ale to była ich indywidualna decyzja.</p>\r\n<p><b>Czy są dostępne rekomendacje?</b></p>\r\n<p>Ponieważ nasza szkoła istnieje prawie 25 lat to najlepszą rekomendacją są nasi pierwsi uczniowie, którzy wracają do nas ze swoimi dziećmi. Możecie Państwo zapoznać się z opiniami naszych uczniów oraz rodziców <a href=\"/pl#referencje\">tutaj</a>.</p>\r\n<p><b>Trwają już zapisy. Liczba miejsc ograniczona. Informacje 883 489 184</b></p>', 'Więcej', '/images/oferta/lato_3.jpg'),
(2, 2, 'WELCOME', 'Enrollment 2021', '<p> <b> We have started signing up for the new school year. </b> </p>\r\n<p> We answer the questions: </p>\r\n<ul class = \"text-left\">\r\n<li> How do I start learning at our school? </li>\r\n<li> Do I have to sign up for a full year or semester? </li>\r\n<li> Do I need to buy an instrument? </li>\r\n</ Ul>\r\n<p> All registration details can be found in the tab - more </p>', '<p> <b>Enrollment in our school is ongoing</b> </p>\r\n<p> <b> We invite you to: </b> </p>\r\n<ul>\r\n<li> Piano </li>\r\n<li> guitar </li>\r\n<li> ukulele </li>\r\n<li> cello </li>\r\n<li> saxophone </li>\r\n<li> classical and entertaining singing </li>\r\n<li> music classes for kids </li>\r\n</ ul>\r\n<p> <b> OUR PROGRAMS </b> </p>\r\n<p> <b> for children </b> - Gordonki 0-2 years old, individual music classes, learning to play for children from 5 years of age. We also have programs for teens from scratch and for those willing to continue. </p>\r\n<p> <b> for adults </b> - a special learning program from scratch, as well as for people already playing. </p>\r\n<p> <b> for seniors </b> - who wanted to play, but there was no time and opportunities, and for those who would like to play again. </p>\r\n<a href=\"/en#oferta\"> <b> SEE THE FULL OFFER </b> </a>\r\n<p><b> <u> Common Questions </u> </b> </p>\r\n<p> <b> Where is the school located? </b> </p>\r\n<p> We conduct classroom classes in an Art Nouveau tenement house in the center of Warsaw - Aleje Jerozolimskie 53. And also online - classes available all over Poland and around the world. Lessons are conducted in spacious rooms, each 30-40 m2, which allows you to keep a safe distance. There is a large waiting room for parents. There is an elevator to the school, which can comfortably fit a stroller. Additionally, we have protection. We recommend seeing <a href=\"/en#galeria\"> photos of the school </a> </p>\r\n<p> <b> What times are the classes? </b> </p>\r\n<p> The school is open from Monday to Saturday from 6:00 to 22:00. We arrange all lesson dates individually, so we will try to find the best time for you. </p>\r\n<p> <b> Do I have to sign up for a full year or semester? </b> </p>\r\n<P> No! The first contract is only for 4 lessons! It is a very comfortable solution! The cost of a small starter package - 4 lessons is PLN 400 </p>\r\n<p> <b> How to sign up? </b> </p>\r\n<p> Call 883 489 184 or <a href=\"/en#kontakt\"> write </a> and reserve a place in the chosen class. After signing the contract and paying for it, a place will be waiting for you. </p>\r\n<p> <b> Do I have to buy an instrument? </b> </p>\r\n<P> No! At school we have all the instruments, big and small, so for the first 4 lessons you don\'t need your own instrument and you can be sure which instrument to choose. The instrument is available for loan. </p>\r\n<p> <b> Is it possible to sign up with a selected teacher? </b> </p>\r\n<p> Yes, but each teacher has a limited number of students. We can accept new students to each class, but priority is given to those who are already studying with us and their siblings. </p>\r\n<p> <b> Flexible lessons in September </b> </p>\r\n<p> In schools in September, there are a lot of changes to the lesson plans of children in schools, so we dynamically arrange the plan for the possibility of the student. </p>\r\n<p> <b> Can I come see the school and talk about the details? </b> </p> <p>\r\n</p> <p> Of course, you are welcome. However, due to the state of the epidemic, please make an appointment by phone 883 489 184 for a specific date. </p>\r\n<p> <b> Are there compulsory examinations and grades at school? </b> </p>\r\n<p> </p>\r\n<p> No! The exams cause stress that is later associated with music. And yet music allows you to relieve stress and relax. We have many very sensitive students who want to express their emotions through art. Art cannot be judged. </p>\r\n<p> <b> I want my child to play for fun. Learning music develops your brain and helps you concentrate. I don\'t want him to be a professional musician. </b> </p>\r\n<p> Of course, our graduates work in various professions, they are doctors, lawyers, architects. But still music is present in their adult lives and allows them to rest. The learning program is developed to the highest standards. We also have students who decided to study music because it is their passion, but it was their individual decision. </p>\r\n<p> <b> Are recommendations available? </b> </p>\r\n<p> Since our school has existed for almost 25 years, the best recommendation are our first students who come back to us with their children. You can read the opinions of our students and parents <a href=\"/en#referencje\"> here </a>. </p>\r\n<p> <b> Writes are already in progress. The number of places is limited. Information 883 489 184 </b> </p>', 'More', '/images/oferta/lato_3.jpg'),
(3, 3, 'Chào mừng', 'Tuyển 2021', '<p> <b> Chúng tôi đã bắt đầu đăng ký cho năm học mới. </b> </p>\r\n<p> Chúng tôi trả lời các câu hỏi: </p>\r\n<ul class = \"text-left\">\r\n<li> Làm cách nào để bắt đầu học tại trường của chúng tôi? </li>\r\n<li> Tôi có phải đăng ký cả năm hay học kỳ không? </li>\r\n<li> Tôi có cần mua một nhạc cụ không? </li>\r\n</ Ul>\r\n<p> Tất cả chi tiết đăng ký có thể được tìm thấy trong tab - thêm </p>', '<p> <b>Việc ghi danh vào trường của chúng tôi đang diễn ra.</b> </p>\r\n<p> <b> Chúng tôi mời bạn: </b> </p>\r\n<ul>\r\n<li> piano </li>\r\n<li> ghi ta </li>\r\n<li> ukulele </li>\r\n<li> cello </li>\r\n<li> saxophone </li>\r\n<li> hát cổ điển và giải trí </li>\r\n<li> lớp học âm nhạc cho trẻ em </li>\r\n</ ul>\r\n<p> <b> CÁC CHƯƠNG TRÌNH CỦA CHÚNG TÔI </b> </p>\r\n<p> <b> dành cho trẻ em </b> - Gordonki 0-2 tuổi, lớp học âm nhạc cá nhân, học chơi cho trẻ em từ 5 tuổi. Chúng tôi cũng có các chương trình dành cho thanh thiếu niên từ đầu và cho những người sẵn sàng tiếp tục. </p>\r\n<p> <b> dành cho người lớn </b> - một chương trình học đặc biệt từ đầu, cũng như dành cho những người đã chơi. </p>\r\n<p> <b> dành cho người cao tuổi </b> - những người muốn chơi nhưng không có thời gian và cơ hội, và dành cho những người muốn chơi lại. </p>\r\n<a href=\"/vi#oferta\"> <b> XEM TOÀN BỘ ƯU ĐÃI </b> </a>\r\n<p> <b> <u> Các câu hỏi thường gặp </u> </b> </p>\r\n<p> <b> Trường nằm ở đâu? </b> </p>\r\n<p> Chúng tôi tổ chức các lớp học trên lớp trong một ngôi nhà chung cư theo trường phái Tân nghệ thuật ở trung tâm Warsaw - Aleje Jerozolimskie 53. Và cả trực tuyến - các lớp học có sẵn trên khắp Ba Lan và trên thế giới. Các bài học được thực hiện trong các phòng rộng rãi, mỗi phòng rộng 30-40 m2, cho phép bạn giữ khoảng cách an toàn. Có phòng chờ rộng cho phụ huynh. Có thang máy lên trường, có thể để xe đẩy thoải mái. Ngoài ra, chúng tôi có sự bảo vệ. Chúng tôi khuyên bạn nên xem <a href=\"/vi#galeria\"> ảnh về trường học </a> </p>\r\n<p> <b> Các lớp học là mấy giờ? </b> </p>\r\n<p> Trường mở cửa từ Thứ Hai đến Thứ Bảy, từ 6:00 đến 22:00. Chúng tôi sắp xếp tất cả các ngày học riêng, vì vậy chúng tôi sẽ cố gắng tìm ra thời gian thích hợp nhất cho bạn. </p>\r\n<p> <b> Tôi có phải đăng ký cả năm hay học kỳ không? </b> </p>\r\n<p> Không! Hợp đồng đầu tiên chỉ dành cho 4 buổi học! Đó là một giải pháp rất thoải mái! Chi phí của một gói bắt đầu nhỏ - 4 buổi học là 400 PLN </p>\r\n<p> <b> Làm thế nào để đăng ký? </b> </p>\r\n<p> Gọi 883 489 184 hoặc <a href=\"/vi#kontakt\"> viết </a> và đặt chỗ trong lớp đã chọn. Sau khi ký hợp đồng và thanh toán, một nơi sẽ chờ bạn. </p>\r\n<p> <b> Tôi có phải mua một nhạc cụ không? </b> </p>\r\n<p> Không! Ở trường chúng tôi có tất cả các nhạc cụ lớn nhỏ, vì vậy trong 4 buổi học đầu tiên, bạn không cần nhạc cụ của riêng mình và bạn có thể chắc chắn nên chọn nhạc cụ nào. Công cụ có sẵn để cho vay. </p>\r\n<p> <b> Có thể đăng ký với một giáo viên đã chọn không? </b> </p>\r\n<p> Có, nhưng mỗi giáo viên có một số lượng học sinh giới hạn. Chúng tôi có thể nhận học viên mới vào mỗi lớp, nhưng ưu tiên những bạn đã học cùng chúng tôi và anh chị em của họ. </p>\r\n<p> <b> Các buổi học linh hoạt trong tháng 9 </b> </p>\r\n<p> Trong tháng 9, giáo án của các em trong trường có nhiều thay đổi nên chúng tôi sẽ chủ động sắp xếp kế hoạch phù hợp với khả năng của học sinh. </p>\r\n<p> <b> Tôi có thể đến gặp trường và nói về chi tiết không? </b> </p> <p>\r\n</p> <p> Tất nhiên, bạn được chào đón. Tuy nhiên, do tình hình dịch bệnh, xin hẹn qua số điện thoại 883 489 184 để có ngày cụ thể. </p>\r\n<p> <b> Có các kỳ thi và điểm bắt buộc ở trường không? </b> </p>\r\n<p> </p>\r\n<p> Không! Các kỳ thi gây ra căng thẳng mà sau này liên quan đến âm nhạc. Và âm nhạc cho phép bạn giải tỏa căng thẳng và thư giãn. Chúng tôi có nhiều học sinh rất nhạy cảm muốn thể hiện cảm xúc của mình thông qua nghệ thuật. Nghệ thuật không thể được đánh giá. </p>\r\n<p> <b> Tôi muốn con tôi chơi cho vui. Học nhạc phát triển trí não của bạn và giúp bạn tập trung. Tôi không muốn anh ấy trở thành một nhạc sĩ chuyên nghiệp. </b> </p>\r\n<p> Tất nhiên, sinh viên tốt nghiệp của chúng tôi làm việc trong nhiều ngành nghề khác nhau, họ là bác sĩ, luật sư, kiến ​​trúc sư. Nhưng âm nhạc vẫn hiện diện trong cuộc sống trưởng thành của họ và cho phép họ nghỉ ngơi. Chương trình học được phát triển theo tiêu chuẩn cao nhất. Chúng tôi cũng có những sinh viên quyết định học nhạc vì đó là đam mê của họ, nhưng đó là quyết định của cá nhân họ. </p>\r\n<p> <b> Các đề xuất có sẵn không? </b> </p>\r\n<p> Vì trường của chúng tôi đã tồn tại gần 25 năm, chúng tôi khuyến nghị tốt nhất là những học sinh đầu tiên quay lại với chúng tôi cùng với con của họ. Bạn có thể đọc ý kiến ​​của học sinh và phụ huynh của chúng tôi <a href=\"/vi#referencje\"> tại đây </a>. </p>\r\n<p> <b> Đang viết. Số lượng nơi có hạn. Thông tin 883 489 184 </b> </p>', 'Kiểm tra', '/images/oferta/lato_3.jpg'),
(4, 4, '歡迎', '2021 年入學', '<p> <b>我們已經開始註冊新學年。</ b> </ p>\r\n<p>我們回答以下問題：</ p>\r\n<ul class =“ text-left”>\r\n<li>我如何開始在學校學習？</ li>\r\n<li>我必須註冊一個整年或一個學期嗎？</ li>\r\n<li>我需要購買樂器嗎？</ li>\r\n</ Ul>\r\n<p>所有註冊詳細信息都可以在標籤中找到-更多</ p>', '<p> <b>我們學校正在招生中。</ b> </ p>\r\n<p> <b>我們邀請您：</ b> </ p>\r\n<ul>\r\n<li>鋼琴</ li>\r\n<li>吉他</ li>\r\n<li>夏威夷四弦琴</ li>\r\n<li>大提琴</ li>\r\n<li>薩克斯風</ li>\r\n<li>古典娛樂歌曲</ li>\r\n<li>兒童音樂課</ li>\r\n</ ul>\r\n<p> <b>我們的計劃</ b> </ p>\r\n<p> <b>兒童</ b>-戈登基0-2歲，個人音​​樂課，學習為5歲以下的孩子演奏。我們也為從頭開始的青少年以及願意繼續學習的青少年提供程序。 </ p>\r\n<p> <b>成人</ b>-從零開始的新的學習程序，以及已經玩過遊戲的人。 </ p>\r\n<p> <b>老年人</ b>-想要玩的人，但沒有時間和機會，對於想再次玩的人也沒有機會。 </ p>\r\n<a href=\"/zh#oferta\"> <b>查看全部報價</ b> </a>\r\n<p> <b> <u>常見問題</ u> </ b> </ p>\r\n<p> <b>學校在哪裡？ </ b> </ p>\r\n<p>我們在華沙市中心一間新藝術風格的公寓大樓內進行課堂教學-Aleje Jerozolimskie53。並且在線授課-遍及波蘭和世界各地。在寬敞的房間中進行授課，每個房間30至40平方米，可讓您保持安全距離。父母有一個大的等候室。學校有一部電梯，可以舒適地放置嬰兒車。此外，我們有保護措施。我們建議您查看<a href=\"/zh#galeria\">學校的照片</a> </ p>\r\n<p> <b>什麼時候上課？ </ b> </ p>\r\n<p>學校的開放時間為星期一至星期六6:00至22:00。我們會分別安排所有課程的日期，因此我們將盡力為您找到最佳時間。 </ p>\r\n<p> <b>我必須註冊一個整年或一個學期嗎？ </ b> </ p>\r\n<P>不！第一份合同只有4節課！這是一個非常舒適的解決方案！小型入門包的成本-4節課為400茲羅提</ p>\r\n<p> <b>如何註冊？ </ b> </ p>\r\n<p>致電883 489 184或<a href=\"/zh#kontakt\">編寫</a>並在所選班級中保留一個位置。簽訂合同並付款後，一個地方將等您。 </ p>\r\n<p> <b>我必須購買樂器嗎？ </ b> </ p>\r\n<P>不！在學校，我們擁有各種大小的樂器，因此在前4課中，您不需要自己的樂器，您可以確定要選擇哪種樂器。該工具可供借用。 </ p>\r\n<p> <b>是否可以與選定的老師註冊？ </ b> </ p>\r\n<p>是的，但是每個老師的學生人數都是有限的。我們可以接受每個班級的新學生，但已經在我們和他們的兄弟姐妹中學習的人優先。 </ p>\r\n<p> <b> 9月的靈活課程</ b> </ p>\r\n<p>在9月份的學校中，學校兒童課程計劃有很多更改，因此我們會根據學生的情況動態安排計劃。 </ p>\r\n<p> <b>我可以來看學校並談論細節嗎？ </ b> </ p> <p>\r\n</ p> <p>當然，歡迎您。但是，由於流行病的原因，請通過電話883 489 184預約一個特定的日期。 </ p>\r\n<p> <b>學校有義務考試和成績嗎？ </ b> </ p>\r\n<p> </ p>\r\n<p>不！考試引起的壓力後來與音樂有關。音樂卻可以減輕壓力並放鬆身心。我們有很多非常敏感的學生想通過藝術表達自己的情感。藝術無法判斷。 </ p>\r\n<p> <b>我希望我的孩子玩得開心。學習音樂可以發展您的大腦並幫助您集中精力。我不希望他成為專業音樂家。 </ b> </ p>\r\n<p>當然，我們的畢業生從事各種專業，他們是醫生，律師，建築師。但是音樂仍然存在於他們的成年生活中，並使他們能夠休息。學習程序是按照最高標准開發的。我們還有一些學生決定學習音樂，因為這是他們的激情，但這是他們的個人決定。 </ p>\r\n<p> <b>是否有建議？ </ b> </ p>\r\n<p>由於我們學校已有25年的歷史，因此最好的建議是我們的第一批學生帶著孩子回到我們身邊。您可以<a href=\"/zh#referencje\">在此處</a>閱讀我們的學生和家長的意見。 </ p>\r\n<p> <b>寫入已在進行中。名額有限。信息883489184 </ b> </ p>', '檢查', '/images/oferta/lato_3.jpg');

-- --------------------------------------------------------

--
-- Struktura tabeli dla tabeli `menu`
--

CREATE TABLE `menu` (
  `id` int(10) UNSIGNED NOT NULL,
  `code` varchar(255) NOT NULL,
  `sort_index` int(11) NOT NULL
) ENGINE=InnoDB DEFAULT CHARSET=utf8mb4;

--
-- Zrzut danych tabeli `menu`
--

INSERT INTO `menu` (`id`, `code`, `sort_index`) VALUES
(1, 'banner', 1),
(2, 'o-szkole', 2),
(3, 'oferta', 3),
(4, 'oferta-sezonowa-2', 4),
(5, 'galeria', 5),
(6, 'nauczyciele', 6),
(7, 'referencje', 7),
(8, 'kontakt', 8);

-- --------------------------------------------------------

--
-- Struktura tabeli dla tabeli `menu_translation`
--

CREATE TABLE `menu_translation` (
  `id` int(10) UNSIGNED NOT NULL,
  `languages_id` int(10) UNSIGNED NOT NULL,
  `menu_id` int(10) UNSIGNED NOT NULL,
  `nav_link` varchar(255) NOT NULL
) ENGINE=InnoDB DEFAULT CHARSET=utf8mb4;

--
-- Zrzut danych tabeli `menu_translation`
--

INSERT INTO `menu_translation` (`id`, `languages_id`, `menu_id`, `nav_link`) VALUES
(1, 1, 1, 'Home'),
(2, 1, 2, 'O szkole'),
(3, 1, 3, 'Oferta'),
(4, 1, 4, 'Vouchery'),
(5, 1, 5, 'Galeria'),
(6, 1, 6, 'Nauczyciele'),
(7, 1, 7, 'Referencje'),
(8, 1, 8, 'Kontakt'),
(9, 2, 1, 'Home'),
(10, 2, 2, 'School'),
(11, 2, 3, 'Programmes'),
(12, 2, 4, 'Voucher'),
(13, 2, 5, 'Gallery'),
(14, 2, 6, 'Teachers'),
(15, 2, 7, '	\nReferences'),
(16, 2, 8, 'Contact us'),
(17, 3, 1, 'Trang chủ'),
(18, 3, 2, 'Về trường học'),
(19, 3, 3, 'Gói hàng giới thiệu'),
(20, 3, 4, 'Phiếu thưởng'),
(21, 3, 5, 'Trưng bày'),
(22, 3, 6, 'Giáo viên'),
(23, 3, 7, 'Lời khen giới thiệu'),
(24, 3, 8, 'Liên lạc'),
(25, 4, 1, '主页'),
(26, 4, 2, '学校简介'),
(27, 4, 3, '课程开设'),
(28, 4, 4, '憑證'),
(29, 4, 5, '艺术展示'),
(30, 4, 6, '教师风采'),
(31, 4, 7, '他人荐语'),
(32, 4, 8, '联系我们');

-- --------------------------------------------------------

--
-- Struktura tabeli dla tabeli `offer`
--

CREATE TABLE `offer` (
  `id` int(10) UNSIGNED NOT NULL,
  `courses_id` int(10) UNSIGNED NOT NULL,
  `category_id` int(10) UNSIGNED NOT NULL,
  `sort_index` int(10) UNSIGNED NOT NULL,
  `code` varchar(255) NOT NULL
) ENGINE=InnoDB DEFAULT CHARSET=utf8mb4;

--
-- Zrzut danych tabeli `offer`
--

INSERT INTO `offer` (`id`, `courses_id`, `category_id`, `sort_index`, `code`) VALUES
(4, 4, 1, 4, 'dzieci | dla dzieci - fortepian'),
(5, 5, 1, 5, 'dzieci | dla dzieci - śpiew'),
(6, 6, 1, 6, 'dzieci | dla dzieci - gitara'),
(7, 7, 1, 7, 'dzieci | dla dzieci - wiolonczela'),
(8, 8, 1, 8, 'dzieci | dla dzieci - saksofon'),
(10, 10, 2, 1, 'dorośli | dla dorosłych - fortepian'),
(11, 11, 2, 2, 'dorośli | dla dorosłych - śpiew'),
(12, 12, 2, 3, 'dorośli | dla dorosłych - gitara'),
(13, 13, 2, 4, 'dorośli | dla dorosłych - wiolonczela'),
(14, 14, 2, 5, 'dorośli | dla dorosłych - saksofon'),
(15, 15, 2, 6, 'dorośli | dla dorosłych - zespół'),
(16, 16, 2, 7, 'dorośli | dla dorosłych - retoryka'),
(17, 17, 2, 8, 'dorośli | dla dorosłych - musicfulness'),
(18, 18, 2, 9, 'dorośli | dla dorosłych - meloman'),
(19, 10, 3, 1, 'seniorzy | dla dorosłych - fortepian'),
(20, 11, 3, 2, 'seniorzy | dla dorosłych - śpiew'),
(21, 12, 3, 3, 'seniorzy | dla dorosłych - gitara'),
(22, 13, 3, 4, 'seniorzy | dla dorosłych - wiolonczela'),
(23, 14, 3, 5, 'seniorzy | dla dorosłych - saksofon'),
(24, 15, 3, 6, 'seniorzy | dla dorosłych - zespół'),
(25, 16, 3, 7, 'seniorzy | dla dorosłych - retoryka'),
(26, 17, 3, 8, 'seniorzy | dla dorosłych - musicfulness'),
(27, 18, 3, 9, 'seniorzy | dla dorosłych - meloman'),
(33, 17, 1, 3, 'dzieci | dla dorosłych - musicfulness'),
(36, 22, 2, 0, 'dorośli | dla dorosłych - teatr'),
(37, 23, 1, 0, 'dzieci | dla dzieci - sensoryka'),
(41, 2, 8, 0, '0-3 | dla dzieci - gordonki'),
(42, 23, 8, 0, '0-3 | dla dzieci - sensoryka'),
(43, 24, 8, 0, '0-3 | dla dzieci - babyenglish'),
(44, 21, 9, 0, '3-5 | dla dzieci - teatr'),
(45, 3, 9, 0, '3-5 | dla dzieci - logopedia'),
(46, 9, 9, 0, '3-5 | dla dzieci - umuzykalnienie'),
(48, 25, 9, 0, '3-5 | dla dzieci - englishfun'),
(49, 23, 9, 0, '3-5 | dla dzieci - sensoryka'),
(50, 1, 9, 0, '3-5 | dla dzieci - logorytmika'),
(51, 4, 10, 0, 'młodzież | dla dzieci - fortepian'),
(52, 5, 10, 0, 'młodzież | dla dzieci - śpiew'),
(53, 6, 10, 0, 'młodzież | dla dzieci - gitara'),
(54, 7, 10, 0, 'młodzież | dla dzieci - wiolonczela'),
(55, 8, 10, 0, 'młodzież | dla dzieci - saksofon'),
(56, 17, 10, 0, 'młodzież | dla dorosłych - musicfulness');

-- --------------------------------------------------------

--
-- Struktura tabeli dla tabeli `offer_special`
--

CREATE TABLE `offer_special` (
  `id` int(10) UNSIGNED NOT NULL,
  `languages_id` int(10) UNSIGNED NOT NULL,
  `code` varchar(255) NOT NULL,
  `url` varchar(255) NOT NULL,
  `long_desc` varchar(5000) NOT NULL,
  `heading_3` varchar(255) NOT NULL,
  `heading_2` varchar(255) NOT NULL,
  `img` varchar(255) NOT NULL
) ENGINE=InnoDB DEFAULT CHARSET=utf8mb4;

--
-- Zrzut danych tabeli `offer_special`
--

INSERT INTO `offer_special` (`id`, `languages_id`, `code`, `url`, `long_desc`, `heading_3`, `heading_2`, `img`) VALUES
(1, 1, 'saksofon', 'https://www.konwersatoriummuzyczne.pl/offer/special/pl/1', '<p>Zawsze chciałaś spróbować grać? Nie było czasu, możliwości? Spełnij marzenia i zacznij grać! Zapraszamy 27 marca 2021 na wyjątkowy dzień otwarty dla dorosłych.</p>\r\n<p><b>ZAPEWNIAMY INSTRUMENT</b></p>\r\n<p>Mamy specjalny program dla osób dorosłych, od podstaw, które wcześniej nigdy nie grały. W ramach warsztatów, odbędą się indywidualne lekcje gry na saksofonie. Tego dnia każdy chętna osoba będzie mogła spróbować zagrać na tym niezwykłym instrumencie.</p>\r\n<p>Zajęcia odbywają się w centrum Warszawy. Przestronne sale 30m2 pozwalają zachować bezpieczny dystans.</p>\r\n<p><b>ILOŚĆ MIEJSC OGRANICZONA</b></p>\r\n<p>Jak to zrobić? To proste!</p>\r\n<ol>\r\n<li>napisz <a href=\"mailto:sekretariat@konwersatoriummuzyczne.pl\">sekretariat@konwersatoriummuzyczne.pl</a> lub zadzwoń 883 489 184</li>\r\n<li>kup 1 lekcję i wybierz godzinę</li>\r\n<li>ciesz się muzyką!</li>\r\n</ol>\r\n<p>Cena lekcji: 59zł</p>\r\n<p>Zrób coś dla siebie, spełnij marzenia</p>', 'Warsztaty', 'Saksofon dla dorosłych od podstaw', '/images/oferta-specjalne/saksofon.jpg'),
(2, 1, 'Gitara online dla dorosłych od podstaw', 'https://www.konwersatoriummuzyczne.pl/offer/special/pl/2', '<p>Zawsze chciałeś spróbować grać? Nie było czasu, możliwości? Spełnij marzenia i zacznij grać! Zapraszamy na wyjątkowy tydzień otwarty dla dorosłych 01-06.03.2021</p>\r\n<p>Mamy specjalny program dla osób dorosłych, od podstaw, które wcześniej nigdy nie grały. W ramach warsztatów, odbędą się indywidualne lekcje gry na gitarze na platformie Zoom. Każda chętna osoba będzie mogła spróbować. </p>\r\n<p>Zajęcia prowadzone są z Warszawy. Lekcje online to skuteczna i bezpieczna forma zajęć.</p>\r\n<p><b>ILOŚĆ MIEJSC OGRANICZONA</b></p>\r\n<p>Jak to zrobić? To proste!</p>\r\n<ol>\r\n    <li>napisz <a href=\"mailto:sekretariat@konwersatoriummuzyczne.pl\">sekretariat@konwersatoriummuzyczne.pl</a> lub zadzwoń 883 489 184</li>\r\n    <li>kup 1 lekcję i wybierz godzinę</li>\r\n    <li>ciesz się muzyką!</li>\r\n</ol>\r\n<p>Cena lekcji: 39zł</p>\r\n<p>Zrób coś dla siebie, spełnij marzenia</p>\r\n', 'Warsztaty', 'Gitara online dla dorosłych od podstaw', '/images/oferta-specjalne/gitara.jpg'),
(3, 1, 'Gitara dla dorosłych od podstaw', 'https://www.konwersatoriummuzyczne.pl/offer/special/pl/3', '<p>Zawsze chciałeś grać? Nie był czasu i możliwości? Spełnij marzenia i zacznij grać!</p>\r\n<p>Zapraszamy 22-27 lutego 2021 na specjalny otwarty tydzień dla dorosłych.</p>\r\n<p>Mamy specjalny program dla dorosłych, którzy wcześniej nie uczyli się grać. Zapraszamy na indywidualne lekcje gitary na platformie Zoom.</p>\r\n<p><b>LEKCJE NA ŻYWO, INDYWIDUALNE, TAKŻE OD PODSTAW!</b></p>\r\n<p>Jak to zrobić? To proste!</p>\r\n    <ol>\r\n        <li><a href=\"mailto:sekretariat@konwersatoriummuzyczne.pl\">Zapisz się!</a> Albo napisz <a href=\"mailto:sekretariat@konwersatoriummuzyczne.pl\">sekretariat@konwersatoriummuzyczne.pl</a></li>\r\n        <li>Kup 1 lekcje</li>\r\n        <li>Wybierz termin i godzinę lekcji</li>\r\n    </ol>\r\n<p><b>Specjalna cena – 1 lekcja 39zł</b></p>\r\n<p>Zrób coś dla siebie, spełnij marzenia! Lekcje online są efektywne i bezpieczne. Prosto z Warszawy do Twojego domu!</p>\r\n', 'Warsztaty', 'Gitara dla dorosłych od podstaw', '/images/oferta-specjalne/gitara.jpg'),
(4, 1, 'saksofon Saxholder', 'https://www.konwersatoriummuzyczne.pl/offer/special/pl/4', '<p>Lubisz grać? Saksofon to Twoja pasja? Spróbuj komfortowego rozwiązania, które odciąża szyję – SaxHolder może być Twój! Zapraszamy w sobotę 27 lutego 2021 na wyjątkowy dzień otwarty dla dorosłych.</p>\r\n<p><b>ZAPEWNIAMY INSTRUMENT, a SaxHolder otrzymasz GRATIS!</b></p>\r\n<p>Mamy specjalny program dla osób dorosłych, które już trochę grają i chciałyby pogłębić wiedzę pod okiem doświadczonego nauczyciela. W naszej szkole uczymy improwizacji na saksofonie, jazzu, bluesa, salsy oraz oczywiście klasyki. W ramach warsztatów, odbędą się indywidualne lekcje gry na saksofonie. Tego dnia każdy chętna osoba będzie mogła spróbować zagrać na tym niezwykłym instrumencie, poznać nauczyciela i zobaczyć jak wyglądają lekcje w naszej szkole. Zajęcia odbywają się w centrum Warszawy. Przestronne sale 30m2 pozwalają zachować bezpieczny dystans.</p>\r\n<p><b>ILOŚĆ MIEJSC ORANICZONA</b></p>\r\n<p>Jak to zrobić? To proste!</p>\r\n<ol>\r\n    <li>napisz <a href=\"mailto:sekretariat@konwersatoriummuzyczne.pl\">sekretariat@konwersatoriummuzyczne.pl</a> lub zadzwoń 883 489 184</li>\r\n    <li>kup 1 lekcję i wybierz godzinę</li>\r\n    <li>ciesz się muzyką!</li>\r\n</ol>\r\n<p>Cena lekcji: 149zł*</p>\r\n<p>*SaxHolder otrzymają Państwo GRATIS</p>\r\n<p>Zrób coś dla siebie, spełnij marzenia</p>\r\n', 'Warsztaty', 'Lekcja saksofonu dla dorosłych + Saxholder GRATIS!', '/images/oferta-specjalne/saksofon_saxholder.jpg'),
(5, 1, 'Śpiew dla dorosłych od podstaw', 'https://www.konwersatoriummuzyczne.pl/offer/special/pl/5', '<p>Zawsze chciałaś śpiewać? Nie było czasu, możliwości?</p>\r\n<p><b>Spełnij marzenia i uwolnij swój głos!</b></p>\r\n<p>Zapraszamy w czwartek 25 lutego 2021 na wyjątkowy dzień otwarty dla dorosłych.</p>\r\n<p>Mamy specjalny program dla osób dorosłych, od podstaw, które wcześniej nigdy nie śpiewały. W ramach warsztatów, odbędą się indywidualne lekcje śpiewu. Tego dnia każdy chętna osoba będzie mogła spróbować zaśpiewać pod okiem nauczyciela i poznać nasze metody pracy. Prowadzimy naukę śpiewu klasycznego, rozrywkowego, musicalowego oraz emisję głosu.</p>\r\n<p>Zajęcia odbywają się w centrum Warszawy. Przestronne sale 30m2 pozwalają zachować bezpieczny dystans.</p>\r\n<p><b>ILOŚĆ MIEJSC OGRANICZONA</b></p>\r\n<p>Jak to zrobić? To proste!</p>\r\n<ol>\r\n    <li>Zapisz się! napisz <a href=\"mailto:sekretariat@konwersatoriummuzyczne.pl\">sekretariat@konwersatoriummuzyczne.pl</a> lub zadzwoń 883 489 184</li>\r\n    <li>kup 1 lekcję i wybierz godzinę</li>\r\n    <li>ciesz się muzyką!</li>\r\n</ol>\r\n<p>Cena lekcji: 59zł</p>\r\n<p>Zrób coś dla siebie, spełnij marzenia</p>', 'Warsztaty', 'Śpiew dla dorosłych od podstaw', '/images/oferta-specjalne/spiew.jpg'),
(6, 1, 'Ukulele dla dzieci od podstaw', 'https://www.konwersatoriummuzyczne.pl/offer/special/pl/6', '<p>Twoje dziecko lubi muzykę? Ukulele? Podaruj radość grania! Zapraszamy w sobotę 20 lutego 2021 na wyjątkowy dzień otwarty dla dzieci, już od 5 roku życia.</p>\r\n<p><b>ZAPEWNIAMY INSTRUMENTY</b></p>\r\n<p>Mamy specjalny program dla dzieci, od podstaw, które wcześniej nigdy nie grały. W ramach warsztatów, odbędą się indywidualne lekcje gry na ukulele. Tego dnia każde dziecko będzie mogło spróbować zagrać na tym niezwykłym malutkim instrumencie, w którym kryją się ogromne możliwości.</p>\r\n<p>Zajęcia odbywają się w centrum Warszawy. Przestronne sale 30m2 pozwalają zachować bezpieczny dystans.</p>\r\n<p><b>ILOŚĆ MIEJSC OGRANICZONA</b></p>\r\n<p>Jak to zrobić? To proste!</p>\r\n<ol>\r\n    <li>napisz lub zadzwoń</li>\r\n    <li>kup 1 lekcję i wybierz godzinę</li>\r\n    <li>ciesz się muzyką!</li>\r\n</ol>\r\n<p>Podaruj dziecku muzykę, podaruj emocje!</p>\r\n<p>Cena lekcji: 39zł</p>\r\n<p><b>Nie czekaj, zadzwoń już dziś</b> 883 489 184<br>\r\n    lub napisz: <a href=\"mailto:sekretariat@konwersatoriummuzyczne.pl\">sekretariat@konwersatoriummuzyczne.pl</a>\r\n</p>', 'Warsztaty', 'Ukulele dla dzieci od podstaw', '/images/oferta-specjalne/ukulele.jpg'),
(7, 2, 'Online guitar classes for adults from scratch - wersja 1', 'https://www.konwersatoriummuzyczne.pl/offer/special/en/7', '<p>Have you always wanted to play? There was no time, no possibilities? Make your dreams come true and start learning! Come to a special open week on February 8-13, 2021.</p>\r\n<p>We have a special program for adults who never played before. There will be individual guitar lessons via Zoom available to you and others interested.</p>\r\n<p><b>LIVE, INDIVIDUAL CLASSES, also from scratch!</b></p>\r\n<p>How to do it? It is easy!</p>\r\n<ol>\r\n    <li><a href=\"mailto:onlineclasses@konwersatoriummuzyczne.pl\">Sign up!</a> Write an email <a href=\"mailto:onlineclasses@konwersatoriummuzyczne.pl\">onlineclasses@konwersatoriummuzyczne.pl</a></li>\r\n    <li>Buy 1 lesson</li>\r\n    <li>Choose a time</li>\r\n</ol>\r\n<p>Do something for yourself, make your dreams come true! Online classes are an effective and safe form of learning.</p>\r\n<p><b>A special price for you - one lesson for €25! Only now!</b></p>\r\n<p>You can choose other currencies- AUD, CAD, CHF, DKK, EUR, GBP, NOK, SEK, USD.</p>\r\n<p>Lessons are available in English</p>', 'Workshops', 'Online guitar classes for adults from scratch', '/images/oferta-specjalne/en_gitara.jpg'),
(8, 2, 'Online guitar classes for adults from scratch - wersja 2', 'https://www.konwersatoriummuzyczne.pl/offer/special/en/8', '<p>Have you always wanted to play? There was no time, no possibilities? Make your dreams come true and start learning! Come to a special open week on February 15-20, 2021.</p>\r\n<p>We have a special program for adults who never played before. There will be individual guitar lessons via Zoom available to you and others interested.</p>\r\n<p><b>LIVE, INDIVIDUAL CLASSES, also from scratch!</b></p>\r\n<p>How to do it? It is easy!</p>\r\n<ol>\r\n    <li><a href=\"mailto:onlineclasses@konwersatoriummuzyczne.pl\">Sign up!</a> Write an email <a href=\"mailto:onlineclasses@konwersatoriummuzyczne.pl\">onlineclasses@konwersatoriummuzyczne.pl</a></li>\r\n    <li>Buy 1 lesson</li>\r\n    <li>Choose a time</li>\r\n</ol>\r\n<p>Do something for yourself, make your dreams come true! Online classes are an effective and safe form of learning.</p>\r\n<p><b>A special price for you - one lesson for €25! Only now!</b></p>\r\n<p>You can choose other currencies- AUD, CAD, CHF, DKK, EUR, GBP, NOK, SEK, USD.</p>\r\n<p>Lessons are available in English</p>', 'Workshops', 'Online guitar classes for adults from scratch', '/images/oferta-specjalne/en_gitara.jpg'),
(9, 2, 'Online guitar classes for adults from scratch - wersja 3', 'https://www.konwersatoriummuzyczne.pl/offer/special/en/9', '<p>Have you always wanted to play? There was no time, no possibilities? Make your dreams come true and start learning!</p>\r\n<p>We have a special program for adults who never played before. There will be individual guitar lessons via Zoom available to you and others interested.</p>\r\n<p><b>LIVE, INDIVIDUAL CLASSES, also from scratch!</b></p>\r\n<p>How to do it? It is easy!</p>\r\n<ol>\r\n    <li>Sign up! Write an email <a href=\"mailto:onlineclasses@konwersatoriummuzyczne.pl\">onlineclasses@konwersatoriummuzyczne.pl</a></li>\r\n    <li>Buy 1 lesson</li>\r\n    <li>Choose a time</li>\r\n</ol>\r\n<p>Do something for yourself, make your dreams come true! Online classes are an effective and safe form of learning.</p>\r\n<p><b>A special price for you - one lesson for €25! Only now!</b></p>\r\n<p>You can choose other currencies- AUD, CAD, CHF, DKK, EUR, GBP, NOK, SEK, USD.</p>\r\n<p>Lessons are available in English</p>', 'Workshops', 'Online guitar classes for adults from scratch', '/images/oferta-specjalne/en_gitara.jpg'),
(10, 2, 'Online guitar classes for adults from scratch - CHF versja 1', 'https://www.konwersatoriummuzyczne.pl/offer/special/en/10', '<p>Have you always wanted to play? There was no time, no possibilities? Make your dreams come true and start learning!</p>\r\n<p>We have a special program for adults who never played before. There will be individual guitar lessons via Zoom available to you and others interested.</p>\r\n<p><b>LIVE, INDIVIDUAL CLASSES, also from scratch!</b></p>\r\n<p>How to do it? It is easy!</p>\r\n<ol>\r\n    <li>Sign up! Write an email <a href=\"mailto:onlineclasses@konwersatoriummuzyczne.pl\">onlineclasses@konwersatoriummuzyczne.pl</a></li>\r\n    <li>Buy 1 lesson</li>\r\n    <li>Choose a time</li>\r\n</ol>\r\n<p>Do something for yourself, make your dreams come true! Online classes are an effective and safe form of learning.</p>\r\n<p><b>A special price for you - one lesson for 29CHF! Only now!</b></p>\r\n<p>You can choose other currencies- AUD, CAD, CHF, DKK, EUR, GBP, NOK, SEK, USD.</p>\r\n<p>Lessons are available in English</p>', 'Workshops', 'Online guitar classes for adults from scratch', '/images/oferta-specjalne/en_gitara.jpg'),
(11, 2, 'Online guitar classes for adults from scratch - CHF versja 2', 'https://www.konwersatoriummuzyczne.pl/offer/special/en/11', '<p>Have you always wanted to play? There was no time, no possibilities? Make your dreams come true and start learning!</p>\r\n<p>We have a special program for adults who never played before. There will be individual guitar lessons via Zoom available to you and others interested.</p>\r\n<p><b>LIVE, INDIVIDUAL CLASSES, also from scratch!</b></p>\r\n<p>How to do it? It is easy!</p>\r\n<ol>\r\n    <li>Sign up! Write an email <a href=\"mailto:onlineclasses@konwersatoriummuzyczne.pl\">onlineclasses@konwersatoriummuzyczne.pl</a></li>\r\n    <li>Buy 1 lesson</li>\r\n    <li>Choose a time</li>\r\n</ol>\r\n<p>Do something for yourself, make your dreams come true! Online classes are an effective and safe form of learning.</p>\r\n<p><b>A special price for you - one lesson for 99CHF! Only now!</b></p>\r\n<p>You can choose other currencies- AUD, CAD, CHF, DKK, EUR, GBP, NOK, SEK, USD.</p>\r\n<p>Lessons are available in English</p>', 'Workshops', 'Online guitar classes for adults from scratch', '/images/oferta-specjalne/en_gitara.jpg'),
(12, 1, 'Walentynki', 'https://www.konwersatoriummuzyczne.pl/offer/special/pl/12', '<p>W Walentynki podaruj Ukochanemu wyjątkowy prezent – lekcje gitary. Muzyka i miłość to emocje. Zapraszamy 13 lutego 2021 na wyjątkowy walentynkowo-gitarowy dzień.</p>\r\n<p><b>ZAPEWNIAMY INSTRUMENTY</b><br>Gitara klasyczna, elektryczna i ukulele.</p>\r\n<p>Mamy specjalny program dla osób dorosłych, które zawsze marzyły, aby grać ale zabrakło czasu oraz dla osób zaawansowanych. Zajęcia są indywidualne w centrum Warszawy. Przestronne sale 30m2 pozwalają zachować bezpieczny dystans.</p>\r\n<p>Jak to zrobić? To proste!</p>\r\n<ol>\r\n    <li>napisz lub zadzwoń</li>\r\n    <li>kup 1 lekcję i wybierz godzinę</li>\r\n    <li>otrzymasz mejlem elegancki voucher Walentynkowy.</li>\r\n</ol>\r\n<p>Podaruj emocje, podaruj muzykę.</p>\r\n<p>Cena: 99zł/ lekcja 50 minut</p>\r\n<p><b>Nie czekaj, zadzwoń już dziś</b> 883 489 184<br>\r\n    lub napisz: <a href=\"mailto:sekretariat@konwersatoriummuzyczne.pl\">sekretariat@konwersatoriummuzyczne.pl</a>\r\n</p>\r\n<p>Zobacz 2 minutowy film o naszej klasie gitary na YouTube</p>\r\n<div class=\"wow fadeInUp\" data-wow-delay=\"0.4s\">\r\n    <div class=\"iframe-container\">\r\n        <iframe src=\"https://www.youtube.com/embed/i9VzaYrRTWo?&rel=0\" frameborder=\"0\" allow=\"accelerometer; autoplay; encrypted-media; gyroscope; picture-in-picture\" allowfullscreen></iframe>\r\n    </div>\r\n</div>', 'Walentynkowy Prezent', 'Lekcja gitary', '/images/oferta-specjalne/valentinesday_1.jpg'),
(14, 1, 'Gitara do domu', 'https://www.konwersatoriummuzyczne.pl/offer/special/pl/14', '<p><a href=\" https://youtu.be/i9VzaYrRTWo \" target=\"_blank\"> Zobacz 2 minutowy film o naszej klasie gitary na YT</a></p>\r\n<p>Nasza szkoła oferuje specjalny program dla dzieci i dorosłych, którzy chcieliby spełnić marzenie i rozpocząć naukę od podstaw oraz dla już grających.</p>\r\n<p>NIE MUSISZ MIEĆ SWOJEGO INSTRUMENTU! Tylko u nas nie trzeba mieć swojego instrumentu. W pakiecie wraz z lekcjami jest instrument gitara, na własność dla Państwa, którą dostarcza kurier pod same drzwi domu!</p>\r\n<p>Wszystkie lekcje są INDYWIDUALNE, na żywo w centrum Warszawy oraz online! Od poniedziałku do soboty w godzinach 9:00-22:00!</p>\r\n<p>Mamy specjalnie przygotowany program dla osób dorosłych, które chcą rozpocząć przygodę z muzyką od podstaw – m.in. tematy z dzieł klasycznych, muzyka filmowa, jazz.</p>\r\n<p>Nasi nauczyciele, absolwenci Akademii Muzycznych, mają innowacyjne i skutecznie metody, wprowadzają w fascynujący świat muzyki z pasją, bez stresu. GWARANTUJEMY DOŚWIADCZENIE, bo nasza szkoła istnieje w Warszawie już 25 lat!</p>\r\n<p><b>PAKIET GITARA obejmuje:</b></p>\r\n<p>- 1 gitarę klasyczną - rozmiar dostosowujemy do ucznia dziecka lub osoby dorosłej</p>\r\n<p>- 4 indywidualne lekcje z nauczycielem</p>\r\n<p>Koszt całości 790zł wraz z dostawą instrumentu kurierem do domu, na terenie Polski.</p>\r\n<p><b>PAKIET UKULELE obejmuje:</b></p>\r\n<p>- 1 ukulele sopranowe</p>\r\n<p>- 4 indywidualne lekcje z nauczycielem</p>\r\n<p>Koszt całości 490zł wraz z dostawą instrumentu kurierem do domu, na terenie Polski.</p>\r\n<p>Terminy zajęć są ustalane indywidualnie</p> \r\n<p><b>TO ZNAKOMITY POMYSŁ NA PREZENT!</b></p>\r\n<p>Lekcje online odbywają się na platformie Zoom lub przez Skype.</p>\r\n<p>ILOŚĆ MIEJSC OGRANICZONA</p>\r\n<p><b>Nie czekaj, zadzwoń już dziś</b> 883 489 184<br>\r\n    lub napisz: <a href=\"mailto:sekretariat@konwersatoriummuzyczne.pl\">sekretariat@konwersatoriummuzyczne.pl</a> i zacznij grać!</p>', 'Specjalna oferta', 'SUPER PAKIET gitara/ukulele + lekcje', '/images/oferta-specjalne/gitaradodomu.jpg'),
(15, 1, 'Wiolonczela dla dorosłych od podstaw', 'https://www.konwersatoriummuzyczne.pl/offer/special/pl/15', '<p>Zawsze chciałaś spróbować grać? Nie było czasu, możliwości? Spełnij marzenia i zacznij grać! Zapraszamy 17 kwietnia 2021 na wyjątkowy dzień otwarty dla dorosłych.</p>\r\n<p><b>ZAPEWNIAMY INSTRUMENT</b></p>\r\n<p>Mamy specjalny program dla osób dorosłych, od podstaw, które wcześniej nigdy nie grały. W ramach warsztatów, odbędą się indywidualne lekcje gry na wiolonczeli. Tego dnia każda chętna osoba będzie mogła spróbować zagrać na tym niezwykłym instrumencie.</p>\r\n<p>Zajęcia odbywają się w centrum Warszawy. Przestronne sale 30m2 pozwalają zachować bezpieczny dystans.</p>\r\n<p><b>ILOŚĆ MIEJSC OGRANICZONA</p></b>\r\n<p>Jak to zrobić? To proste!</p>\r\n<ol>\r\n    <li>napisz lub zadzwoń</li>\r\n    <li>kup 1 lekcję i wybierz godzinę</li>\r\n    <li>ciesz się muzyką!</li>\r\n</ol>\r\n<p>Zrób coś dla siebie, spełnij marzenia!</p>\r\n<p>Cena lekcji: 59zł</p>\r\n<p><b>Nie czekaj, zadzwoń jż dziś</b> 883 489 184<br>\r\n    lub napisz: <a href=\"mailto:sekretariat@konwersatoriummuzyczne.pl\">sekretariat@konwersatoriummuzyczne.pl</a>\r\n</p>\r\n<p>Zobacz 2 minutowy film o naszej klasie wiolonczeli na YouTube</p>\r\n<div class=\"wow fadeInUp\" data-wow-delay=\"0.4s\">\r\n    <div class=\"iframe-container\">\r\n        <iframe src=\"https://www.youtube.com/embed/wN02At4vOiE?&rel=0\" frameborder=\"0\" allow=\"accelerometer; autoplay; encrypted-media; gyroscope; picture-in-picture\" allowfullscreen></iframe>\r\n    </div>\r\n</div>', 'Warsztaty', 'Wiolonczela dla dorosłych od podstaw', '/images/oferta-specjalne/wiolonczela.jpg');

-- --------------------------------------------------------

--
-- Struktura tabeli dla tabeli `references_category`
--

CREATE TABLE `references_category` (
  `id` int(10) UNSIGNED NOT NULL,
  `code` varchar(255) NOT NULL
) ENGINE=InnoDB DEFAULT CHARSET=utf8mb4;

--
-- Zrzut danych tabeli `references_category`
--

INSERT INTO `references_category` (`id`, `code`) VALUES
(1, 'parents'),
(2, 'pupils'),
(3, 'other');

-- --------------------------------------------------------

--
-- Struktura tabeli dla tabeli `references_category_translation`
--

CREATE TABLE `references_category_translation` (
  `id` int(10) UNSIGNED NOT NULL,
  `languages_id` int(10) UNSIGNED NOT NULL,
  `references_category_id` int(10) UNSIGNED NOT NULL,
  `heading_3` varchar(255) NOT NULL,
  `heading_2` varchar(255) NOT NULL,
  `short_desc` varchar(1000) NOT NULL,
  `long_desc` text NOT NULL,
  `button` varchar(255) NOT NULL
) ENGINE=InnoDB DEFAULT CHARSET=utf8mb4;

--
-- Zrzut danych tabeli `references_category_translation`
--

INSERT INTO `references_category_translation` (`id`, `languages_id`, `references_category_id`, `heading_3`, `heading_2`, `short_desc`, `long_desc`, `button`) VALUES
(1, 1, 1, 'REFERENCJE RODZICÓW', 'Dziękujemy za zaufanie!', '<p>Można tutaj poznać historie zadowolonych rodziców, których dzieci kształciły się w Konwersatorium Muzycznym.</p>', '<iframe src=\"https://www.facebook.com/plugins/post.php?href=https%3A%2F%2Fwww.facebook.com%2Fgosia.jakubowska%2Fposts%2F10158054037115535&amp;width=500\" width=\"500\" height=\"219\" style=\"border:none;overflow:hidden\" scrolling=\"no\" frameborder=\"0\" allowtransparency=\"true\" allow=\"encrypted-media\"></iframe>\r\n<iframe src=\"https://www.facebook.com/plugins/post.php?href=https%3A%2F%2Fwww.facebook.com%2Fnatalia.skupien.9%2Fposts%2F2955185414542043&amp;width=500\" width=\"500\" height=\"219\" style=\"border:none;overflow:hidden\" scrolling=\"no\" frameborder=\"0\" allowtransparency=\"true\" allow=\"encrypted-media\"></iframe>\r\n<iframe src=\"https://www.facebook.com/plugins/post.php?href=https%3A%2F%2Fwww.facebook.com%2Fpermalink.php%3Fstory_fbid%3D723821698070399%26id%3D100013277264679&amp;width=500\" width=\"500\" height=\"162\" style=\"border:none;overflow:hidden\" scrolling=\"no\" frameborder=\"0\" allowtransparency=\"true\" allow=\"encrypted-media\"></iframe>\r\n<iframe src=\"https://www.facebook.com/plugins/post.php?href=https%3A%2F%2Fwww.facebook.com%2Fnina.majewskakrzyzewska%2Fposts%2F2757623387693235&amp;width=500\" width=\"500\" height=\"219\" style=\"border:none;overflow:hidden\" scrolling=\"no\" frameborder=\"0\" allowtransparency=\"true\" allow=\"encrypted-media\"></iframe>\r\n<iframe src=\"https://www.facebook.com/plugins/post.php?href=https%3A%2F%2Fwww.facebook.com%2Faleksandra.kazimierczak.37%2Fposts%2F2389065331189122&amp;width=500\" width=\"500\" height=\"162\" style=\"border:none;overflow:hidden\" scrolling=\"no\" frameborder=\"0\" allowtransparency=\"true\" allow=\"encrypted-media\"></iframe>\r\n<iframe src=\"https://www.facebook.com/plugins/post.php?href=https%3A%2F%2Fwww.facebook.com%2Fjan.mielczarski%2Fposts%2F4351714028187288&amp;width=500\" width=\"500\" height=\"219\" style=\"border:none;overflow:hidden\" scrolling=\"no\" frameborder=\"0\" allowtransparency=\"true\" allow=\"encrypted-media\"></iframe>\r\n<iframe src=\"https://www.facebook.com/plugins/post.php?href=https%3A%2F%2Fwww.facebook.com%2Fpawel.zamorski%2Fposts%2F10216907963633005&amp;width=500\" width=\"500\" height=\"219\" style=\"border:none;overflow:hidden\" scrolling=\"no\" frameborder=\"0\" allowtransparency=\"true\" allow=\"encrypted-media\"></iframe>\r\n<iframe src=\"https://www.facebook.com/plugins/post.php?href=https%3A%2F%2Fwww.facebook.com%2Fdamminh%2Fposts%2F10219881728087803&amp;width=500\" width=\"500\" height=\"199\" style=\"border:none;overflow:hidden\" scrolling=\"no\" frameborder=\"0\" allowtransparency=\"true\" allow=\"encrypted-media\"></iframe>\r\n<iframe src=\"https://www.facebook.com/plugins/post.php?href=https%3A%2F%2Fwww.facebook.com%2Finga.domanska%2Fposts%2F10219635236302850&amp;width=500\" width=\"500\" height=\"219\" style=\"border:none;overflow:hidden\" scrolling=\"no\" frameborder=\"0\" allowtransparency=\"true\" allow=\"encrypted-media\"></iframe>\r\n<iframe src=\"https://www.facebook.com/plugins/post.php?href=https%3A%2F%2Fwww.facebook.com%2Fle.duythien.7%2Fposts%2F10156751540277030&amp;width=500\" width=\"500\" height=\"199\" style=\"border:none;overflow:hidden\" scrolling=\"no\" frameborder=\"0\" allowtransparency=\"true\" allow=\"encrypted-media\"></iframe>\r\n<iframe src=\"https://www.facebook.com/plugins/post.php?href=https%3A%2F%2Fwww.facebook.com%2Fmonika.rykiel.9%2Fposts%2F2727469160713645&amp;width=500\" width=\"500\" height=\"219\" style=\"border:none;overflow:hidden\" scrolling=\"no\" frameborder=\"0\" allowtransparency=\"true\" allow=\"encrypted-media\"></iframe>\r\n<iframe src=\"https://www.facebook.com/plugins/post.php?href=https%3A%2F%2Fwww.facebook.com%2Furszula.wachnik.3%2Fposts%2F246266309852635&amp;width=500\" width=\"500\" height=\"257\" style=\"border:none;overflow:hidden\" scrolling=\"no\" frameborder=\"0\" allowtransparency=\"true\" allow=\"encrypted-media\"></iframe>\r\n<iframe src=\"https://www.facebook.com/plugins/post.php?href=https%3A%2F%2Fwww.facebook.com%2Fsweeteire%2Fposts%2F10223181701391422&amp;width=500\" width=\"500\" height=\"219\" style=\"border:none;overflow:hidden\" scrolling=\"no\" frameborder=\"0\" allowtransparency=\"true\" allow=\"encrypted-media\"></iframe>\r\n<iframe src=\"https://www.facebook.com/plugins/post.php?href=https%3A%2F%2Fwww.facebook.com%2Fpermalink.php%3Fstory_fbid%3D775607546229765%26id%3D100013415795855&amp;width=500\" width=\"500\" height=\"142\" style=\"border:none;overflow:hidden\" scrolling=\"no\" frameborder=\"0\" allowtransparency=\"true\" allow=\"encrypted-media\"></iframe>\r\n<iframe src=\"https://www.facebook.com/plugins/post.php?href=https%3A%2F%2Fwww.facebook.com%2Femilia.cieslak.357%2Fposts%2F3400347976649883&amp;width=500\" width=\"500\" height=\"142\" style=\"border:none;overflow:hidden\" scrolling=\"no\" frameborder=\"0\" allowtransparency=\"true\" allow=\"encrypted-media\"></iframe>\r\n<iframe src=\"https://www.facebook.com/plugins/post.php?href=https%3A%2F%2Fwww.facebook.com%2Fpermalink.php%3Fstory_fbid%3D747917385665851%26id%3D100013427886634&amp;width=500\" width=\"500\" height=\"142\" style=\"border:none;overflow:hidden\" scrolling=\"no\" frameborder=\"0\" allowtransparency=\"true\" allow=\"encrypted-media\"></iframe>\r\n<iframe src=\"https://www.facebook.com/plugins/post.php?href=https%3A%2F%2Fwww.facebook.com%2Fleafeon.poke.7%2Fposts%2F2466992120025219&amp;width=500\" width=\"500\" height=\"142\" style=\"border:none;overflow:hidden\" scrolling=\"no\" frameborder=\"0\" allowtransparency=\"true\" allow=\"encrypted-media\"></iframe>\r\n<iframe src=\"https://www.facebook.com/plugins/post.php?href=https%3A%2F%2Fwww.facebook.com%2Fpermalink.php%3Fstory_fbid%3D741474862970818%26id%3D100013249337056&amp;width=500\" width=\"500\" height=\"142\" style=\"border:none;overflow:hidden\" scrolling=\"no\" frameborder=\"0\" allowtransparency=\"true\" allow=\"encrypted-media\"></iframe>\r\n<p>Chciałbym polecić lekcje w Konwersatorium Muzycznym, w których bierze udział moja córka Helenka.</p>\r\n<p>Do Konwersatorium Muzycznego trafiliśmy trochę przypadkiem, trochę na próbę. Miało być tylko na jeden miesiąc, ale po miesiącu okazało się, ze moja 6 letnia córka, która wcześniej nigdy nie uczyła się gry na żadnym instrumencie rozpoznaje nuty i coraz bardziej lubi grę na pianinie. Po wakacjach było już jasne, że ze szkoły nie zrezygnujemy, a po kolejnym miesiącu w naszym mieszkaniu pojawiło się pianino. Mimo upływu czasu Helenka nadal z ogromną radością chodzi na zajęcia. Myślę, ze zasługa to tylko głównie wspaniałej nauczycielki Pani Bogny Kołodziej, dzięki niej Helenka z radością siada do grania, nie zmuszana, za to z ogromną motywacją.</p>\r\n<p>Kiedy spytałam Helenki dlaczego tak bardzo lubi chodzić na te zajęcia, to usłyszałam, ze dlatego, że Pani Bogna jest miła, że może nauczyć się czytać nowe nuty, poznaje instrumenty, że świetnie się na zajęciach bawi, często gra w ciekawe gry, a nie tylko na pianinie.</p>\r\n<p>Ja również cenię tę szkołę właśnie za to, że Helenka może się rozwijać muzycznie w bardzo szerokim zakresie. Uczy się nie tylko gry na instrumencie, ale odbiera edukację muzyczną z prawdziwego zdarzenia. Niezwykle dumna jestem, kiedy słysząc w radiu utwór muzyczny Helenka potrafi mnie zaskoczyć mówiąc: „Mamo, to ten Vivaldi”.</p>\r\n<p>Szczerze polecam Konwersatorium Muzyczne tym, którym zależy na rozwoju i uwrażliwieniu muzycznym dziecka bez stresu kojarzonego w „tradycyjną” szkołą muzyczną. Tu dziecko ma szansę nauczyć się czerpać ogromną radość z grania.</p>\r\n<p class=\"podpis\">– Marta Mazurkiewicz</p>\r\n<p>My z synem mieliśmy niebywałą (!) przyjemność poznać obie Panie na przesłuchaniu. I ja, i Kuba (!) wychodziliśmy oczarowani. Pełen profesjonalizm połączony z sercem i dla muzyki, i dla dzieci, i do ich nauczania, a dodatkowo samo miejsce chyba zaczarowane. Widać, że dzieci przychodzą tu, bo lubią, a nie – bo muszą. Nie zdecydowaliśmy się wyłącznie z powodów finansowych, ale kibicujemy i podpisujemy się pod opinią Mamy Helenki. Mama Jakuba</p>\r\n<p class=\"podpis\">– Magdalena Czerwińska-Strzelczyk</p>\r\n<p>Jestem mamą dwóch córek, które równolegle rozpoczęły naukę u Pani Bogny. Już po kilku zajęciach widać było jak chętnie dziewczyny przyjeżdżają do Konwersatorium i jak (niejednokrotnie) trudno ustalić w domu grafik ćwiczeń obydwu pianistek :). Pianino (sztuk jeden) pojawiło się bowiem już po czwartej lekcji i muzyka jest już stale obecna w naszym domu.</p>\r\n<p>Zafascynowana entuzjazmem córek także sama oddałam się w cierpliwą opiekę pedagogiczną pani Grażyny:).</p>\r\n<p>Nauka gry na pianinie u pani Bogny i pani Grażyny to nie tylko nauka nut. To także świetna zabawa, przyjemność, relaks i doskonale spędzony czas. Ucząc się gry na pianinie (czasem też na fortepianie), wszystkie trzy zupełnie inaczej reagujemy na muzykę, inaczej jej słuchamy i dla każdej z nas ma ona swoją niepowtarzalną wartość.</p>\r\n<p>Jako rodzice jesteśmy zafascynowani tym jak muzyka pozwoliła otworzyć się naszym córkom oraz ile sprawia im radości i satysfakcji.</p>\r\n<p>Godny podziwu jest niezwykły talent pedagogiczny pani Bogny, zapał i zaangażowanie emanujące z niej na każdej lekcji połączony z nowatorskimi i ciekawymi metodami nauki. To przykład nauczyciela, który pracując z pasją potrafi „zarazić” nią swoich uczniów… Zresztą zaczynając naukę gry na pianinie jako dorosła osoba z panią Grażyną, nie mam wątpliwości, że talent pani Bogny jest po prostu „wrodzony”:).</p>\r\n<p>Serdecznie dziękujemy i zdecydowanie rekomendujemy to magiczne miejsce oraz wspaniałe, ciepłe a jednocześnie profesjonalne nauczycielki.</p>\r\n<p class=\"podpis\">– Ewelina Stobiecka (dumna mama)</p>\r\n<p>Jestem ojcem 5,5-letniej Natalki.</p>\r\n<p>W maju 2014 roku Natalka rozpoczęła swoją przygodę nauki gry na pianinie w Konwersatorium Muzycznym prowadzonym przy ul. Poznańskiej 39 w Warszawie przez Panie Grażynę i Bognę Kołodziej. Od początku nauki gry opiekę nad córką sprawuje Pani Bogna.</p>\r\n<p>Jako rodzic jestem bardzo mile zaskoczony metodyką nauki gry, którą stosuje się na tych zajęciach. Użycie klocków Lego, puzzli, różnych gier i zabaw słuchowych poprzeplatane nauka nut, układu klawiatury, instrumentów i historią kompozytorów skutkuje tym, że córce trudno jest przerwać lekcje i wracać do domu.</p>\r\n<p>Na pozytywne efekty nauki tez długo nie trzeba czekać ponieważ rozpoznawanie melodii i ich twórców, a także samodzielna gra pierwszych kolęd czy melodii „Sto lat” wniosło do naszego domu wiele radości i ciepła.</p>\r\n<p>A o radości na zajęciach dużo by pisać. Pani Bogna wkłada ją w każdą lekcję.</p>\r\n<p>Tak przynajmniej słyszałem przez drzwi.</p>\r\n<p class=\"podpis\">– Grzegorz Sienkiewicz</p>\r\n<p>Nasza córka zaczęła lekcje na pianinie w konserwatorium, gdy miała skończone pięć lat. Nie wiedzieliśmy czy jej się spodoba gra na pianinie, ani czy my będziemy w stanie pomóc jej w nauce. Po pół roku nauki gry na pianinie, nie tylko moja córka z chęcią zasiada do instrumentu, ale również mój mąż zaczął grać.</p>\r\n<p>Razem z mężem cieszymy się, że sukces dziecka w nauce to jest wspólna praca nauczyciela, rodzica i oczywiście dziecka. Nauczyciel przy tym ma główną rolę, bo to on wyznacza kierunek tempo i treść nauki. Bez dobrego przewodnika byłoby trudno o powodzenie. Bardzo dziękujemy Pani Bogna za jej zaangażowanie i wiarę w umiejętności dziecka.</p>\r\n<p class=\"podpis\">– Katarzyna Proctor</p>\r\n<p>Jestem mamą 4-letniego chłopca, który drugi rok (dwa razy w tygodniu po 50 minut) uczestniczy w zajęcia prowadzonych przez Panią Bognę Kołodziej.</p>\r\n<p>Przez ten czas Pani Bogna dała się poznać jako osoba bardzo zaangażowana w prowadzone przez siebie zajęcia, szalenie kreatywna i potrafiąca dostosować program nauczania do indywidualnych potrzeb dziecka. Pani Bogna znakomicie radzi sobie z moim Synem, który dobrze się bawiąc nabywa wiedzę i umiejętności muzyczne (Syn nie raz zadziwił mnie swoją znajomością instrumentów muzycznych na koncertach w Filharmonii jak i utworów).</p>\r\n<p>Zajęcia są ciekawe i wszechstronnie rozwijające muzycznie. Syn bardzo chętnie w nich uczestniczy, a jest dzieckiem pełnym energii i nie potrafiący długo wytrwać w miejscu.</p>\r\n<p>Dodatkowo Pani Bogna jest osobą miłą, cierpliwą i lubiącą dzieci. Szczerze polecam zajęcia z Panią Bogną.</p>\r\n<p class=\"podpis\">– D.W.</p>\r\n<p>Pracuję jako scenograf i dekorator wnętrz na planach filmowych. Codziennie w mojej pracy znam gam się z brakiem czasu, zmiennością sytuacji i dużą nerwowością. Jako dziecko uczyłam się gry na pianinie. I po latach zatęskniłam do gry na instrumencie. W domu pojawiło się pianino. Myślałam, ze pogodzenie tej trudnej pracy z lekcjami w Konwersatorium będzie wręcz niemożliwe.</p>\r\n<p>Ale udaje się i daje mi to ogromną satysfakcję. To taka godzina tylko dla mnie. Odpoczywam, wyłączam się i robię cos zupełnie innego. Swoista muzykoterapia. Z lekcji wychodzę z otwarta głowa, pełna energii i nowych pomysłów na Zycie. No i zaczyna coraz lepiej grać! Ostatnio zapisałam na zajęcia tez mojego męża. Marzeniem moim jest żebyśmy sobie grali kiedyś na 4 ręce.</p>\r\n<p class=\"podpis\">– Ineza Bodyk</p>\r\n<img src=\"/images/referencje/rodzice1.jpg\">\r\n<img src=\"/images/referencje/rodzice2.jpg\">\r\n<img src=\"/images/referencje/rodzice3.jpg\">\r\n<img src=\"/images/referencje/rodzice4.jpg\">\r\n', 'Rodzice...'),
(2, 1, 2, 'REFERENCJE UCZNIÓW', 'Dziękujemy za pracowity czas!', '<p>Można poczytać tutaj historie zadowolonych uczniów.</p>', '<img src=\"/images/referencje/iwonka.jpg\">\r\n<p>Najlepsze referencje od uczennicy 7-letniej Iwonki</p>\r\n<img src=\"/images/referencje/ania.jpg\">\r\n<p>„A to moja kochana pani” 6-letnia Ania</p>\r\n<img src=\"/images/referencje/kasia.jpg\">\r\n<p>I jeszcze wspaniałe referencje od 4-letniej Kasi</p>\r\n<img src=\"/images/referencje/ania2.jpg\">\r\n<p>Rymowane od 6-letniej Ani</p>\r\n<img src=\"/images/referencje/klara.jpg\">\r\n<p>Narysowałam swoją lekcje. Gram na pianinie, nogi oparte mam na czerwonym podnóżku, a Pani Bogna siedzi obok. Gram swój ulubiony utwór – Mając przyjaciela. (Widać wyraźnie nutę C, natomiast nutę A lewa ręka gra 3-cim palcem.) Właśnie skończyłam grać utwór i patrzę na Panią Bognę czy dobrze, a ona się uśmiecha\r\n<br><strong>- Referencja od 4-letniej Klary</strong></p>\r\n<div style=\"margin-top:50px\" class=\"text-center\">\r\n    <iframe width=\"100%\" height=\"400px\" src=\"https://www.youtube.com/embed/Aw2FCwkYY-4\" frameborder=\"0\" allowfullscreen=\"\"></iframe>\r\n    <p>Dlaczego warto grać opowiada Ola Nguyen</p>\r\n    <iframe width=\"100%\" height=\"400px\" src=\"https://www.youtube.com/embed/jiIlKmdi7PM\" frameborder=\"0\" allowfullscreen=\"\"></iframe>\r\n    <p>Moja Pani dużo się śmieje – mówi Iwonka</p>\r\n</div>', 'Uczniowie'),
(3, 1, 3, 'REFERENCJE - FILMY', 'Dziękujemy za pracowity czas!', '<p>Można poczytać tutaj historie zadowolonych uczniów.</p>', '<div class=\"entry-content\">\r\n    <p style=\"text-align: justify;\">Pan Mateusz Walczak niedawno rozpoczął swoją przygodę z muzyką – uczy się w klasie dla dorosłych w Konwersatorium Muzycznym w Warszawie. Opowiada dlaczego rozpoczął naukę jako dorosły człowiek i kto go zainspirował.</p>\r\n    <p class=\"text-center\">\r\n        <iframe width=\"474\" height=\"267\" src=\"https://www.youtube.com/embed/izE7hMfGOdM?feature=oembed\" frameborder=\"0\" allowfullscreen=\"\"></iframe>\r\n    </p>\r\n    <p style=\"text-align: justify;\">Nasz absolwent Krzysztof Ratajski, obecnie studiuje na Uniwersytecie Muzycznym Fryderyka Chopina w Warszawie. Rozpoczął naukę mając 13 lat, teraz spełnia swoje marzenia.</p>\r\n    <p class=\"text-center\">\r\n        <iframe width=\"474\" height=\"356\" src=\"https://www.youtube.com/embed/FE88kuazhe4?feature=oembed\" frameborder=\"0\" allowfullscreen=\"\"></iframe>\r\n    </p>\r\n    <p>Joanna Andrychowska studiuje na Uniwersytecie Medycznym w Warszawie. Granie daje jej radość i chwile odpoczynku od codziennych spraw.</p>\r\n    <p class=\"text-center\">\r\n        <iframe width=\"474\" height=\"356\" src=\"https://www.youtube.com/embed/lxIauHG_b1w?feature=oembed\" frameborder=\"0\" allowfullscreen=\"\"></iframe>\r\n    </p>\r\n    <p>Absolwent Jakub Mroziewicz opowiada o swojej edukacji muzycznej i jak „muzyka pozwala przenieść się do innego świata”.</p>\r\n    <p class=\"text-center\">\r\n        <iframe width=\"474\" height=\"356\" src=\"https://www.youtube.com/embed/HTVFx-d50NM?feature=oembed\" frameborder=\"0\" allowfullscreen=\"\"></iframe>\r\n    </p>\r\n    <p>Pani Elżbieta Domańska opowiada o naszej nietypowej szkole.</p>\r\n    <p class=\"text-center\">\r\n        <iframe width=\"474\" height=\"356\" src=\"https://www.youtube.com/embed/EPvJMtkcuMw?feature=oembed\" frameborder=\"0\" allowfullscreen=\"\"></iframe>\r\n    </p>\r\n    <p>Nasza absolwentka Anna Pachowska opowiada jak chciała przestać uczyć się grać i dlaczego nadal gra.</p>\r\n    <p class=\"text-center\">\r\n        <iframe width=\"474\" height=\"356\" src=\"https://www.youtube.com/embed/T41jlO6RwiY?feature=oembed\" frameborder=\"0\" allowfullscreen=\"\"></iframe>\r\n    </p>\r\n    <p style=\"text-align: justify;\">Pan Szymon Kulik uczy się w klasie fortepianu w Konwersatorium Muzycznym w Warszawie. Opowiada o roli muzyki w jego życiu i o tym, że jak się czegoś pragnie to warto spróbować i spełnić marzenia.</p>\r\n    <p class=\"text-center\">\r\n        <iframe width=\"474\" height=\"267\" src=\"https://www.youtube.com/embed/UxMTV9FzfdQ?feature=oembed\" frameborder=\"0\" allowfullscreen=\"\"></iframe>\r\n    </p>\r\n    <p style=\"text-align: justify;\">Czy można spełnić marzenia i nauczyć się grać? Pani Joanna Pawłowska kilka lat temu rozpoczęła naukę gry na fortepianie w Konwersatorium Muzycznym. Obie jej córki uczyły się grać, przestały dopiero na studiach i wtedy zdecydowała się Pani Joanna na rozpoczęcie nauki od samego początku. Dziś nie żałuje swojej decyzji.</p>\r\n    <p class=\"text-center\">\r\n        <iframe width=\"474\" height=\"356\" src=\"https://www.youtube.com/embed/o6aRvld594Q?feature=oembed\" frameborder=\"0\" allowfullscreen=\"\"></iframe>\r\n    </p>\r\n    <p>Pan Jean-Jacques Granas</p>\r\n    <p class=\"text-center\">\r\n        <iframe width=\"474\" height=\"356\" src=\"https://www.youtube.com/embed/1sCHQfmQfOU?feature=oembed\" frameborder=\"0\" allowfullscreen=\"\"></iframe>\r\n    </p>\r\n</div>\r\n', 'Referencje - filmy'),
(4, 2, 1, 'PARENTS \'REFERENCES', 'Thank you for your trust!', '<p> Here you can learn the stories of satisfied parents whose children were educated at the Music Conversatory. </p>', '<iframe src=\"https://www.facebook.com/plugins/post.php?href=https%3A%2F%2Fwww.facebook.com%2Fgosia.jakubowska%2Fposts%2F10158054037115535&amp;width=500\" width=\"500\" height=\"219\" style=\"border:none;overflow:hidden\" scrolling=\"no\" frameborder=\"0\" allowtransparency=\"true\" allow=\"encrypted-media\"></iframe>\r\n<iframe src=\"https://www.facebook.com/plugins/post.php?href=https%3A%2F%2Fwww.facebook.com%2Fnatalia.skupien.9%2Fposts%2F2955185414542043&amp;width=500\" width=\"500\" height=\"219\" style=\"border:none;overflow:hidden\" scrolling=\"no\" frameborder=\"0\" allowtransparency=\"true\" allow=\"encrypted-media\"></iframe>\r\n<iframe src=\"https://www.facebook.com/plugins/post.php?href=https%3A%2F%2Fwww.facebook.com%2Fpermalink.php%3Fstory_fbid%3D723821698070399%26id%3D100013277264679&amp;width=500\" width=\"500\" height=\"162\" style=\"border:none;overflow:hidden\" scrolling=\"no\" frameborder=\"0\" allowtransparency=\"true\" allow=\"encrypted-media\"></iframe>\r\n<iframe src=\"https://www.facebook.com/plugins/post.php?href=https%3A%2F%2Fwww.facebook.com%2Fnina.majewskakrzyzewska%2Fposts%2F2757623387693235&amp;width=500\" width=\"500\" height=\"219\" style=\"border:none;overflow:hidden\" scrolling=\"no\" frameborder=\"0\" allowtransparency=\"true\" allow=\"encrypted-media\"></iframe>\r\n<iframe src=\"https://www.facebook.com/plugins/post.php?href=https%3A%2F%2Fwww.facebook.com%2Faleksandra.kazimierczak.37%2Fposts%2F2389065331189122&amp;width=500\" width=\"500\" height=\"162\" style=\"border:none;overflow:hidden\" scrolling=\"no\" frameborder=\"0\" allowtransparency=\"true\" allow=\"encrypted-media\"></iframe>\r\n<iframe src=\"https://www.facebook.com/plugins/post.php?href=https%3A%2F%2Fwww.facebook.com%2Fjan.mielczarski%2Fposts%2F4351714028187288&amp;width=500\" width=\"500\" height=\"219\" style=\"border:none;overflow:hidden\" scrolling=\"no\" frameborder=\"0\" allowtransparency=\"true\" allow=\"encrypted-media\"></iframe>\r\n<iframe src=\"https://www.facebook.com/plugins/post.php?href=https%3A%2F%2Fwww.facebook.com%2Fpawel.zamorski%2Fposts%2F10216907963633005&amp;width=500\" width=\"500\" height=\"219\" style=\"border:none;overflow:hidden\" scrolling=\"no\" frameborder=\"0\" allowtransparency=\"true\" allow=\"encrypted-media\"></iframe>\r\n<iframe src=\"https://www.facebook.com/plugins/post.php?href=https%3A%2F%2Fwww.facebook.com%2Fdamminh%2Fposts%2F10219881728087803&amp;width=500\" width=\"500\" height=\"199\" style=\"border:none;overflow:hidden\" scrolling=\"no\" frameborder=\"0\" allowtransparency=\"true\" allow=\"encrypted-media\"></iframe>\r\n<iframe src=\"https://www.facebook.com/plugins/post.php?href=https%3A%2F%2Fwww.facebook.com%2Finga.domanska%2Fposts%2F10219635236302850&amp;width=500\" width=\"500\" height=\"219\" style=\"border:none;overflow:hidden\" scrolling=\"no\" frameborder=\"0\" allowtransparency=\"true\" allow=\"encrypted-media\"></iframe>\r\n<iframe src=\"https://www.facebook.com/plugins/post.php?href=https%3A%2F%2Fwww.facebook.com%2Fle.duythien.7%2Fposts%2F10156751540277030&amp;width=500\" width=\"500\" height=\"199\" style=\"border:none;overflow:hidden\" scrolling=\"no\" frameborder=\"0\" allowtransparency=\"true\" allow=\"encrypted-media\"></iframe>\r\n<iframe src=\"https://www.facebook.com/plugins/post.php?href=https%3A%2F%2Fwww.facebook.com%2Fmonika.rykiel.9%2Fposts%2F2727469160713645&amp;width=500\" width=\"500\" height=\"219\" style=\"border:none;overflow:hidden\" scrolling=\"no\" frameborder=\"0\" allowtransparency=\"true\" allow=\"encrypted-media\"></iframe>\r\n<iframe src=\"https://www.facebook.com/plugins/post.php?href=https%3A%2F%2Fwww.facebook.com%2Furszula.wachnik.3%2Fposts%2F246266309852635&amp;width=500\" width=\"500\" height=\"257\" style=\"border:none;overflow:hidden\" scrolling=\"no\" frameborder=\"0\" allowtransparency=\"true\" allow=\"encrypted-media\"></iframe>\r\n<iframe src=\"https://www.facebook.com/plugins/post.php?href=https%3A%2F%2Fwww.facebook.com%2Fsweeteire%2Fposts%2F10223181701391422&amp;width=500\" width=\"500\" height=\"219\" style=\"border:none;overflow:hidden\" scrolling=\"no\" frameborder=\"0\" allowtransparency=\"true\" allow=\"encrypted-media\"></iframe>\r\n<iframe src=\"https://www.facebook.com/plugins/post.php?href=https%3A%2F%2Fwww.facebook.com%2Fpermalink.php%3Fstory_fbid%3D775607546229765%26id%3D100013415795855&amp;width=500\" width=\"500\" height=\"142\" style=\"border:none;overflow:hidden\" scrolling=\"no\" frameborder=\"0\" allowtransparency=\"true\" allow=\"encrypted-media\"></iframe>\r\n<iframe src=\"https://www.facebook.com/plugins/post.php?href=https%3A%2F%2Fwww.facebook.com%2Femilia.cieslak.357%2Fposts%2F3400347976649883&amp;width=500\" width=\"500\" height=\"142\" style=\"border:none;overflow:hidden\" scrolling=\"no\" frameborder=\"0\" allowtransparency=\"true\" allow=\"encrypted-media\"></iframe>\r\n<iframe src=\"https://www.facebook.com/plugins/post.php?href=https%3A%2F%2Fwww.facebook.com%2Fpermalink.php%3Fstory_fbid%3D747917385665851%26id%3D100013427886634&amp;width=500\" width=\"500\" height=\"142\" style=\"border:none;overflow:hidden\" scrolling=\"no\" frameborder=\"0\" allowtransparency=\"true\" allow=\"encrypted-media\"></iframe>\r\n<iframe src=\"https://www.facebook.com/plugins/post.php?href=https%3A%2F%2Fwww.facebook.com%2Fleafeon.poke.7%2Fposts%2F2466992120025219&amp;width=500\" width=\"500\" height=\"142\" style=\"border:none;overflow:hidden\" scrolling=\"no\" frameborder=\"0\" allowtransparency=\"true\" allow=\"encrypted-media\"></iframe>\r\n<iframe src=\"https://www.facebook.com/plugins/post.php?href=https%3A%2F%2Fwww.facebook.com%2Fpermalink.php%3Fstory_fbid%3D741474862970818%26id%3D100013249337056&amp;width=500\" width=\"500\" height=\"142\" style=\"border:none;overflow:hidden\" scrolling=\"no\" frameborder=\"0\" allowtransparency=\"true\" allow=\"encrypted-media\"></iframe>\r\n\r\n<p> I would like to recommend the lessons at the Music Conversatory in which my daughter Helenka participates. </p>\r\n<p> We came to the Music Conversatory a bit by accident, a bit on a trial basis. It was supposed to be only for one month, but after a month it turned out that my 6-year-old daughter, who had never learned to play any instrument before, recognizes the notes and likes playing the piano more and more. After the holidays it was clear that we would not quit school, and after another month a piano appeared in our apartment. Despite the passage of time, Helenka continues to attend classes with great joy. I think that this is mainly due to the great teacher, Mrs. Bogna Kołodziej, thanks to her Helenka sits down to play with joy, not forced, but with great motivation. </p>\r\n<p> When I asked Helenka why she likes going to these classes so much, I heard that because Ms. Bogna is nice, that she can learn to read new notes, she gets to know the instruments, that she has a great time in the class, often plays interesting games and not just the piano. </p>\r\n<p> I also appreciate this school precisely because Helenka can develop musically in a very wide range. He not only learns to play an instrument, but also receives a real music education. I am extremely proud when hearing Helenka\'s musical piece on the radio can surprise me saying: \"Mum, this is the Vivaldi\". </p>\r\n<p> I sincerely recommend the Music Seminar to those who care about the development and sensitization of a child\'s music without the stress associated with a \"traditional\" music school. Here the child has a chance to learn to enjoy playing games. </p>\r\n<p class = \"signature\"> - Marta Mazurkiewicz </p>\r\n<p> We and my son had the incredible (!) pleasure to meet both ladies at the audition. Both me and Kuba (!) Left enchanted. Full professionalism combined with the heart for music, and for children and for teaching them, and in addition the place itself seems to be enchanted. You can see that children come here because they like it, not because they have to. We decided not only for financial reasons, but we support and endorse the opinion of Mother Helen. Jakub\'s mother </p>\r\n<p class = \"signature\"> - Magdalena Czerwińska-Strzelczyk </p>\r\n<p> I am a mother of two daughters who started their education with Mrs. Bogna at the same time. After a few classes, it was clear how eagerly the girls come to the seminar and how (often) it is difficult to determine the practice schedule of both pianists at home :). The piano (one piece) appeared after the fourth lesson and the music is constantly present in our home. </p>\r\n<p> Fascinated by the enthusiasm of my daughters, I also put myself into the patient care of Mrs. Grażyna :). </p>\r\n<p> Learning to play the piano with Mrs. Bogna and Mrs. Grażyna is not only learning sheet music. It is also great fun, pleasure, relaxation and a great time. When learning to play the piano (and sometimes also the piano), all three react to music differently, we listen to it differently and each of us has its own unique value. </p>\r\n<p> As parents, we are fascinated by how music has allowed our daughters to open up and how much joy and satisfaction it gives them. </p>\r\n<p> Bogna\'s extraordinary pedagogical talent, enthusiasm and commitment emanating from her during each lesson combined with innovative and interesting learning methods are admirable. This is an example of a teacher who, working with passion, can \"infect\" his students with it ... Anyway, when I started learning to play the piano as an adult with Mrs. Grażyna, I have no doubt that Mrs. Bogna\'s talent is simply \"innate\" :). </p>\r\n<p> Thank you very much and we strongly recommend this magical place and wonderful, warm and professional teachers. </p>\r\n<p class = \"signature\"> - Ewelina Stobiecka (proud mother) </p>\r\n<p> I am the father of 5.5-year-old Natalka. </p>\r\n<p> In May 2014, Natalka began her adventure in learning to play the piano at the Music Conversatory at ul. Poznańska 39 in Warsaw by Mrs. Grażyna and Bogna Kołodziej. From the very beginning of learning the game, Ms. Bogna takes care of her daughter. </p>\r\n\r\n\r\n<p> As a parent, I am very pleasantly surprised by the methodology of learning the game that is used in these classes. The use of Lego blocks, puzzles, various aural games and plays, interwoven with learning notes, keyboard layout, instruments and the history of composers, makes it difficult for my daughter to stop lessons and return home. </p>\r\n<p> You do not have to wait long for the positive effects of learning, because the recognition of melodies and their authors, as well as independent playing of the first Christmas carols or the \"Happy Birthday\" melody brought a lot of joy and warmth to our home. </p>\r\n<p> And there is a lot to write about fun in class. Mrs. Bogna puts it into every lesson. </p>\r\n<p> At least that\'s what I heard through the door. </p>\r\n<p class = \"signature\"> - Grzegorz Sienkiewicz </p>\r\n<p> Our daughter started piano lessons at the conservatory when she was five years old. We didn\'t know if she would like to play the piano or if we would be able to help her learn. After six months of learning to play the piano, not only my daughter is eager to play the instrument, but my husband also started to play. </p>\r\n<p> Together with my husband, we are glad that the child\'s success in learning is the joint work of the teacher, parent and of course the child. The teacher has the main role, because he or she sets the direction, pace and content of learning. Without a good guide, it would be difficult to succeed. We would like to thank Mrs. Bogna for her commitment and faith in the child\'s abilities. </p>\r\n<p class = \"signature\"> - Katarzyna Proctor </p>\r\n<p> I am a mother of a 4-year-old boy who for the second year (twice a week for 50 minutes) participates in classes conducted by Mrs. Bogna Kołodziej. </p>\r\n<p> During this time, Ms. Bogna proved to be a person very involved in her activities, extremely creative and able to adapt the curriculum to the individual needs of the child. Ms Bogna copes perfectly with my Son, who while having a good time acquires knowledge and musical skills (my son has surprised me more than once with his knowledge of musical instruments at concerts at the Philharmonic as well as songs). </p>\r\n<p> The classes are interesting and comprehensively developing musically. The son very willingly participates in them, and is a child full of energy and unable to stay in one place for a long time. </p>\r\n<p> Additionally, Ms. Bogna is a kind, patient and fond of children. I sincerely recommend classes with Mrs. Bogna. </p>\r\n<p class = \"signature\"> - D.W. </p>\r\n<p> I work as a set designer and interior decorator on film sets. Every day in my work I know about the lack of time, changing situations and high nervousness. As a child, I learned to play the piano. Years later, I missed playing an instrument. A piano appeared in the house. I thought that it would be impossible to reconcile this difficult work with the lessons in the Seminar. </p>\r\n<p> But it works, and it gives me great satisfaction. It\'s such an hour only for me. I rest, switch off and do something completely different. A specific music therapy. I leave lessons with an open mind, full of energy and new ideas for Life. And it starts to play better and better! Recently I signed up for my husband\'s theses too. My dream is that we should play 4-hands one day. </p>\r\n\r\n<p class=\"podpis\">– Ineza Bodyk</p>\r\n<img src=\"/images/referencje/rodzice1.jpg\">\r\n<img src=\"/images/referencje/rodzice2.jpg\">\r\n<img src=\"/images/referencje/rodzice3.jpg\">\r\n<img src=\"/images/referencje/rodzice4.jpg\">', 'Parents...'),
(5, 2, 2, 'STUDENTS \'REFERENCES', 'Thank you for your busy time!', '<p> You can read the stories of satisfied students here. </p>', '<img src=\"/images/referencje/iwonka.jpg\">\r\n<p> The best references from a 7-year-old student, Iwonka </p>\r\n<img src=\"/images/referencje/ania.jpg\">\r\n<p> \"And this is my beloved lady\" 6-year-old Ania </p>\r\n<img src=\"/images/referencje/kasia.jpg\">\r\n<p> And also great references from 4-year-old Kasia </p>\r\n<img src=\"/images/referencje/ania2.jpg\">\r\n<p> Rhymed from 6-year-old Ania </p>\r\n<img src=\"/images/referencje/klara.jpg\">\r\n<p> I drew my lessons. I play the piano, my feet are resting on a red footrest, and Mrs. Bogna is sitting next to it. I\'m playing my favorite song - Having a Friend. (Note C is clearly visible, while note A is played with the left hand with the 3rd finger.) I have just finished playing the piece and I am looking at Mrs. Bogna or ok and she is smiling\r\n<br> <strong> - Reference from 4-year-old Klara </strong> </p>\r\n<div style=\"margin-top: 50px\" class=\"text-center\">\r\n    <iframe width=\"100%\" height = \"400px\" src=\"https://www.youtube.com/embed/Aw2FCwkYY-4\" frameborder=\"0\" allowfullscreen=\"\"> </iframe>\r\n<p> Why is it worth playing tells Ola Nguyen </p>\r\n<iframe width=\"100%\" height=\"400px\" src=\"https://www.youtube.com/embed/jiIlKmdi7PM\" frameborder=\"0\" allowfullscreen=\"\"> </iframe>\r\n<p> My Lady laughs a lot - says Iwonka </p>\r\n</div>', 'Pupils...'),
(6, 2, 3, 'REFERENCES - FILMS', 'Thank you for your busy time!', '<p> You can read the stories of satisfied students here. </p>', '<div class=\"entry-content\">\r\n    <p style=\"text-align: justify;\">Mr. Mateusz Walczak has recently started his adventure with music - he is studying in an adult class at the Music Conversatory in Warsaw. He tells why he started learning as an adult and who inspired him.</p>\r\n    <p class=\"text-center\">\r\n        <iframe width=\"474\" height=\"267\" src=\"https://www.youtube.com/embed/izE7hMfGOdM?feature=oembed\" frameborder=\"0\" allowfullscreen=\"\"></iframe>\r\n    </p>\r\n    <p style=\"text-align: justify;\">Our graduate, Krzysztof Ratajski, currently studies at the Fryderyk Chopin University of Music in Warsaw. He started education at the age of 13, now he is fulfilling his dreams.</p>\r\n    <p class=\"text-center\">\r\n        <iframe width=\"474\" height=\"356\" src=\"https://www.youtube.com/embed/FE88kuazhe4?feature=oembed\" frameborder=\"0\" allowfullscreen=\"\"></iframe>\r\n    </p>\r\n    <p>Joanna Andrychowska studies at the Medical University of Warsaw. Playing gives her joy and moments of rest from everyday matters.</p>\r\n    <p class=\"text-center\">\r\n        <iframe width=\"474\" height=\"356\" src=\"https://www.youtube.com/embed/lxIauHG_b1w?feature=oembed\" frameborder=\"0\" allowfullscreen=\"\"></iframe>\r\n    </p>\r\n    <p>Jakub Mroziewicz, a graduate, talks about his music education and how \"music allows you to move to another world\".</p>\r\n    <p class=\"text-center\">\r\n        <iframe width=\"474\" height=\"356\" src=\"https://www.youtube.com/embed/HTVFx-d50NM?feature=oembed\" frameborder=\"0\" allowfullscreen=\"\"></iframe>\r\n    </p>\r\n    <p>Mrs. Elżbieta Domańska tells about our unusual school.</p>\r\n    <p class=\"text-center\">\r\n        <iframe width=\"474\" height=\"356\" src=\"https://www.youtube.com/embed/EPvJMtkcuMw?feature=oembed\" frameborder=\"0\" allowfullscreen=\"\"></iframe>\r\n    </p>\r\n    <p>Our graduate, Anna Pachowska, tells how she wanted to stop learning to play and why she continues to play.</p>\r\n    <p class=\"text-center\">\r\n        <iframe width=\"474\" height=\"356\" src=\"https://www.youtube.com/embed/T41jlO6RwiY?feature=oembed\" frameborder=\"0\" allowfullscreen=\"\"></iframe>\r\n    </p>\r\n    <p style=\"text-align: justify;\">Mr. Szymon Kulik is studying piano at the Music Conversatory in Warsaw. He talks about the role of music in his life and the fact that if you want something, it\'s worth trying and making your dreams come true.</p>\r\n    <p class=\"text-center\">\r\n        <iframe width=\"474\" height=\"267\" src=\"https://www.youtube.com/embed/UxMTV9FzfdQ?feature=oembed\" frameborder=\"0\" allowfullscreen=\"\"></iframe>\r\n    </p>\r\n    <p style=\"text-align: justify;\">Can you make your dreams come true and learn to play? Ms Joanna Pawłowska started learning to play the piano at the Music Conversatory a few years ago. Both of her daughters were learning to play, they only stopped studying and then Joanna decided to start learning from the very beginning. Today he does not regret his decision.</p>\r\n    <p class=\"text-center\">\r\n        <iframe width=\"474\" height=\"356\" src=\"https://www.youtube.com/embed/o6aRvld594Q?feature=oembed\" frameborder=\"0\" allowfullscreen=\"\"></iframe>\r\n    </p>\r\n    <p>Mr Jean-Jacques Granas</p>\r\n    <p class=\"text-center\">\r\n        <iframe width=\"474\" height=\"356\" src=\"https://www.youtube.com/embed/1sCHQfmQfOU?feature=oembed\" frameborder=\"0\" allowfullscreen=\"\"></iframe>\r\n    </p>\r\n</div>\r\n', 'Watch the references - clips!'),
(7, 3, 1, 'PHỤ HUYNH GIỚI THIỆU – CA NGỢI', 'Chúng tôi cảm ơn là đã tin tưởng chúng tôi!', 'Ở đây có thể đọc những câu chuyện của những phụ huynh mà rất hài lòng, khi con cái của họ theo học ở Konwersatorium Muzyczne.', '', 'Phụ huynh'),
(8, 3, 2, 'TRẺ EM PHÁT BIỂU', 'Chúng tôi cảm ơn đã dành thời gian quý báu và tích cực!', 'Ở đây có thể đọc những câu chuyện của các cháu học sinh đang rất hài lòng.', '', 'Học viên'),
(9, 3, 3, '', '', '', '', 'Hãy xem các phim!'),
(10, 4, 1, '', '', '', '', '家长说'),
(11, 4, 2, '', '', '', '', '学生说'),
(12, 4, 3, '', '', '', '', '点击观看');

-- --------------------------------------------------------

--
-- Struktura tabeli dla tabeli `shop_buy_translation`
--

CREATE TABLE `shop_buy_translation` (
  `id` int(10) UNSIGNED NOT NULL,
  `languages_id` int(10) UNSIGNED NOT NULL,
  `heading_3_buy` varchar(255) DEFAULT NULL,
  `heading_2_buy` varchar(255) DEFAULT NULL,
  `heading_2_payment` varchar(255) DEFAULT NULL,
  `heading_2_payment_1` varchar(255) DEFAULT NULL,
  `heading_2_payment_2` varchar(255) DEFAULT NULL,
  `heading_2_payment_3` varchar(255) DEFAULT NULL,
  `info_main` varchar(1000) NOT NULL,
  `info_buy` varchar(1000) DEFAULT NULL,
  `info_course` varchar(255) DEFAULT NULL,
  `info_price` varchar(255) DEFAULT NULL,
  `info_expiration` varchar(500) DEFAULT NULL,
  `info_buy_contact` varchar(1000) DEFAULT NULL,
  `info_payment` varchar(255) DEFAULT NULL,
  `button_confirm` varchar(255) DEFAULT NULL,
  `button_pay` varchar(255) DEFAULT NULL,
  `button_payment_policy` varchar(255) DEFAULT NULL,
  `info_account` varchar(500) DEFAULT NULL,
  `info_address` varchar(255) DEFAULT NULL,
  `info_payment_gateway` varchar(255) DEFAULT NULL
) ENGINE=InnoDB DEFAULT CHARSET=utf8mb4;

--
-- Zrzut danych tabeli `shop_buy_translation`
--

INSERT INTO `shop_buy_translation` (`id`, `languages_id`, `heading_3_buy`, `heading_2_buy`, `heading_2_payment`, `heading_2_payment_1`, `heading_2_payment_2`, `heading_2_payment_3`, `info_main`, `info_buy`, `info_course`, `info_price`, `info_expiration`, `info_buy_contact`, `info_payment`, `button_confirm`, `button_pay`, `button_payment_policy`, `info_account`, `info_address`, `info_payment_gateway`) VALUES
(1, 1, 'Oferta', 'Kup Teraz', 'Zapłać Teraz', 'Przelew tradycyjny', 'Płatność online', 'Płatność w siedzibie szkoły', '<p>Prosimy o wypełnienie formularza z zamówieniem. Następnie zostaniesz przekierowany dalej, aby wybrać metodę płatności.</p>', '<p>Na Twoją skrzynkę pocztową zostanie wysłana informacja potwierdzająca dokonanie rezerwacji następującej oferty:</p>', 'nazwa kursu:', 'kwota do zapłaty za pakiet 4 lekcji po 30 minut: 300zł', 'pakiet jest do wykorzystania w ciągu 30 dni od daty zakupu', '<p>W przypadku pytań prosimy o kontakt z działem sprzedaży: sekretariat@konwersatriummuzyczne.pl lub pod numerem telefonu +48 883 489 184</p>', '<p>Prosimy o wybór sposobu platnosci</p>', 'Potwierdź', 'Kup Teraz', 'Regulamin płatności online poprzez serwis Dotpay sp. z o.o. na rzecz Konwersatorium Muzycznego w Warszawie', '<p>Bogna Kołodziej Konwersatorium Muzyczne</p>\r\n<p>Aleje Jerozolimskie 47/20</p>\r\n<p>00-697 Warszawa</p>\r\n<p>Santander Bank Polska SA, nr konta: 82109018700000000146786604</p>\r\n<p>Prosimy o podanie w tytule przelewu numeru rezerwacji oraz nazwy kursu:</p>', '<p>Konwersatorium Muzyczne</p>\r\n<p>Aleje Jerozolimskie 47/20</p>\r\n<p>00-697 Warszawa</p>\r\n<p>Prosimy o umówienie się na spotkanie.</p>', '<p><b>400 PLN pełna wpłata</b></p>\r\n<p>Przelew online dokonywany jest poprzez operatora płatności Dotpay sp. z o. o.</p>'),
(2, 2, 'Offer', 'Buy Now', 'Pay Now', 'Traditional bank transfer', 'Online payment', 'Payment at the school premises', '<p>Please complete the order form. You will then be redirected to select your payment method.</p>', '<p> An information confirming the booking of the following offer will be sent to your mailbox: </p>', 'course name:', 'amount to be paid for a package of 4 lessons of 30 minutes: <span id=\"price-display-info\"></span>', 'the package can be used within 30 days from the date of purchase', '<p> If you have any questions, please contact the sales department: sekretariat@konwersatriummuzyczne.pl or by calling +48 883 489 184 </p>', '<p> TODO: Please choose payment method </p>', 'Submit', 'Buy Now', 'Online payment regulations via Dotpay sp.z o.o. for the Music Conversatory in Warsaw', '<p>Bogna Kołodziej Konwersatorium Muzyczne</p>\r\n<p>Aleje Jerozolimskie 47/20</p>\r\n<p>00-697 Warszawa</p>\r\n<p>Santander Bank Polska SA, account number: 82109018700000000146786604</p>\r\n<p> Please provide the reservation number and the name of the course in the transfer title:\r\n</p>', '<p>Konwersatorium Muzyczne</p>\r\n<p>Aleje Jerozolimskie 47/20</p>\r\n<p>00-697 Warszawa</p>\r\n<p>Please make an appointment.</p>', '<p> <b>€99 full payment </b> </p>\r\n<p> Online transfer is made through the payment operator Dotpay sp. z o. o. </p>'),
(3, 3, 'Phục vụ', 'Mua ngay', 'Trả tiền ngay', 'Chuyển khoản ngân hàng truyền thống', 'Thanh toán trực tuyến', 'Thanh toán tại cơ sở của trường', '<p>\r\nVui lòng hoàn thành mẫu đơn đặt hàng. Sau đó, bạn sẽ được chuyển hướng để chọn phương thức thanh toán của mình.</p>', '<p> Thông tin xác nhận việc đặt ưu đãi sau sẽ được gửi đến hộp thư của bạn: </p>', 'tên khóa học:', 'số tiền phải trả cho gói 4 buổi học 30 phút: <span id=\"price-display-info\"></span>', '\r\ngói có thể được sử dụng trong vòng 30 ngày kể từ ngày mua', '<p> Mọi thắc mắc vui lòng liên hệ phòng kinh doanh: sekretaries@konwersatriummuzyczne.pl hoặc gọi số +48 883 489 184 </p>', '<p> Vui lòng chọn phương thức thanh toán </p>', 'Gửi đi', 'Mua ngay', 'Quy định thanh toán trực tuyến qua Dotpay sp.z o.o. cho Konwersatorium Muzyczne ở Warsaw', '<p>Bogna Kołodziej Konwersatorium Muzyczne</p>\r\n<p>Aleje Jerozolimskie 47/20</p>\r\n<p>00-697 Warszawa</p>\r\n<p>Santander Bank Polska SA, số tài khoản: 82109018700000000146786604</p>\r\n<p> Vui lòng cung cấp số đặt chỗ và tên khóa học trong tiêu đề chuyển nhượng:\r\n</p>', '<p>Konwersatorium Muzyczne</p>\r\n<p>Aleje Jerozolimskie 47/20</p>\r\n<p>00-697 Warszawa</p>\r\n<p> Vui lòng đặt lịch hẹn. </p>', '<p> <b> Thanh toán đầy đủ €99 </b> </p>\r\n<p> Chuyển khoản trực tuyến được thực hiện thông qua nhà điều hành thanh toán Dotpay sp. z o. o. </p>'),
(4, 4, '提供', '立即購買', '現在付款', '傳統銀行轉帳', '網上支付', '在校舍付款', '<p>請填寫訂購單。然後，您將被重定向到選擇付款方式。</ p>', '<p>確認確認以下優惠的信息將發送到您的郵箱：</ p>', '課程名：', '套4節30分鐘的課程的總費用：<span id=\"price-display-info\"></span>', '自購買之日起30天內可以使用該包裝', '<p>如有任何疑問，請聯繫銷售部門：sekretariat@konwersatriummuzyczne.pl或致電+48 883 489 184 </ p>', '<p> 請選擇付款方式</ p>', '提交', '立即購買', '通過Dotpay sp.z o.o.在線付款規定華沙的Konwersatorium Muzyczne商店', '<p>Bogna Kołodziej Konwersatorium Muzyczne</p>\r\n<p>Aleje Jerozolimskie 47/20</p>\r\n<p>00-697 Warszawa\r\n<p>Santander Bank Polska SA, 帳號: 82109018700000000146786604</p>\r\n<p>請在轉移標題中提供預訂號和課程名稱</p>', '<p>Konwersatorium Muzyczne</p>\r\n<p>Aleje Jerozolimskie 47/20</p>\r\n<p>00-697 Warszawa</p>\r\n<p>請預約。 </ p>\r\n<p>請在轉移標題中提供預訂號和課程名稱：</ p>', '<p> <b> 99歐元全額付款</ b> </ p>\r\n<P>在線傳輸是通過操作員的付款SP Dotpay製成。則o。 </ p>');

-- --------------------------------------------------------

--
-- Struktura tabeli dla tabeli `shop_client_reservations`
--

CREATE TABLE `shop_client_reservations` (
  `id` int(10) UNSIGNED NOT NULL,
  `offer_id` int(10) UNSIGNED NOT NULL,
  `offer_category` varchar(255) NOT NULL,
  `offer_name` varchar(255) NOT NULL,
  `lang_code` varchar(2) NOT NULL,
  `name` varchar(255) NOT NULL,
  `surname` varchar(255) NOT NULL,
  `street` varchar(255) NOT NULL,
  `town` varchar(255) NOT NULL,
  `postcode` varchar(10) NOT NULL,
  `country` varchar(255) NOT NULL,
  `email` varchar(255) DEFAULT NULL,
  `res_no` varchar(255) NOT NULL,
  `res_date` date NOT NULL,
  `res_active` tinyint(1) NOT NULL,
  `res_paid` tinyint(1) NOT NULL,
  `amount` int(10) DEFAULT NULL,
  `currency` varchar(3) DEFAULT NULL,
  `lesson_type` varchar(100) NOT NULL
) ENGINE=InnoDB DEFAULT CHARSET=utf8mb4;

--
-- Zrzut danych tabeli `shop_client_reservations`
--

INSERT INTO `shop_client_reservations` (`id`, `offer_id`, `offer_category`, `offer_name`, `lang_code`, `name`, `surname`, `street`, `town`, `postcode`, `country`, `email`, `res_no`, `res_date`, `res_active`, `res_paid`, `amount`, `currency`, `lesson_type`) VALUES
(1, 11, 'dla dorosłych', 'Klasa śpiewu', 'pl', 'Iza Makowska', 'Makowska', 'Obywatelska 1/39', 'Warszawa-2-', '02-409', 'PL', 'izamakowska07@gmail.com', '20210307153813', '2021-03-07', 1, 0, 400, 'PLN', 'facetoface'),
(2, 37, 'dla dzieci', 'Zajęcia sensoryczne', 'pl', 'Magdalena', 'Słobodzian', 'Króla Kazimierza 15', 'Warszawa', '04-854', 'PL', 'mag.slobodzian@gmail.com', '20210413215836', '2021-04-13', 1, 0, 400, 'PLN', 'facetoface');

-- --------------------------------------------------------

--
-- Struktura tabeli dla tabeli `special_offer_2_translation`
--

CREATE TABLE `special_offer_2_translation` (
  `id` int(10) UNSIGNED NOT NULL,
  `languages_id` int(10) UNSIGNED NOT NULL,
  `heading_3` varchar(255) DEFAULT NULL,
  `heading_2` varchar(255) DEFAULT NULL,
  `short_desc` varchar(5000) DEFAULT NULL,
  `long_desc` mediumtext NOT NULL,
  `button` varchar(255) DEFAULT NULL,
  `img` varchar(255) DEFAULT NULL
) ENGINE=InnoDB DEFAULT CHARSET=utf8mb4;

--
-- Zrzut danych tabeli `special_offer_2_translation`
--

INSERT INTO `special_offer_2_translation` (`id`, `languages_id`, `heading_3`, `heading_2`, `short_desc`, `long_desc`, `button`, `img`) VALUES
(1, 1, 'Najlepszy prezent', 'Podaruj muzykę, podaruj emocje', '<p>Szukasz wyjątkowego prezentu dla bliskiej osoby? Podaruj emocje, przeżycie, którego nie sposób będzie zapomnieć. Bo najbardziej liczą się rzeczy niematerialne. To najcenniejsze prezenty dla ukochanych osób.</p>\r\n<p>Prezent możemy przygotować w wersji papierowej w ozdobnej kopercie lub w wersji elektronicznej</p>', '<p>Szukasz wyjątkowego prezentu dla bliskiej osoby? Podaruj emocje, przeżycie, którego nie sposób będzie zapomnieć. Bo najbardziej liczą się rzeczy niematerialne. To najcenniejsze prezenty dla ukochanych osób.</p>\r\n					<p>A może szukasz czegoś wyjątkowego dla siebie?</p>\r\n<p>Lubisz muzykę? Zawsze chciałeś spróbować? Nie było czasu? Zabrakło możliwości? Podaruj sobie lekcje gry na instumencie lub śpiewu!<br>\r\n<a href=\" https://youtu.be/r6ThuFthhsE \"> Zobacz 2 minutowy film o nas na YT</a></p>\r\n<p>Nasza szkoła oferuje specjalny program dla dzieci i dorosłych, którzy chcieliby spełnić marzenie i rozpocząć naukę od podstaw oraz dla już grających.</p>\r\n<p>NIE MUSISZ MIEĆ SWOJEGO INSTRUMENTU! Tylko u nas w szkole, nie trzeba mieć swojego instrumentu. Możecie Państwo spróbować zagrać na naszym saksofonie lub wiolonczeli.</p>\r\n<p>Wszystkie lekcje są INDYWIDUALNE, na żywo w centrum Warszawy oraz online! Od poniedziałku do soboty w godzinach 9:00-22:00!</p>\r\n<p>Mamy specjalnie przygotowany program dla osób dorosłych, które chcą rozpocząć przygodę z muzyką od podstaw – m.in. tematy z dzieł klasycznych, muzyka filmowa, jazz.</p>\r\n<p>Nasi nauczyciele, absolwenci Akademii Muzycznych, mają innowacyjne i skutecznie metody, wprowadzają w fascynujący świat muzyki z pasją, bez stresu. GWARANTUJEMY DOŚWIADCZENIE, bo nasza szkoła istnieje w Warszawie już 25 lat!</p>\r\n<p><b>Do wyboru:</b><br>\r\n- fortepian<br>\r\n- saksofon<br>\r\n- wiolonczela<br>\r\n- ukulele<br>\r\n- gitara klasyczna i elektryczna<br>\r\n- śpiew klasyczny i rozrywkowy</p>\r\n\r\n\r\n<p><b>A moze <a href=\"https://www.konwersatoriummuzyczne.pl/offer/special/pl/14\">SUPER PREZENT?</a> Gitara w pakiecie z lekcjami!</b></p>\r\n\r\n<p><b>Proponujemy dwa vouchery:</b></p>\r\n<p>Lekcja pojedyncza - 99zł</p>\r\n<p>Pakiet 4 lekcje - 399zł</p>\r\n<p>Terminy zajęć są ustalane indywidualnie</p>\r\n<p>Dbamy o bezpieczeństwo - sale są komfortowe, przestronne 30-40m2 co pozwala zachować bezpieczny dystans.</p>\r\n<p>Prezent możemy przygotować w wersji papierowej w ozdobnej kopercie lub w wersji elektronicznej</p>\r\n\r\n<p><b>Nie czekaj, zadzwoń już dziś</b> 883 489 184<br> lub\r\nnapisz: <a href=\"mailto:sekretariat@konwersatoriummuzyczne.pl\">sekretariat@konwersatoriummuzyczne.pl</a> i zarezerwuj swój najlepszy prezent!</p>', 'Vouchery', '/images/oferta-ikony/prezent.jpg'),
(2, 2, 'The best gift', 'Give music, give emotions', '<p> Are you looking for a unique gift for a loved one? Give emotions, an unforgettable experience. Because what matters most is intangible things. These are the most valuable gifts for loved ones. </p>\r\n<p> The gift can be prepared in a paper version in a decorative envelope or in an electronic version </p>', '<p> Are you looking for a unique gift for a loved one? Give emotions, an unforgettable experience. Because the most intangible things. These are the most valuable gifts for loved ones. </p>\n<p> Or maybe you are looking for something special for yourself? </p>\n<p> Do you like music? Always wanted to try? There was no time? Out of options? Treat yourself to an instrument or singing lessons!\n<a href=\" https://youtu.be/r6ThuFthhsE \"> Watch a 2-minute movie about us on YT </a> </p>\n<p> Our school offers a special program for children and adults who would like to fulfill their dreams and start learning from scratch and for those who are already playing. </p>\n<p> YOU DON\'T HAVE YOUR INSTRUMENT! Only with us at school, you don\'t need your own instrument. You can try to play our saxophone or cello. </p>\n<p> All lessons are INDIVIDUAL, live in the center of Warsaw and online! Monday to Saturday, 9:00 am - 10:00 pm! </p>\n<p> We have a specially prepared program for adults who want to start their adventure with music from scratch - incl. themes from classical works, film music, jazz. </p>\n<p> Our teachers, graduates of Music Academies, have innovative and effective methods, they introduce to the fascinating world of music with passion, without stress. WE GUARANTEE EXPERIENCE, because our school has been operating in Warsaw for 25 years! </p>\n<p> <b> Options: </b> <br>\n- piano <br>\n- saxophone <br>\n- cello <br>\n- ukulele <br>\n- classical and electric guitar <br>\n- classical and entertaining singing </p>\n\n<p> <b> We offer two vouchers: </b> </p>\n<p> Single lesson - €25 </p>\n<p> Package 4 lessons - €99 </p>\n<p> Dates of classes are set individually </p>\n<p> We care about safety - the rooms are comfortable, spacious, 30-40m2, which allows you to keep a safe distance.\n<p> The gift can be prepared in a paper version in a decorative envelope or in an electronic version </p>\n\n<p> <b> Don\'t wait, call us today </b> 883 489 184 <br> or\nwrite: <a href=\"mailto:sekretariat@konwersatoriummuzyczne.pl\"> sekretariat@konwersatoriummuzyczne.pl </a> and book your best gift! </p>', 'Voucher', '/images/oferta-ikony/prezent.jpg'),
(3, 3, 'Món quà tốt nhất', 'Cho âm nhạc, cho cảm xúc', '<p> Bạn đang tìm kiếm một món quà độc đáo cho người thân yêu? Cho những cảm xúc, một trải nghiệm khó quên. Vì những thứ vô hình nhất. Đây là những món quà giá trị nhất dành cho những người thân yêu. </p>\r\n<p> Món quà có thể được chuẩn bị dưới dạng phiên bản giấy trong phong bì trang trí hoặc phiên bản điện tử </p>', '<p> Bạn đang tìm kiếm một món quà độc đáo cho người thân yêu? Cho những cảm xúc, một trải nghiệm khó quên. Vì những thứ vô hình nhất. Đây là những món quà giá trị nhất dành cho những người thân yêu. </p>\r\n<p> Hoặc có thể bạn đang tìm kiếm điều gì đó đặc biệt cho chính mình? </p>\r\n<p> Bạn có thích âm nhạc không? Luôn muốn thử? Không có thời gian? Hết các lựa chọn? Tự thưởng cho mình một nhạc cụ hoặc các bài học hát!\r\n<a href=\" https://youtu.be/r6ThuFthhsE \"> Xem một bộ phim dài 2 phút về chúng tôi trên YT </a> </p>\r\n<p> Trường học của chúng tôi cung cấp một chương trình đặc biệt cho trẻ em và người lớn, những người muốn thực hiện ước mơ của mình và bắt đầu học lại từ đầu và cho những người đã chơi. </p>\r\n<p> BẠN KHÔNG CÓ CÔNG CỤ CỦA BẠN! Chỉ với chúng tôi tại trường, bạn không cần nhạc cụ của riêng mình. Bạn có thể thử chơi saxophone hoặc cello của chúng tôi. </p>\r\n<p> Tất cả các bài học đều là CÁ NHÂN, trực tiếp ở trung tâm Warsaw và trực tuyến! Thứ Hai đến Thứ Bảy, 9:00 sáng - 10:00 tối! </p>\r\n<p> Chúng tôi có một chương trình được chuẩn bị đặc biệt dành cho người lớn muốn bắt đầu cuộc phiêu lưu với âm nhạc từ đầu - bao gồm cả. chủ đề từ các tác phẩm cổ điển, nhạc phim, nhạc jazz. </p>\r\n<p> Các giáo viên của chúng tôi, những sinh viên tốt nghiệp từ Học viện Âm nhạc, có những phương pháp sáng tạo và hiệu quả, họ giới thiệu đến thế giới âm nhạc hấp dẫn một cách say mê mà không hề căng thẳng. CHÚNG TÔI ĐẢM BẢO TRẢI NGHIỆM, bởi vì trường của chúng tôi đã hoạt động ở Warsaw được 25 năm! </p>\r\n<p> <b> Tùy chọn: </b> <br>\r\n- đàn piano <br>\r\n- saxophone <br>\r\n- cello <br>\r\n- ukulele <br>\r\n- guitar điện và cổ điển <br>\r\n- hát cổ điển và giải trí </p>\r\n\r\n<p> <b> Chúng tôi cung cấp hai phiếu thưởng: </b> </p>\r\n<p> Bài học đơn - €25 </p>\r\n<p> Gói 4 bài học - €99 </p>\r\n<p> Ngày của các lớp học được đặt riêng </p>\r\n<p> Chúng tôi quan tâm đến sự an toàn - các phòng đều thoải mái, rộng rãi, rộng từ 30-40m2, cho phép bạn giữ khoảng cách an toàn.\r\n<p> Món quà có thể được chuẩn bị dưới dạng phiên bản giấy trong phong bì trang trí hoặc phiên bản điện tử </p>\r\n\r\n<p> <b> Đừng chờ đợi, hãy gọi cho chúng tôi ngay hôm nay </b> 883 489 184 <br> hoặc\r\nviết: <a href=\"mailto:sekretaries@konwersatoriummuzyczne.pl\"> sekretaries@konwersatoriummuzyczne.pl </a> và đặt món quà tốt nhất của bạn! </p>', 'chứng từ', '/images/oferta-ikony/prezent.jpg'),
(4, 4, '最好的禮物', '傳遞音樂，傳遞情感', '<p>您是否在為親人尋找獨特的禮物？ 給予情感，一次難忘的經歷。 因為最無形的東西。 這些是送給親人的最有價值的禮物。</ p>\r\n<p>禮物可以用紙質版本裝在裝飾性信封中，也可以用電子版本</ p>', '<p>您是否正在尋找一份給親人的獨特禮物？給予情感，一次難忘的經歷。因為最無形的東西。這些是給親人的最有價值的禮物。 </ p>\r\n<p>也許您正在尋找適合自己的東西？ </ p>\r\n<p>你喜歡音樂嗎？一直想嘗試嗎？沒有時間嗎別無選擇？享受樂器或唱歌課的樂趣！\r\n<a href=\" https://youtu.be/r6ThuFthhsE \">在YouTube上觀看有關我們的2分鐘電影</a> </ p>\r\n<p>我們的學校為希望實現夢想並從頭開始學習的兒童和成人以及已經玩耍的孩子提供特殊計劃。 </ p>\r\n<p>您沒有樂器！僅在我們在學校的時候，您不需要自己的樂器。您可以嘗試演奏我們的薩克斯風或大提琴。 </ p>\r\n<p>所有課程均為個人課程，居住在華沙市中心，維拉諾夫以及在線！週一至週六，上午9:00-晚上10:00！ </ p>\r\n<p>我們為成年人準備了特別準備的程序，這些成年人想從頭開始用音樂開始冒險-包括古典作品，電影音樂和爵士樂的主題。 </ p>\r\n<p>我們的老師，音樂學院的畢業生，擁有創新而有效的方法，他們可以毫無壓力地將激情帶入迷人的音樂世界。我們保證經驗，因為我們的學校在華沙已經運營了25年！ </ p>\r\n<p> <b>選項：</ b> <br>\r\n-鋼琴<br>\r\n-薩克斯風<br>\r\n-大提琴<br>\r\n-夏威夷四弦琴<br>\r\n-古典和電吉他<br>\r\n-古典而有趣的唱歌</ p>\r\n\r\n<p> <b>我們提供兩張優惠券：</ b> </ p>\r\n<p>單節課-€25 </ p>\r\n<p>套餐4課-€99 </ p>\r\n<p>上課日期是單獨設置的</ p>\r\n<p>我們關心安全-房間舒適，寬敞，面積30-40平方米，可讓您保持安全距離。\r\n<p>禮物可以用紙質版本裝在裝飾性信封中，也可以用電子版本</ p>\r\n\r\n<p> <b>不要等待，請今天致電</ b> 883 489 184 <br>或\r\n寫下：<a href=\"mailto:sekretariat@konwersatoriummuzyczne.pl\"> sekretariat@konwersatoriummuzyczne.pl </a>並預訂您最好的禮物！ </ p>', '憑證', '/images/oferta-ikony/prezent.jpg');

-- --------------------------------------------------------

--
-- Struktura tabeli dla tabeli `special_offer_3_translation`
--

CREATE TABLE `special_offer_3_translation` (
  `id` int(10) UNSIGNED NOT NULL,
  `languages_id` int(10) UNSIGNED NOT NULL,
  `heading_3` varchar(255) DEFAULT NULL,
  `heading_2` varchar(255) DEFAULT NULL,
  `short_desc` varchar(5000) DEFAULT NULL,
  `long_desc` mediumtext NOT NULL,
  `button` varchar(255) DEFAULT NULL,
  `img` varchar(255) DEFAULT NULL
) ENGINE=InnoDB DEFAULT CHARSET=utf8mb4;

--
-- Zrzut danych tabeli `special_offer_3_translation`
--

INSERT INTO `special_offer_3_translation` (`id`, `languages_id`, `heading_3`, `heading_2`, `short_desc`, `long_desc`, `button`, `img`) VALUES
(1, 1, 'ZAPRASZAMY', 'Zimowe Warsztaty Muzyczne 2021', '<p>W styczniu zapraszamy na Zimowe Warsztaty Muzyczne, które odbędą się w tym roku stacjonarnie, w naszej siedzibie w centrum Warszawy oraz online, przez co będą dostępne dla znacznie szerszego grona odbiorców.</p><p>Kurs jest przeznaczony dla osób - dzieci, dorosłych i seniorów, którzy chcieliby rozpocząć przygodę z muzyką lub pogłębić i rozwinąć swoje umiejętności.</p>', '<p>W styczniu zapraszamy na Zimowe Warsztaty Muzyczne, które odbędą się w tym roku stacjonarnie, w naszej siedzibie w centrum Warszawy oraz online, przez co będą dostępne dla znacznie szerszego grona odbiorców.</p>\r\n<p>Kurs jest przeznaczony dla osób - dzieci, dorosłych i seniorów, którzy chcieliby rozpocząć przygodę z muzyką lub pogłębić i rozwinąć swoje umiejętności.</p>\r\n<p>Warsztaty składają się z pakietów 4 lekcji. Koszt pakietu 4 lekcje to 400zł. Jeśli spodobają się zajęcia istnieje możliwość kontynuacji.</p>\r\n<p><b>Zapraszamy na indywidualne zajęcia:</b>\r\n<ul>\r\n<li>Klasa gitary i ukulele</li>\r\n<li>Klasa wiolonczeli</li>\r\n<li>Klasa saksofonu</li>\r\n<li>Klasa śpiewu – klasycznego oraz rozrywkowego</li>\r\n</ul>\r\n<p>Wszystkie lekcje są indywidualne, program przygotowywany jest specjalnie dla poszczególnych uczestników zajęć.</p>\r\n<p>Nasi nauczyciele są absolwentami europejskich Akademii Muzycznych oraz Uniwersytetów, a także są czynnymi artystami, występującymi w najbardziej prestiżowych salach koncertowych m.in. w Carnegie Hall. Łącząc bycie muzykiem z pasją nauczania mogą skuteczniej wspierać w rozwoju muzycznym swoich podopiecznych.</p>\r\n<p>Wszyscy są nauczycielami w Konwersatorium Muzycznym. Każdy słuchacz - dorosły i dziecko może wziąć udział w wybranym kursie, niezależnie od swoich umiejętności.</p>\r\n<p>Zajęcia odbywają się w styczniu 2021, od poniedziałku do soboty w godzinach 9:00-22:00. Lekcje online są dostępne z uwzględnieniem występujących różnic czasu. Zajęcia przeznaczone są zarówno dla dzieci początkujących, jak też dla już grających i zaawansowanych. Materiały do nauki – nuty przesyłamy mejlem. Zajęcia odbywają się online indywidualnie – na żywo w uzgodnionym terminie. Lekcje są dostępne w języku polskim i angielskim.</p>\r\n<p><b>Już trwają zapisy. Liczba miejsc ograniczona. Zapisy i informacje 883 489 184</b></p>', 'Warsztaty', '/images/oferta/zima.jpg'),
(2, 2, 'WELCOME', 'Winter Music Workshops 2021', '<p> In January, we invite you to the Winter Music Workshops, which will be held this year in stationary, at our headquarters in the center of Warsaw and online, which will make them available to a much wider audience. </p>\r\n<p> The course is intended for people - children, adults and seniors who would like to start an adventure with music or deepen and develop their skills. </p>', '<p> In January, we invite you to the Winter Music Workshops, which will be held this year in stationary, at our headquarters in the center of Warsaw and online, which will make them available to a much wider audience. </p>\r\n<p> The course is intended for people - children, adults and seniors who would like to start an adventure with music or deepen and develop their skills. </p>\r\n<p> The workshops consist of packages of 4 lessons. The cost of the 4 lessons package is PLN 400. If you like the class, you can continue. </p>\r\n<p> <b> We invite you to individual classes: </b>\r\n<ul>\r\n<li> Guitar and ukulele class </li>\r\n<li> Cello class </li>\r\n<li> Saxophone class </li>\r\n<li> Singing class - classical and entertainment </li>\r\n</ul>\r\n<p> All lessons are individual, the program is prepared especially for individual participants\r\n<p> Our teachers are graduates of European Music Academies and Universities, and are also active artists, performing in the most prestigious concert halls, incl. at Carnegie Hall. By combining being a musician with a passion for teaching, they can more effectively support their students in the musical development. </p>\r\n<p> They are all teachers in the Music Conversatory. Each student - adult and child, can take part in the selected course, regardless of their skills. </p>\r\n<p> Classes are held in January 2021, from Monday to Saturday, 9:00 a.m. to 10:00 p.m. Online lessons are available subject to time differences. The classes are intended both for beginner children as well as for already playing and advanced children. Learning materials - we send the notes by e-mail. Classes are held online individually - live on an agreed date. Lessons are available in Polish and English. </p>\r\n<p> <b> Registration is already in progress. The number of places is limited. Records and information 883 489 184 </b> </p>', 'Workshops', '/images/oferta/zima.jpg'),
(3, 3, 'CHÀO MỪNG', 'Hội thảo âm nhạc mùa đông 2021', '<p> Vào tháng 1, chúng tôi mời bạn đến với Hội thảo âm nhạc mùa đông, sẽ được tổ chức trong năm nay tại văn phòng, tại trụ sở chính của chúng tôi ở trung tâm Warsaw và trực tuyến, điều này sẽ cung cấp cho nhiều khán giả hơn. </p>\r\n<p> Khóa học dành cho mọi người - trẻ em, người lớn và người cao tuổi muốn bắt đầu cuộc phiêu lưu với âm nhạc hoặc đào sâu và phát triển các kỹ năng của họ. </p>', '<p> Vào tháng 1, chúng tôi mời bạn đến với Hội thảo Âm nhạc Mùa đông, sẽ được tổ chức trong năm nay tại chỗ, tại trụ sở chính của chúng tôi ở trung tâm Warsaw và trực tuyến, sẽ cung cấp cho nhiều khán giả hơn. </p>\r\n<p> Khóa học dành cho mọi người - trẻ em, người lớn và người cao tuổi muốn bắt đầu cuộc phiêu lưu với âm nhạc hoặc đào sâu và phát triển các kỹ năng của họ. </p>\r\n<p> Các hội thảo bao gồm các gói gồm 4 bài học. Học phí của gói 4 buổi học là 400 PLN. Nếu bạn thích lớp học, bạn có thể tiếp tục. </p>\r\n<p> <b> Chúng tôi mời bạn tham gia các lớp học cá nhân: </b>\r\n<ul>\r\n<li> Lớp học guitar và ukulele </li>\r\n<li> Lớp học Cello </li>\r\n<li> Lớp học kèn Saxophone </li>\r\n<li> Lớp học hát - cổ điển và giải trí </li>\r\n</ul>\r\n<p> Tất cả các bài học là riêng lẻ, chương trình được chuẩn bị đặc biệt cho những người tham gia cá nhân\r\n<p> Giáo viên của chúng tôi là sinh viên tốt nghiệp tại các Học viện và Đại học Âm nhạc Châu Âu, đồng thời cũng là những nghệ sĩ tích cực, biểu diễn trong các phòng hòa nhạc uy tín nhất, bao gồm. tại Carnegie Hall. Bằng cách kết hợp trở thành một nhạc sĩ với niềm đam mê giảng dạy, họ có thể hỗ trợ hiệu quả hơn cho học sinh của mình trong việc phát triển âm nhạc. </p>\r\n<p> Tất cả họ đều là giáo viên trong Trò chuyện âm nhạc. Mỗi học sinh - người lớn và trẻ em, có thể tham gia vào khóa học đã chọn, bất kể kỹ năng của họ. </p>\r\n<p> Các lớp học được tổ chức vào tháng 1 năm 2021, từ Thứ Hai đến Thứ Bảy, 9:00 sáng đến 10:00 tối. Các bài học trực tuyến có sẵn tùy thuộc vào thời gian khác nhau. Các lớp học dành cho cả trẻ em mới bắt đầu cũng như trẻ em đã chơi và nâng cao. Tài liệu học tập - chúng tôi gửi các ghi chú qua e-mail. Các lớp học được tổ chức trực tuyến riêng lẻ - trực tiếp vào một ngày đã thống nhất. Các bài học có sẵn bằng tiếng Ba Lan và tiếng Anh. </p>\r\n<p> <b> Đăng ký đã được tiến hành. Số lượng nơi có hạn. Hồ sơ và thông tin 883 489 184 </b> </p>', 'Hội thảo', '/images/oferta/zima.jpg'),
(4, 4, '歡迎', '2021年冬季音樂工作坊', '\r\n<p> 1月份，我們邀請您參加今年冬季固定音樂節，該音樂節將在華沙市中心的總部固定地點舉行，並通過在線方式進行，使更多的觀眾可以使用。 </ p>\r\n<p>該課程面向希望通過音樂進行冒險或加深和發展技能的人們-兒童，成人和老年人。 </ p>', '\r\n<p> 1月，我們邀請您參加今年冬季音樂研討會，該研討會將在華沙市中心的總部固定地點舉行，並在線進行，這將使更多的聽眾能夠使用它們。 </ p>\r\n<p>該課程面向希望通過音樂進行冒險或加深和發展技能的人們-兒童，成人和老年人。 </ p>\r\n<p>這些講習班由4節課組成。 4節課的費用為400波蘭茲羅提。如果您喜歡這堂課，則可以繼續。 </ p>\r\n<p> <b>我們邀請您參加單獨的課程：</ b>\r\n<ul>\r\n<li>吉他和四弦琴課程</ li>\r\n<li>大提琴班</ li>\r\n<li>薩克斯風類</ li>\r\n<li>唱歌課-古典和娛樂</ li>\r\n</ ul>\r\n<p>所有課程均為個人課程，該課程是專門為個人參與者準備的\r\n<p>我們的老師是歐洲音樂學院和大學的畢業生，也是活躍的藝術家，在最負盛名的音樂廳表演，包括。在卡內基音樂廳。通過將音樂家和教學熱情相結合，他們可以更有效地支持學生的音樂發展。 </ p>\r\n<p>他們都是音樂對話中的老師。每個學生-成人和兒童，無論其技能如何，都可以參加所選課程。 </ p>\r\n<p>授課時間為2021年1月，從星期一至星期六，上午9:00至下午10:00。提供在線課程的時間有所不同。這些課程既適合初學者，也適合已經玩過的孩子和高級孩子。學習資料-我們通過電子郵件發送註釋。課堂在線上單獨舉行-在約定的日期上課。提供波蘭語和英語課程。 </ p>\r\n<p> <b>註冊已經在進行中。名額有限。記錄和信息883489184 </ b> </ p>', '工作坊', '/images/oferta/zima.jpg');

--
-- Indeksy dla zrzutów tabel
--

--
-- Indeksy dla tabeli `admin_users`
--
ALTER TABLE `admin_users`
  ADD PRIMARY KEY (`id`),
  ADD UNIQUE KEY `user_name` (`user_name`);

--
-- Indeksy dla tabeli `category`
--
ALTER TABLE `category`
  ADD PRIMARY KEY (`id`),
  ADD KEY `common_desc_id` (`common_desc_id`);

--
-- Indeksy dla tabeli `category_translation`
--
ALTER TABLE `category_translation`
  ADD PRIMARY KEY (`id`),
  ADD KEY `languages_id` (`languages_id`),
  ADD KEY `category_id` (`category_id`);

--
-- Indeksy dla tabeli `common_desc`
--
ALTER TABLE `common_desc`
  ADD PRIMARY KEY (`id`);

--
-- Indeksy dla tabeli `common_desc_translation`
--
ALTER TABLE `common_desc_translation`
  ADD PRIMARY KEY (`id`),
  ADD KEY `languages_id` (`languages_id`),
  ADD KEY `common_desc_id` (`common_desc_id`);

--
-- Indeksy dla tabeli `courses`
--
ALTER TABLE `courses`
  ADD PRIMARY KEY (`id`),
  ADD KEY `common_desc` (`common_desc_id`);

--
-- Indeksy dla tabeli `courses_heading_translation`
--
ALTER TABLE `courses_heading_translation`
  ADD PRIMARY KEY (`id`),
  ADD KEY `languages_id` (`languages_id`);

--
-- Indeksy dla tabeli `courses_translation`
--
ALTER TABLE `courses_translation`
  ADD PRIMARY KEY (`id`),
  ADD KEY `languages_id` (`languages_id`),
  ADD KEY `courses_id` (`courses_id`);

--
-- Indeksy dla tabeli `employee`
--
ALTER TABLE `employee`
  ADD PRIMARY KEY (`id`);

--
-- Indeksy dla tabeli `employee_translation`
--
ALTER TABLE `employee_translation`
  ADD PRIMARY KEY (`id`),
  ADD KEY `employee_id` (`employee_id`),
  ADD KEY `languages_id` (`languages_id`);

--
-- Indeksy dla tabeli `emp_heading_translation`
--
ALTER TABLE `emp_heading_translation`
  ADD PRIMARY KEY (`id`),
  ADD KEY `languages_id` (`languages_id`);

--
-- Indeksy dla tabeli `form_translation`
--
ALTER TABLE `form_translation`
  ADD PRIMARY KEY (`id`),
  ADD KEY `languages_id` (`languages_id`);

--
-- Indeksy dla tabeli `languages`
--
ALTER TABLE `languages`
  ADD PRIMARY KEY (`id`);

--
-- Indeksy dla tabeli `main_about_info_translation`
--
ALTER TABLE `main_about_info_translation`
  ADD PRIMARY KEY (`id`),
  ADD KEY `languages_id` (`languages_id`);

--
-- Indeksy dla tabeli `main_banner`
--
ALTER TABLE `main_banner`
  ADD PRIMARY KEY (`id`);

--
-- Indeksy dla tabeli `main_banner_translation`
--
ALTER TABLE `main_banner_translation`
  ADD PRIMARY KEY (`id`),
  ADD KEY `main_banner_id` (`main_banner_id`),
  ADD KEY `languages_id` (`languages_id`);

--
-- Indeksy dla tabeli `main_contact_translation`
--
ALTER TABLE `main_contact_translation`
  ADD PRIMARY KEY (`id`),
  ADD KEY `languages_id` (`languages_id`);

--
-- Indeksy dla tabeli `main_counter`
--
ALTER TABLE `main_counter`
  ADD PRIMARY KEY (`id`);

--
-- Indeksy dla tabeli `main_counter_translation`
--
ALTER TABLE `main_counter_translation`
  ADD PRIMARY KEY (`id`),
  ADD KEY `languages_id` (`languages_id`),
  ADD KEY `main_counter_id` (`main_counter_id`);

--
-- Indeksy dla tabeli `main_facts`
--
ALTER TABLE `main_facts`
  ADD PRIMARY KEY (`id`);

--
-- Indeksy dla tabeli `main_facts_translation`
--
ALTER TABLE `main_facts_translation`
  ADD PRIMARY KEY (`id`),
  ADD KEY `main_facts_id` (`main_facts_id`),
  ADD KEY `languages_id` (`languages_id`);

--
-- Indeksy dla tabeli `main_progress_heading_translation`
--
ALTER TABLE `main_progress_heading_translation`
  ADD PRIMARY KEY (`id`),
  ADD KEY `languages_id` (`languages_id`);

--
-- Indeksy dla tabeli `main_progress_translation`
--
ALTER TABLE `main_progress_translation`
  ADD PRIMARY KEY (`id`),
  ADD KEY `languages_id` (`languages_id`);

--
-- Indeksy dla tabeli `main_references_translation`
--
ALTER TABLE `main_references_translation`
  ADD PRIMARY KEY (`id`),
  ADD KEY `languages_id` (`languages_id`);

--
-- Indeksy dla tabeli `main_special_offer_translation`
--
ALTER TABLE `main_special_offer_translation`
  ADD PRIMARY KEY (`id`),
  ADD KEY `languages_id` (`languages_id`);

--
-- Indeksy dla tabeli `menu`
--
ALTER TABLE `menu`
  ADD PRIMARY KEY (`id`);

--
-- Indeksy dla tabeli `menu_translation`
--
ALTER TABLE `menu_translation`
  ADD PRIMARY KEY (`id`),
  ADD KEY `languages_id` (`languages_id`),
  ADD KEY `menu_id` (`menu_id`);

--
-- Indeksy dla tabeli `offer`
--
ALTER TABLE `offer`
  ADD PRIMARY KEY (`id`),
  ADD KEY `course_id` (`courses_id`),
  ADD KEY `category_id` (`category_id`);

--
-- Indeksy dla tabeli `offer_special`
--
ALTER TABLE `offer_special`
  ADD PRIMARY KEY (`id`),
  ADD KEY `languages_id` (`languages_id`);

--
-- Indeksy dla tabeli `references_category`
--
ALTER TABLE `references_category`
  ADD PRIMARY KEY (`id`);

--
-- Indeksy dla tabeli `references_category_translation`
--
ALTER TABLE `references_category_translation`
  ADD PRIMARY KEY (`id`),
  ADD KEY `languages_id` (`languages_id`),
  ADD KEY `references_category` (`references_category_id`);

--
-- Indeksy dla tabeli `shop_buy_translation`
--
ALTER TABLE `shop_buy_translation`
  ADD PRIMARY KEY (`id`),
  ADD KEY `languages_id` (`languages_id`);

--
-- Indeksy dla tabeli `shop_client_reservations`
--
ALTER TABLE `shop_client_reservations`
  ADD PRIMARY KEY (`id`),
  ADD KEY `offer_id` (`offer_id`);

--
-- Indeksy dla tabeli `special_offer_2_translation`
--
ALTER TABLE `special_offer_2_translation`
  ADD PRIMARY KEY (`id`),
  ADD KEY `languages_id` (`languages_id`);

--
-- Indeksy dla tabeli `special_offer_3_translation`
--
ALTER TABLE `special_offer_3_translation`
  ADD PRIMARY KEY (`id`),
  ADD KEY `languages_id` (`languages_id`);

--
-- AUTO_INCREMENT dla zrzuconych tabel
--

--
-- AUTO_INCREMENT dla tabeli `admin_users`
--
ALTER TABLE `admin_users`
  MODIFY `id` int(10) UNSIGNED NOT NULL AUTO_INCREMENT, AUTO_INCREMENT=2;

--
-- AUTO_INCREMENT dla tabeli `category`
--
ALTER TABLE `category`
  MODIFY `id` int(10) UNSIGNED NOT NULL AUTO_INCREMENT, AUTO_INCREMENT=11;

--
-- AUTO_INCREMENT dla tabeli `category_translation`
--
ALTER TABLE `category_translation`
  MODIFY `id` int(10) UNSIGNED NOT NULL AUTO_INCREMENT, AUTO_INCREMENT=41;

--
-- AUTO_INCREMENT dla tabeli `common_desc`
--
ALTER TABLE `common_desc`
  MODIFY `id` int(10) UNSIGNED NOT NULL AUTO_INCREMENT, AUTO_INCREMENT=7;

--
-- AUTO_INCREMENT dla tabeli `common_desc_translation`
--
ALTER TABLE `common_desc_translation`
  MODIFY `id` int(10) UNSIGNED NOT NULL AUTO_INCREMENT, AUTO_INCREMENT=25;

--
-- AUTO_INCREMENT dla tabeli `courses`
--
ALTER TABLE `courses`
  MODIFY `id` int(10) UNSIGNED NOT NULL AUTO_INCREMENT, AUTO_INCREMENT=26;

--
-- AUTO_INCREMENT dla tabeli `courses_heading_translation`
--
ALTER TABLE `courses_heading_translation`
  MODIFY `id` int(10) UNSIGNED NOT NULL AUTO_INCREMENT, AUTO_INCREMENT=5;

--
-- AUTO_INCREMENT dla tabeli `courses_translation`
--
ALTER TABLE `courses_translation`
  MODIFY `id` int(10) UNSIGNED NOT NULL AUTO_INCREMENT, AUTO_INCREMENT=110;

--
-- AUTO_INCREMENT dla tabeli `employee`
--
ALTER TABLE `employee`
  MODIFY `id` int(10) UNSIGNED NOT NULL AUTO_INCREMENT, AUTO_INCREMENT=21;

--
-- AUTO_INCREMENT dla tabeli `employee_translation`
--
ALTER TABLE `employee_translation`
  MODIFY `id` int(10) UNSIGNED NOT NULL AUTO_INCREMENT, AUTO_INCREMENT=64;

--
-- AUTO_INCREMENT dla tabeli `emp_heading_translation`
--
ALTER TABLE `emp_heading_translation`
  MODIFY `id` int(10) UNSIGNED NOT NULL AUTO_INCREMENT, AUTO_INCREMENT=5;

--
-- AUTO_INCREMENT dla tabeli `form_translation`
--
ALTER TABLE `form_translation`
  MODIFY `id` int(10) UNSIGNED NOT NULL AUTO_INCREMENT, AUTO_INCREMENT=5;

--
-- AUTO_INCREMENT dla tabeli `languages`
--
ALTER TABLE `languages`
  MODIFY `id` int(10) UNSIGNED NOT NULL AUTO_INCREMENT, AUTO_INCREMENT=5;

--
-- AUTO_INCREMENT dla tabeli `main_about_info_translation`
--
ALTER TABLE `main_about_info_translation`
  MODIFY `id` int(10) UNSIGNED NOT NULL AUTO_INCREMENT, AUTO_INCREMENT=5;

--
-- AUTO_INCREMENT dla tabeli `main_banner`
--
ALTER TABLE `main_banner`
  MODIFY `id` int(10) UNSIGNED NOT NULL AUTO_INCREMENT, AUTO_INCREMENT=2;

--
-- AUTO_INCREMENT dla tabeli `main_banner_translation`
--
ALTER TABLE `main_banner_translation`
  MODIFY `id` int(10) UNSIGNED NOT NULL AUTO_INCREMENT, AUTO_INCREMENT=5;

--
-- AUTO_INCREMENT dla tabeli `main_contact_translation`
--
ALTER TABLE `main_contact_translation`
  MODIFY `id` int(10) UNSIGNED NOT NULL AUTO_INCREMENT, AUTO_INCREMENT=5;

--
-- AUTO_INCREMENT dla tabeli `main_counter`
--
ALTER TABLE `main_counter`
  MODIFY `id` int(10) UNSIGNED NOT NULL AUTO_INCREMENT, AUTO_INCREMENT=4;

--
-- AUTO_INCREMENT dla tabeli `main_counter_translation`
--
ALTER TABLE `main_counter_translation`
  MODIFY `id` int(10) UNSIGNED NOT NULL AUTO_INCREMENT, AUTO_INCREMENT=15;

--
-- AUTO_INCREMENT dla tabeli `main_facts`
--
ALTER TABLE `main_facts`
  MODIFY `id` int(10) UNSIGNED NOT NULL AUTO_INCREMENT, AUTO_INCREMENT=5;

--
-- AUTO_INCREMENT dla tabeli `main_facts_translation`
--
ALTER TABLE `main_facts_translation`
  MODIFY `id` int(10) UNSIGNED NOT NULL AUTO_INCREMENT, AUTO_INCREMENT=17;

--
-- AUTO_INCREMENT dla tabeli `main_progress_heading_translation`
--
ALTER TABLE `main_progress_heading_translation`
  MODIFY `id` int(10) UNSIGNED NOT NULL AUTO_INCREMENT, AUTO_INCREMENT=5;

--
-- AUTO_INCREMENT dla tabeli `main_progress_translation`
--
ALTER TABLE `main_progress_translation`
  MODIFY `id` int(10) UNSIGNED NOT NULL AUTO_INCREMENT, AUTO_INCREMENT=29;

--
-- AUTO_INCREMENT dla tabeli `main_references_translation`
--
ALTER TABLE `main_references_translation`
  MODIFY `id` int(10) UNSIGNED NOT NULL AUTO_INCREMENT, AUTO_INCREMENT=5;

--
-- AUTO_INCREMENT dla tabeli `main_special_offer_translation`
--
ALTER TABLE `main_special_offer_translation`
  MODIFY `id` int(10) UNSIGNED NOT NULL AUTO_INCREMENT, AUTO_INCREMENT=5;

--
-- AUTO_INCREMENT dla tabeli `menu`
--
ALTER TABLE `menu`
  MODIFY `id` int(10) UNSIGNED NOT NULL AUTO_INCREMENT, AUTO_INCREMENT=9;

--
-- AUTO_INCREMENT dla tabeli `menu_translation`
--
ALTER TABLE `menu_translation`
  MODIFY `id` int(10) UNSIGNED NOT NULL AUTO_INCREMENT, AUTO_INCREMENT=33;

--
-- AUTO_INCREMENT dla tabeli `offer`
--
ALTER TABLE `offer`
  MODIFY `id` int(10) UNSIGNED NOT NULL AUTO_INCREMENT, AUTO_INCREMENT=57;

--
-- AUTO_INCREMENT dla tabeli `offer_special`
--
ALTER TABLE `offer_special`
  MODIFY `id` int(10) UNSIGNED NOT NULL AUTO_INCREMENT, AUTO_INCREMENT=16;

--
-- AUTO_INCREMENT dla tabeli `references_category`
--
ALTER TABLE `references_category`
  MODIFY `id` int(10) UNSIGNED NOT NULL AUTO_INCREMENT, AUTO_INCREMENT=4;

--
-- AUTO_INCREMENT dla tabeli `references_category_translation`
--
ALTER TABLE `references_category_translation`
  MODIFY `id` int(10) UNSIGNED NOT NULL AUTO_INCREMENT, AUTO_INCREMENT=13;

--
-- AUTO_INCREMENT dla tabeli `shop_buy_translation`
--
ALTER TABLE `shop_buy_translation`
  MODIFY `id` int(10) UNSIGNED NOT NULL AUTO_INCREMENT, AUTO_INCREMENT=5;

--
-- AUTO_INCREMENT dla tabeli `shop_client_reservations`
--
ALTER TABLE `shop_client_reservations`
  MODIFY `id` int(10) UNSIGNED NOT NULL AUTO_INCREMENT, AUTO_INCREMENT=3;

--
-- AUTO_INCREMENT dla tabeli `special_offer_2_translation`
--
ALTER TABLE `special_offer_2_translation`
  MODIFY `id` int(10) UNSIGNED NOT NULL AUTO_INCREMENT, AUTO_INCREMENT=5;

--
-- AUTO_INCREMENT dla tabeli `special_offer_3_translation`
--
ALTER TABLE `special_offer_3_translation`
  MODIFY `id` int(10) UNSIGNED NOT NULL AUTO_INCREMENT, AUTO_INCREMENT=5;

--
-- Ograniczenia dla zrzutów tabel
--

--
-- Ograniczenia dla tabeli `category`
--
ALTER TABLE `category`
  ADD CONSTRAINT `category_ibfk_1` FOREIGN KEY (`common_desc_id`) REFERENCES `common_desc` (`id`);

--
-- Ograniczenia dla tabeli `category_translation`
--
ALTER TABLE `category_translation`
  ADD CONSTRAINT `category_translation_ibfk_1` FOREIGN KEY (`languages_id`) REFERENCES `languages` (`id`),
  ADD CONSTRAINT `category_translation_ibfk_2` FOREIGN KEY (`category_id`) REFERENCES `category` (`id`) ON DELETE CASCADE;

--
-- Ograniczenia dla tabeli `common_desc_translation`
--
ALTER TABLE `common_desc_translation`
  ADD CONSTRAINT `common_desc_translation_ibfk_1` FOREIGN KEY (`languages_id`) REFERENCES `languages` (`id`),
  ADD CONSTRAINT `common_desc_translation_ibfk_2` FOREIGN KEY (`common_desc_id`) REFERENCES `common_desc` (`id`) ON DELETE CASCADE;

--
-- Ograniczenia dla tabeli `courses`
--
ALTER TABLE `courses`
  ADD CONSTRAINT `courses_ibfk_1` FOREIGN KEY (`common_desc_id`) REFERENCES `common_desc` (`id`);

--
-- Ograniczenia dla tabeli `courses_heading_translation`
--
ALTER TABLE `courses_heading_translation`
  ADD CONSTRAINT `courses_heading_translation_ibfk_1` FOREIGN KEY (`languages_id`) REFERENCES `languages` (`id`);

--
-- Ograniczenia dla tabeli `courses_translation`
--
ALTER TABLE `courses_translation`
  ADD CONSTRAINT `courses_translation_ibfk_1` FOREIGN KEY (`languages_id`) REFERENCES `languages` (`id`),
  ADD CONSTRAINT `courses_translation_ibfk_2` FOREIGN KEY (`courses_id`) REFERENCES `courses` (`id`) ON DELETE CASCADE;

--
-- Ograniczenia dla tabeli `employee_translation`
--
ALTER TABLE `employee_translation`
  ADD CONSTRAINT `employee_translation_ibfk_3` FOREIGN KEY (`languages_id`) REFERENCES `languages` (`id`),
  ADD CONSTRAINT `employee_translation_ibfk_4` FOREIGN KEY (`employee_id`) REFERENCES `employee` (`id`) ON DELETE CASCADE;

--
-- Ograniczenia dla tabeli `emp_heading_translation`
--
ALTER TABLE `emp_heading_translation`
  ADD CONSTRAINT `emp_heading_translation_ibfk_1` FOREIGN KEY (`languages_id`) REFERENCES `languages` (`id`);

--
-- Ograniczenia dla tabeli `form_translation`
--
ALTER TABLE `form_translation`
  ADD CONSTRAINT `form_translation_ibfk_1` FOREIGN KEY (`languages_id`) REFERENCES `languages` (`id`);

--
-- Ograniczenia dla tabeli `main_about_info_translation`
--
ALTER TABLE `main_about_info_translation`
  ADD CONSTRAINT `main_about_info_translation_ibfk_1` FOREIGN KEY (`languages_id`) REFERENCES `languages` (`id`);

--
-- Ograniczenia dla tabeli `main_banner_translation`
--
ALTER TABLE `main_banner_translation`
  ADD CONSTRAINT `main_banner_translation_ibfk_1` FOREIGN KEY (`main_banner_id`) REFERENCES `main_banner` (`id`),
  ADD CONSTRAINT `main_banner_translation_ibfk_2` FOREIGN KEY (`languages_id`) REFERENCES `languages` (`id`);

--
-- Ograniczenia dla tabeli `main_contact_translation`
--
ALTER TABLE `main_contact_translation`
  ADD CONSTRAINT `main_contact_translation_ibfk_1` FOREIGN KEY (`languages_id`) REFERENCES `languages` (`id`);

--
-- Ograniczenia dla tabeli `main_counter_translation`
--
ALTER TABLE `main_counter_translation`
  ADD CONSTRAINT `main_counter_translation_ibfk_1` FOREIGN KEY (`languages_id`) REFERENCES `languages` (`id`),
  ADD CONSTRAINT `main_counter_translation_ibfk_2` FOREIGN KEY (`main_counter_id`) REFERENCES `main_counter` (`id`);

--
-- Ograniczenia dla tabeli `main_facts_translation`
--
ALTER TABLE `main_facts_translation`
  ADD CONSTRAINT `main_facts_translation_ibfk_1` FOREIGN KEY (`main_facts_id`) REFERENCES `main_facts` (`id`),
  ADD CONSTRAINT `main_facts_translation_ibfk_2` FOREIGN KEY (`languages_id`) REFERENCES `languages` (`id`);

--
-- Ograniczenia dla tabeli `main_progress_heading_translation`
--
ALTER TABLE `main_progress_heading_translation`
  ADD CONSTRAINT `main_progress_heading_translation_ibfk_1` FOREIGN KEY (`languages_id`) REFERENCES `languages` (`id`);

--
-- Ograniczenia dla tabeli `main_progress_translation`
--
ALTER TABLE `main_progress_translation`
  ADD CONSTRAINT `main_progress_translation_ibfk_2` FOREIGN KEY (`languages_id`) REFERENCES `languages` (`id`);

--
-- Ograniczenia dla tabeli `main_references_translation`
--
ALTER TABLE `main_references_translation`
  ADD CONSTRAINT `main_references_translation_ibfk_1` FOREIGN KEY (`languages_id`) REFERENCES `languages` (`id`);

--
-- Ograniczenia dla tabeli `main_special_offer_translation`
--
ALTER TABLE `main_special_offer_translation`
  ADD CONSTRAINT `main_special_offer_translation_ibfk_1` FOREIGN KEY (`languages_id`) REFERENCES `languages` (`id`);

--
-- Ograniczenia dla tabeli `menu_translation`
--
ALTER TABLE `menu_translation`
  ADD CONSTRAINT `menu_translation_ibfk_1` FOREIGN KEY (`languages_id`) REFERENCES `languages` (`id`),
  ADD CONSTRAINT `menu_translation_ibfk_2` FOREIGN KEY (`menu_id`) REFERENCES `menu` (`id`);

--
-- Ograniczenia dla tabeli `offer`
--
ALTER TABLE `offer`
  ADD CONSTRAINT `offer_ibfk_1` FOREIGN KEY (`courses_id`) REFERENCES `courses` (`id`),
  ADD CONSTRAINT `offer_ibfk_2` FOREIGN KEY (`category_id`) REFERENCES `category` (`id`);

--
-- Ograniczenia dla tabeli `offer_special`
--
ALTER TABLE `offer_special`
  ADD CONSTRAINT `offer_special_ibfk_1` FOREIGN KEY (`languages_id`) REFERENCES `languages` (`id`);

--
-- Ograniczenia dla tabeli `references_category_translation`
--
ALTER TABLE `references_category_translation`
  ADD CONSTRAINT `references_category_translation_ibfk_1` FOREIGN KEY (`languages_id`) REFERENCES `languages` (`id`),
  ADD CONSTRAINT `references_category_translation_ibfk_2` FOREIGN KEY (`references_category_id`) REFERENCES `references_category` (`id`);

--
-- Ograniczenia dla tabeli `shop_buy_translation`
--
ALTER TABLE `shop_buy_translation`
  ADD CONSTRAINT `shop_buy_translation_ibfk_1` FOREIGN KEY (`languages_id`) REFERENCES `languages` (`id`);

--
-- Ograniczenia dla tabeli `shop_client_reservations`
--
ALTER TABLE `shop_client_reservations`
  ADD CONSTRAINT `shop_client_reservations_ibfk_1` FOREIGN KEY (`offer_id`) REFERENCES `offer` (`id`);

--
-- Ograniczenia dla tabeli `special_offer_2_translation`
--
ALTER TABLE `special_offer_2_translation`
  ADD CONSTRAINT `special_offer_2_translation_ibfk_1` FOREIGN KEY (`languages_id`) REFERENCES `languages` (`id`);

--
-- Ograniczenia dla tabeli `special_offer_3_translation`
--
ALTER TABLE `special_offer_3_translation`
  ADD CONSTRAINT `special_offer_3_translation_ibfk_1` FOREIGN KEY (`languages_id`) REFERENCES `languages` (`id`);
COMMIT;

/*!40101 SET CHARACTER_SET_CLIENT=@OLD_CHARACTER_SET_CLIENT */;
/*!40101 SET CHARACTER_SET_RESULTS=@OLD_CHARACTER_SET_RESULTS */;
/*!40101 SET COLLATION_CONNECTION=@OLD_COLLATION_CONNECTION */;
